Customer ID,Recency,Frequency,Monetary,Recency_log,Frequency_log,Monetary_log,Cluster,PCA1,PCA2,anomaly,anomaly_score
12346,326,12,77556.46,5.7899601708972535,2.5649493574615367,11.258774359980725,0,2.2665121191363977,2.432228386376907,Anomaly,-0.0775762872932867
12347,2,8,5633.32,1.0986122886681098,2.1972245773362196,8.63663174483544,0,2.362441654197551,-1.074867708773356,Normal,0.021460734123947556
12348,75,5,2019.4,4.330733340286331,1.791759469228055,7.6110507905938976,2,0.5616052116127337,0.25242625940594854,Normal,0.14476658938981174
12349,19,4,4428.69,2.995732273553991,1.6094379124341003,8.39608488316401,3,1.1958930592070833,-0.31564732819167174,Normal,0.0775596526493455
12350,310,1,334.4,5.739792912179234,0.6931471805599453,5.815323849389109,1,-1.5133680525166189,0.08993306169809256,Normal,0.14750896867221763
12351,375,1,300.93,5.929589143389895,0.6931471805599453,5.710195202428391,1,-1.6204949843078227,0.16314739252302474,Normal,0.16196757956230406
12352,36,10,2849.84,3.6109179126442243,2.3978952727983707,7.9553689666784315,0,1.4065297534989785,0.18034153995117935,Normal,0.12323930369239189
12353,204,2,406.76,5.3230099791384085,1.0986122886681098,6.010678766031786,1,-0.9843193142138247,0.06694511563369343,Normal,0.13575820857496307
12354,232,1,1079.4,5.4510384535657,0.6931471805599453,6.985086621918461,1,-0.9110081582226234,0.28083201332928975,Normal,0.08963316579032604
12355,214,2,947.61,5.3706380281276624,1.0986122886681098,6.854997755239065,2,-0.6323562634911115,0.34595908445256784,Normal,0.12690445431238462
12356,23,6,6373.68,3.1780538303479458,1.9459101490553132,8.76008917268833,0,1.5519349364268076,0.017038397094451884,Normal,0.08918159213929694
12357,33,3,18287.66,3.5263605246161616,1.3862943611198906,9.814036474622236,0,1.4710388360238724,0.31980753060744505,Anomaly,-0.0014924207597852845
12358,2,5,3887.07,1.0986122886681098,1.791759469228055,8.265668169533484,0,1.8917830308956776,-1.334328983272527,Normal,0.008480242765135482
12359,58,10,8935.94,4.07753744390572,2.3978952727983707,9.097948527696552,0,1.7527548147417387,0.7797383363097558,Normal,0.08862612595632463
12360,52,8,4252.89,3.970291913552122,2.1972245773362196,8.355589137409874,0,1.311383969310497,0.4249104051611939,Normal,0.12467581323976512
12361,287,4,511.25,5.662960480135946,1.6094379124341003,6.238812787119009,2,-0.6053961170234767,0.5097200196686609,Normal,0.1293171264243561
12362,3,11,5356.23,1.3862943611198906,2.4849066497880004,8.586202329437555,0,2.4668726351822015,-0.8259875210823452,Normal,0.05003212350146846
12363,110,2,552.0,4.709530201312334,1.0986122886681098,6.315358001522335,1,-0.6533368713825877,-0.1802218300032635,Normal,0.13617769110268751
12364,8,4,1313.1,2.1972245773362196,1.6094379124341003,7.180907299649593,3,0.9254213857558791,-1.1198327738999845,Normal,0.09332193074886691
12365,291,2,641.38,5.676753802268282,1.0986122886681098,6.465180028897591,1,-0.9009734772440465,0.3981100097833576,Normal,0.14249774763354106
12366,634,1,500.24,6.453624998892692,0.6931471805599453,6.217085028297085,1,-1.5694314395719635,0.6039211278978869,Normal,0.11681145884581451
12367,4,1,168.9,1.6094379124341003,0.6931471805599453,5.135210028677887,3,-0.4734262265991068,-2.3918007582279355,Anomaly,-0.012067217612396264
12368,628,1,917.6999999999999,6.444131256700441,0.6931471805599453,6.822959627277421,1,-1.3027420197443371,0.7800513646708386,Normal,0.08527254399527007
12369,413,3,1791.15,6.025865973825314,1.3862943611198906,7.491171295388921,2,-0.34805483886943966,1.0030957399360445,Normal,0.1279879312458681
12370,51,7,4320.31,3.9512437185814275,2.0794415416798357,8.371313876010715,2,1.234552738367617,0.3759985664549053,Normal,0.12120296422158688
12371,45,5,4067.38,3.828641396489095,1.791759469228055,8.31100016480189,2,1.0285458817319604,0.18501937906961047,Normal,0.10393121288894208
12372,72,3,1298.04,4.290459441148391,1.3862943611198906,7.169380809114136,2,0.07320750709869393,-0.05041427468501823,Normal,0.14494056072505468
12373,311,3,1127.65,5.7430031878094825,1.3862943611198906,7.028777507229587,2,-0.4577594931589893,0.7086634798896467,Normal,0.1375760250842476
12374,25,4,2989.2200000000003,3.258096538021482,1.6094379124341003,8.003102242273277,3,0.9400491346443697,-0.2885754489690519,Normal,0.0985373067171949
12375,11,2,457.5,2.4849066497880004,1.0986122886681098,6.127960291696519,3,-0.015374283383050998,-1.4633349678931733,Normal,0.07452151856060452
12376,390,2,503.15,5.968707559985366,1.0986122886681098,6.222873842839224,1,-1.1008273641669064,0.48660682141635014,Normal,0.15815225313523362
12377,315,4,3426.32,5.755742213586912,1.6094379124341003,8.139533893646055,2,0.19160862831074887,1.1298695976195448,Normal,0.08352941289719873
12378,130,2,5416.32,4.875197323201151,1.0986122886681098,8.597356507200939,2,0.2859904708843871,0.5942626730124423,Normal,0.044203798268035
12379,82,4,1620.22,4.418840607796598,1.6094379124341003,7.390934231218893,2,0.29827758836866625,0.16839551672440095,Normal,0.14345520758946734
12380,22,11,9676.300000000001,3.1354942159291497,2.4849066497880004,9.177538215743802,0,2.1584296527083247,0.31581790683304223,Normal,0.08606784599128697
12381,5,5,1845.31,1.791759469228055,1.791759469228055,7.520944331624911,3,1.3435686246382526,-1.1749465222528503,Normal,0.07575362979281841
12383,185,5,1850.56,5.225746673713202,1.791759469228055,7.523783805985769,2,0.23416470591714234,0.719957875805224,Normal,0.1241961634802134
12384,29,2,585.27,3.4011973816621555,1.0986122886681098,6.373780434317173,3,-0.20476866177900133,-0.8843589992327354,Normal,0.11380649361648687
12385,379,1,1938.4,5.940171252720432,0.6931471805599453,7.570133925870446,2,-0.8146493834133409,0.7257507642605439,Normal,0.06498743594320266
12386,338,2,660.8,5.82600010738045,1.0986122886681098,6.4949633954875114,1,-0.9362846701760394,0.4893440495178554,Normal,0.14473771098669735
12387,415,1,143.94,6.030685260261263,0.6931471805599453,4.976319863681136,1,-1.9725046841615104,-0.000775131155293949,Normal,0.15270734164109945
12388,16,8,3901.11,2.833213344056216,2.1972245773362196,8.269272711457157,0,1.641587608264412,-0.2280966620463212,Normal,0.10930732524157266
12389,403,3,1433.33,6.0014148779611505,1.3862943611198906,7.268453120207762,2,-0.4370524586805312,0.9229394907487697,Normal,0.13163843818957432
12390,80,1,549.84,4.394449154672439,0.6931471805599453,6.311444385858925,1,-0.8623850451146159,-0.5035943850130864,Normal,0.11312196869896973
12391,22,6,2773.42,3.1354942159291497,1.9459101490553132,7.928196995326099,0,1.2037395887345765,-0.25546009315862594,Normal,0.12414473745767857
12392,591,1,234.75000000000003,6.3835066348840055,0.6931471805599453,5.462771921513567,1,-1.8749585618815896,0.33944534407611043,Normal,0.13985384564055708
12393,72,6,2399.4500000000003,4.290459441148391,1.9459101490553132,7.783411498760109,2,0.7671974089932572,0.3382329418512918,Normal,0.14024542047009236
12394,64,2,1272.48,4.174387269895637,1.0986122886681098,7.149508589545504,3,-0.11731508343791466,-0.22568565287335712,Normal,0.12868330071515383
12395,19,15,5067.27,2.995732273553991,2.772588722239781,8.53075481547577,0,2.1416305362352306,0.15041987036312318,Normal,0.10222351067191054
12396,674,1,931.43,6.51471269087253,0.6931471805599453,6.837794081676172,1,-1.3191153215619238,0.8234219978480702,Normal,0.06804715950469242
12397,36,2,2409.9,3.6109179126442243,1.0986122886681098,7.7877554007552545,3,0.34262953705061266,-0.34541640280005437,Normal,0.07709772163261275
12398,46,1,1635.6599999999999,3.8501476017100584,0.6931471805599453,7.4004128587924045,3,-0.21252865882789695,-0.47783083264286985,Normal,0.0594267538148211
12399,119,7,1962.3,4.787491742782046,2.0794415416798357,7.582382009904704,2,0.6208207333191573,0.601076381902588,Normal,0.12721357737002503
12400,414,1,205.25,6.028278520230698,0.6931471805599453,5.32908902521479,1,-1.8182347539423591,0.10349772097304678,Normal,0.1595243398311516
12401,303,1,84.3,5.717027701406222,0.6931471805599453,4.446174454497633,1,-2.101728570835986,-0.33247382621284427,Normal,0.08964468370116341
12402,323,6,1256.9,5.780743515792329,1.9459101490553132,7.137198942844827,2,0.004031245123124175,0.9667742922774714,Normal,0.09862112418767999
12403,50,2,1019.36,3.9318256327243257,1.0986122886681098,6.927910785185701,3,-0.1352826909428543,-0.42580785405922483,Normal,0.1262200947774222
12404,682,1,63.24,6.52649485957079,0.6931471805599453,4.162626069638506,1,-2.486904217681988,0.029117623988030597,Normal,0.03054417190986536
12405,149,1,1710.39,5.0106352940962555,0.6931471805599453,7.445061184797548,2,-0.5684333946547673,0.17561458853017897,Normal,0.06562663457765994
12406,22,5,6390.36,3.1354942159291497,1.791759469228055,8.762702357276806,0,1.4492651856565888,-0.06207817144850193,Normal,0.07766678628165674
12407,50,5,1708.1200000000001,3.9318256327243257,1.791759469228055,7.4437338971514055,2,0.6178218072286679,-0.01768156542673241,Normal,0.14432909245931702
12408,33,8,4340.7699999999995,3.5263605246161616,2.1972245773362196,8.37603737805411,0,1.4638598732440842,0.18617615108047222,Normal,0.11651065082729861
12409,79,7,23419.29,4.382026634673881,2.0794415416798357,10.061358019654037,0,1.8305727049756013,1.119511039592228,Anomaly,-0.0007864824607439758
12410,309,3,1013.71,5.736572297479192,1.3862943611198906,6.9223581363660704,2,-0.5019831496161841,0.6732601524696848,Normal,0.14121626069721588
12411,410,1,346.9,6.018593214496234,0.6931471805599453,5.8519150821578965,1,-1.5876181905702886,0.2546619840863188,Normal,0.16973091618256886
12412,75,6,2596.93,4.330733340286331,1.9459101490553132,7.862470253064629,2,0.7885706363367064,0.38411245005909933,Normal,0.1342337814450672
12413,67,4,999.45,4.219507705176107,1.6094379124341003,6.908205177762502,2,0.15270926104240753,-0.08605218955523163,Normal,0.150041383527948
12414,217,6,952.41,5.384495062789089,1.9459101490553132,6.860045031492727,2,0.011597164299488717,0.6652538503824067,Normal,0.098948981208694
12415,24,28,144458.37,3.2188758248682006,3.367295829986474,11.88075357052652,0,3.9806470874119477,1.4939923544224392,Anomaly,-0.10192077097277963
12416,657,1,202.56,6.489204931325317,0.6931471805599453,5.315960801720632,1,-1.9730223091449615,0.35379699504015644,Normal,0.11305726819429351
12417,3,20,6816.91,1.3862943611198906,3.044522437723423,8.827308252258714,0,2.998601209117875,-0.548974137090423,Normal,0.027197248861485557
12418,113,4,2021.2,4.736198448394496,1.6094379124341003,7.6119413066572985,2,0.29179715962195574,0.40959557551197967,Normal,0.13792792976269103
12419,386,2,503.01,5.958424693029782,1.0986122886681098,6.222596109144375,1,-1.097622464948683,0.4808520513683774,Normal,0.1572420765824536
12420,64,1,600.39,4.174387269895637,0.6931471805599453,6.3992436425478765,3,-0.753009525604776,-0.5986895761277987,Normal,0.10075780959816866
12421,16,6,1098.6,2.833213344056216,1.9459101490553132,7.00270175629109,3,0.8988176113649488,-0.6992305512925664,Normal,0.11380104203843489
12422,96,17,5231.8,4.574710978503383,2.8903717578961645,8.562701786647002,0,1.7346824851723273,1.0739993660130678,Normal,0.06120124535163474
12423,1,10,2622.39,0.6931471805599453,2.3978952727983707,7.872222653526559,0,2.3140341626105765,-1.453877429499976,Normal,0.0039817968186425245
12424,163,4,3340.03,5.099866427824199,1.6094379124341003,8.114034421663943,2,0.3926407100594393,0.7604807183630364,Normal,0.1000363026654188
12425,78,2,1741.41,4.3694478524670215,1.0986122886681098,7.4630244913725114,2,-0.043990420152439,-0.024247807025371337,Normal,0.11010713863302807
12426,195,2,1345.21,5.278114659230517,1.0986122886681098,7.205048515865767,2,-0.4501230971838627,0.3997133479704593,Normal,0.11412530484431527
12427,22,3,1129.3,3.1354942159291497,1.3862943611198906,7.030238363196686,3,0.3862112976247952,-0.7291002283893344,Normal,0.1298460489034715
12428,26,9,7956.46,3.295836866004329,2.302585092994046,8.981865132439246,0,1.8823747291158828,0.2789464810470673,Normal,0.10491529905799629
12429,9,8,7485.91,2.302585092994046,2.1972245773362196,8.920911441322318,0,2.096737461209653,-0.32570470120977374,Normal,0.08423063971394296
12430,43,1,256.4,3.784189633918261,0.6931471805599453,5.5506312951620265,3,-0.9960448610028536,-1.0679368710748336,Normal,0.09940813214678507
12431,36,27,10857.97,3.6109179126442243,3.332204510175204,9.292746745527754,0,2.701032285687378,0.9226713938886749,Normal,0.022748507790504968
12432,43,5,5059.32,3.784189633918261,1.791759469228055,8.529185001388596,2,1.1378559731430935,0.2258144384459971,Normal,0.09225513857103224
12433,1,10,20581.26,0.6931471805599453,2.3978952727983707,9.93218481871349,0,3.2103334331423206,-0.8372343640521942,Anomaly,-0.0493372391752247
12434,85,3,1103.43,4.454347296253507,1.3862943611198906,7.007084643758051,2,-0.05041384983556744,-0.008602914421600816,Normal,0.145505220870857
12435,80,6,13925.93,4.394449154672439,1.9459101490553132,9.541579654832375,0,1.4985517443513126,0.9218916393585156,Normal,0.04717196054544459
12436,100,1,509.01,4.61512051684126,0.6931471805599453,6.234430333369278,1,-0.9672649919157017,-0.40493451348579734,Normal,0.1112527571491932
12437,2,39,12683.4,1.0986122886681098,3.6888794541139363,9.44812817095412,0,3.853221517416528,-0.28595060552246576,Anomaly,-0.028906853445625935
12438,14,2,2906.85,2.70805020110221,1.0986122886681098,7.9751692554798295,3,0.7161847260757133,-0.7873015458389191,Normal,0.04478864378627723
12439,683,2,1158.18,6.52795791762255,1.0986122886681098,7.055468137579511,2,-0.9194375378474687,1.0443021008390332,Normal,0.06913309954859537
12440,462,2,859.2,6.137727054086234,1.0986122886681098,6.757164920349636,1,-0.92302002409107,0.7397697514858016,Normal,0.13493367220883945
12441,367,1,347.1,5.908082938168931,0.6931471805599453,5.8524897948173935,1,-1.5516262774530503,0.19388083196676723,Normal,0.16011015495223901
12442,3,1,172.06,1.3862943611198906,0.6931471805599453,5.153638355178593,3,-0.39323763670007206,-2.5093616427101058,Anomaly,-0.030404650140669176
12443,732,1,485.31,6.597145701886651,0.6931471805599453,6.186846280636522,1,-1.6290067316675392,0.6740297198051272,Normal,0.09536244295079638
12444,21,5,5005.46,3.091042453358316,1.791759469228055,8.518484357502437,0,1.3573816183071823,-0.1597019176716671,Normal,0.08731306977912984
12445,22,2,434.98,3.1354942159291497,1.0986122886681098,6.077596370737269,3,-0.24770454019550794,-1.1195723291647437,Normal,0.09997865717040066
12446,58,1,1002.3100000000001,4.07753744390572,0.6931471805599453,6.9110598129904375,3,-0.4989921782122606,-0.49889766240475564,Normal,0.08128224031817632
12447,243,1,476.49,5.497168225293202,0.6931471805599453,6.168543217293113,1,-1.2812096007069644,0.06184576113843875,Normal,0.13007992560380838
12448,44,1,449.45,3.8066624897703196,0.6931471805599453,6.110247083097449,3,-0.7598216847104433,-0.8880225229450439,Normal,0.0971875163388507
12449,22,6,4835.89,3.1354942159291497,1.9459101490553132,8.484027231195778,0,1.4455839504266628,-0.08907409524679537,Normal,0.09530725594679995
12450,156,5,688.2,5.056245805348308,1.791759469228055,6.5355315046537745,2,-0.14100761865788486,0.33063760235803974,Normal,0.11752001290167208
12451,11,8,12669.88,2.4849066497880004,2.1972245773362196,9.447061726309741,0,2.266700476329389,-0.0676417884134993,Normal,0.05209475589095158
12452,17,2,430.57,2.8903717578961645,1.0986122886681098,6.067429722163682,3,-0.17284921785897653,-1.2578157418288465,Normal,0.09036144071621494
12453,134,1,707.09,4.90527477843843,0.6931471805599453,6.562571204258897,1,-0.9183326661165775,-0.14666873784466386,Normal,0.10667308820090082
12454,56,5,16679.78,4.04305126783455,1.791759469228055,9.72201243740933,0,1.573138345736674,0.7256615612264804,Normal,0.017898347829893968
12455,73,10,5879.95,4.30406509320417,2.3978952727983707,8.679473592468364,0,1.4974095513963983,0.7794130893332198,Normal,0.10314167385975292
12456,44,3,3181.04,3.8066624897703196,1.3862943611198906,8.065277779528966,2,0.6194888331155246,-0.04907406111979206,Normal,0.08360571506813624
12457,66,8,2995.91,4.204692619390966,2.1972245773362196,8.005337036835723,2,1.0831764355766813,0.44934991808561675,Normal,0.13025419090603246
12458,71,4,1777.49,4.276666119016055,1.6094379124341003,7.483519968656931,2,0.3845449501340983,0.11769281583499527,Normal,0.1460131110836152
12459,605,1,454.36,6.406879986069314,0.6931471805599453,6.121088314901487,1,-1.596081529085253,0.5494020801673279,Normal,0.131671978416308
12460,456,1,326.65,6.124683390894205,0.6931471805599453,5.791945965485506,1,-1.6480233159956708,0.2952256558951344,Normal,0.1633855601067717
12461,94,2,826.88,4.553876891600541,1.0986122886681098,6.718868216346018,2,-0.4274254047111234,-0.14528468193799549,Normal,0.13601613141996088
12462,19,2,1189.59,2.995732273553991,1.0986122886681098,7.082204261557526,3,0.23460769014989277,-0.8959334571515477,Normal,0.10519272837634203
12463,53,4,1344.78,3.9889840465642745,1.6094379124341003,7.204729049594601,2,0.35628545226412384,-0.1244366462166488,Normal,0.14359828999722457
12464,10,8,1212.05,2.3978952727983707,2.1972245773362196,7.100893128209941,3,1.2740131418322822,-0.8179519386466184,Normal,0.08411672005611587
12465,17,2,742.1899999999999,2.8903717578961645,1.0986122886681098,6.610951732080795,3,0.0636397765699326,-1.0951141718690827,Normal,0.10154257258901994
12466,682,1,56.73,6.52649485957079,0.6931471805599453,4.055776969072842,1,-2.5333947661553804,-0.00286731147663129,Normal,0.02780551502605999
12467,423,1,132.8,6.049733455231958,0.6931471805599453,4.896346147694128,1,-2.013462299802679,-0.014208759486986938,Normal,0.15209177396828644
12468,188,5,3670.74,5.241747015059643,1.791759469228055,8.208420943133293,2,0.526878638841845,0.9337269752855832,Normal,0.08914463464347405
12469,523,2,3070.54,6.261491684321042,1.0986122886681098,8.029934343472139,2,-0.4092606851362479,1.1890329740843881,Normal,0.04737861429783252
12470,690,1,211.95,6.53813982376767,0.6931471805599453,5.3610573963692225,1,-1.9692273649197816,0.39428710834625696,Normal,0.10907163918237184
12471,2,79,39963.79,1.0986122886681098,4.382026634673881,10.595754095448541,0,4.881226404323105,0.3113038281120895,Anomaly,-0.10771885719370689
12472,32,19,17880.59,3.4965075614664802,2.995732273553991,9.791526970948304,0,2.698427804487578,0.8857146373341159,Normal,0.015032603291514901
12473,29,5,3938.5499999999997,3.4011973816621555,1.791759469228055,8.278821782571185,0,1.15279125447619,-0.060374688410283976,Normal,0.09985577908747673
12474,17,31,12424.45,2.8903717578961645,3.4657359027997265,9.427502067612823,0,3.094553215968707,0.6144617964128721,Normal,0.024297960761386794
12475,54,2,1149.64,4.007333185232471,1.0986122886681098,7.048073588295634,3,-0.10742036340449124,-0.34819046142464577,Normal,0.12635665487435171
12476,16,23,14115.41,2.833213344056216,3.1780538303479458,9.555093229428618,0,2.949138421771036,0.5158276563608603,Normal,0.03757075919348496
12477,23,9,20276.37,3.1780538303479458,2.302585092994046,9.917260764877222,0,2.327463837648596,0.4939895996888273,Normal,0.020568922458451655
12478,4,1,680.99,1.6094379124341003,0.6931471805599453,6.525014994979364,3,0.13128448048534638,-1.9757671002908612,Anomaly,-0.002923904546187295
12479,11,1,527.2,2.4849066497880004,0.6931471805599453,6.269474999863032,3,-0.2630511843024317,-1.5693875123515488,Normal,0.04610372052443645
12480,28,7,5464.85,3.367295829986474,2.0794415416798357,8.606274923740443,0,1.525649099188481,0.1242503518839801,Normal,0.1060514540100384
12481,23,15,12361.39,3.1780538303479458,2.772588722239781,9.422414078014738,0,2.4706282343645567,0.5178967229759164,Normal,0.06572219953929093
12482,576,29,23691.4,6.3578422665081,3.4011973816621555,10.072909600590481,0,2.2046804284663506,2.6965616026489005,Anomaly,-0.09737689049477394
12483,17,19,5120.58,2.8903717578961645,2.995732273553991,8.541218264178296,0,2.3504524176611046,0.1771176917514856,Normal,0.08582399595194129
12484,33,12,6370.15,3.5263605246161616,2.5649493574615367,8.759535266023915,0,1.9111874654252279,0.43557524183628926,Normal,0.10478788530442812
12485,529,1,708.1,6.272877006546167,0.6931471805599453,6.563996560309951,1,-1.3600300642958785,0.6080743863289486,Normal,0.11578026571100075
12486,432,1,1037.28,6.07073772800249,0.6931471805599453,6.945320776868279,1,-1.1287370777193428,0.6107303660788331,Normal,0.1082173815140609
12487,731,1,285.29999999999995,6.595780513961311,0.6931471805599453,5.657040212104069,1,-1.8590863184679023,0.5146809880833773,Normal,0.10988930485199466
12488,10,3,1298.66,2.3978952727983707,1.3862943611198906,7.169857970780942,3,0.6855188325841628,-1.0941365709643078,Normal,0.10054423400891038
12489,336,1,334.93,5.820082930352362,0.6931471805599453,5.816902804925467,1,-1.53864888916522,0.13469058292721753,Normal,0.15090262249975223
12490,5,21,9823.64,1.791759469228055,3.091042453358316,9.192648794844782,0,3.061905896700274,-0.19894379476938168,Normal,0.04844860744651114
12491,39,1,460.40000000000003,3.6888794541139363,0.6931471805599453,6.134265345739653,3,-0.7112771756524311,-0.945797296101604,Normal,0.09747698747582112
12492,63,3,715.21,4.1588830833596715,1.3862943611198906,6.573973420047142,3,-0.14330189788025952,-0.3012199920016469,Normal,0.14193821700250264
12493,166,2,433.74,5.117993812416755,1.0986122886681098,6.0747481512447195,1,-0.8901349443539228,-0.026954900726544856,Normal,0.1311305516246165
12494,16,9,1872.8700000000001,2.833213344056216,2.302585092994046,7.535761090061292,0,1.4027923202796035,-0.40910535099999323,Normal,0.11470779465591219
12495,641,1,357.4,6.464588303689961,0.6931471805599453,5.881649681100775,1,-1.7189267574099714,0.5095565673778016,Normal,0.1229456532164504
12496,620,2,54.09,6.431331081933479,1.0986122886681098,4.008968211484625,1,-2.2137324563852547,0.07904649955078118,Normal,0.001735438472912798
12497,82,3,6248.5,4.418840607796598,1.3862943611198906,8.740256739530276,2,0.715181289725268,0.4906324772737514,Normal,0.06980811502098949
12498,21,3,403.70000000000005,3.091042453358316,1.3862943611198906,6.00314605188182,3,-0.04630458142928488,-1.0610748881812673,Normal,0.09089230661989689
12499,560,1,393.72,6.329720905522696,0.6931471805599453,5.9781766527810465,1,-1.6333078462037445,0.46406397063558297,Normal,0.14686527391972642
12500,23,19,5955.21,3.1780538303479458,2.995732273553991,8.692189651745124,0,2.3230970334836063,0.38098478711624806,Normal,0.08686308114506153
12501,337,1,2169.39,5.823045895483019,0.6931471805599453,7.682662153888476,2,-0.7278064802879893,0.6948339152413826,Normal,0.05615480076993651
12502,96,5,3723.87,4.574710978503383,1.791759469228055,8.222787230875806,2,0.7488660118549394,0.5701162209882007,Normal,0.1092399545032951
12503,584,1,1126.0,6.371611847231857,0.6931471805599453,7.027314514039777,1,-1.19037160917791,0.8012254454208666,Normal,0.0892186546337081
12504,18,4,779.05,2.9444389791664403,1.6094379124341003,6.659358020193259,3,0.4568245605648087,-0.8638223385069884,Normal,0.12541253343050274
12505,409,1,955.2,6.016157159698354,0.6931471805599453,6.862967096192003,1,-1.1469167999709367,0.5559735273390328,Normal,0.11424264747554169
12506,233,1,73.5,5.455321115357702,0.6931471805599453,4.310799125385514,1,-2.0759884053319637,-0.5173452187388317,Normal,0.07487271185203903
12507,134,4,1844.06,4.90527477843843,1.6094379124341003,7.520267076271057,2,0.19722565460867034,0.4754091473693364,Normal,0.13966057747583005
12508,26,2,398.27,3.295836866004329,1.0986122886681098,5.989637879766574,3,-0.33783461371043505,-1.0574636224194074,Normal,0.10466544492137758
12509,284,1,176.5,5.652489180268651,0.6931471805599453,5.178970608915471,1,-1.7620120916817266,-0.148710598258602,Normal,0.14238006484254845
12510,143,9,5178.02,4.969813299576001,2.302585092994046,8.552371128165808,2,1.1540930187426575,1.0736794289934508,Normal,0.07953597372674515
12511,429,1,3084.02,6.063785208687608,0.6931471805599453,8.034313419300645,2,-0.6526626112004845,0.9328820794032513,Normal,0.039147106848107516
12512,66,2,138.03,4.204692619390966,1.0986122886681098,4.9346897371814515,1,-1.0907947561733369,-0.8719693131762456,Normal,0.06466670710683187
12513,113,1,612.29,4.736198448394496,0.6931471805599453,6.418837907265026,1,-0.9261880884684024,-0.2829507977967925,Normal,0.11056344466634033
12514,267,2,1597.76,5.5909869805108565,1.0986122886681098,7.3769836077601205,2,-0.4765042460184256,0.623749827096484,Normal,0.1072453680650316
12515,353,1,383.7,5.869296913133774,0.6931471805599453,5.95246380975825,1,-1.4955827176240482,0.20241486262438485,Normal,0.14873406612122825
12516,78,4,2648.62,4.3694478524670215,1.6094379124341003,7.882171512471631,2,0.5279921320822791,0.2882026890766919,Normal,0.1284850066729344
12517,28,5,2502.84,3.367295829986474,1.791759469228055,7.825580832414862,3,0.9665486055333634,-0.21474969632445468,Normal,0.130424889681851
12518,1,5,2056.89,0.6931471805599453,1.791759469228055,7.629436465014086,3,1.7460934080214026,-1.7484217607452353,Anomaly,-0.003482629022892869
12519,64,2,726.54,4.174387269895637,1.0986122886681098,6.589668980352017,3,-0.36090394240580015,-0.39327184382693364,Normal,0.1335226843504781
12520,79,5,2634.26,4.382026634673881,1.791759469228055,7.876737127834484,2,0.6606170274591213,0.360250007686387,Normal,0.13402055891499093
12521,143,1,599.68,4.969813299576001,0.6931471805599453,6.39806234681208,1,-1.0107846574391588,-0.1603169866107112,Normal,0.1106283308077518
12522,39,2,192.72,3.6888794541139363,1.0986122886681098,5.266413817535028,3,-0.7796328567690561,-1.0571713485124248,Normal,0.0678894572089942
12523,19,23,4372.15,2.995732273553991,3.1780538303479458,8.383238852219565,0,2.3866962627116677,0.25467595836342244,Normal,0.057615265289409634
12524,9,17,11126.11,2.302585092994046,2.8903717578961645,9.317139751972052,0,2.7978056962932243,0.04662126732877845,Normal,0.06551792348713048
12525,498,3,973.73,6.212606095751519,1.3862943611198906,6.882160509570649,2,-0.6734348459170206,0.923788937453913,Normal,0.12692450017560447
12526,1,3,1316.66,0.6931471805599453,1.3862943611198906,7.183612715167257,3,1.2428627690920684,-2.030292188330534,Anomaly,-0.021840793424914073
12527,82,5,735.51,4.418840607796598,1.791759469228055,6.601922813543027,2,0.09403271483592947,-0.0010564049946519892,Normal,0.12471072178423676
12528,9,6,1933.48,2.302585092994046,1.9459101490553132,7.567593835498341,3,1.3162235867673218,-0.8228059220327942,Normal,0.10864478210835093
12529,528,1,316.48,6.270988431858299,0.6931471805599453,5.760414824222675,1,-1.709061460844715,0.3664831069648673,Normal,0.15246124967383223
12530,60,9,3759.26,4.110873864173311,2.302585092994046,8.232243382929433,0,1.2926069304384666,0.504092472915517,Normal,0.1248030508571697
12531,15,2,1933.2,2.772588722239781,1.0986122886681098,7.567449083282863,3,0.5179103426336905,-0.8737543214131118,Normal,0.06585183926143667
12532,30,1,349.83000000000004,3.4339872044851463,0.6931471805599453,5.860301775655642,3,-0.7480413394424708,-1.1683961097658957,Normal,0.09359999640338396
12533,628,2,1367.89,6.444131256700441,1.0986122886681098,7.221755471439273,2,-0.819973444765704,1.0478441395626756,Normal,0.07296185480816908
12534,131,1,1089.18,4.882801922586371,0.6931471805599453,6.9940980992041535,1,-0.7233049783533292,-0.029887703604545315,Normal,0.08847536840471476
12535,92,2,716.35,4.532599493153256,1.0986122886681098,6.575563866544399,3,-0.48289614890802696,-0.19991816863102246,Normal,0.13301205164986069
12536,43,3,12601.830000000002,3.784189633918261,1.3862943611198906,9.441676670894656,2,1.2256347906459542,0.3505513739424116,Normal,0.03191341018623117
12537,409,1,732.94,6.016157159698354,0.6931471805599453,6.598427281404094,1,-1.2620193232250418,0.4767843824699561,Normal,0.1325567474031149
12538,29,2,640.45,3.4011973816621555,1.0986122886681098,6.463731238695349,3,-0.1656306418141607,-0.857432514519256,Normal,0.11460299566405913
12539,22,7,11214.75,3.1354942159291497,2.0794415416798357,9.325074319439649,0,1.9133726894323302,0.21156784780873553,Normal,0.06506204515630654
12540,20,33,22254.49,3.044522437723423,3.5263605246161616,10.010343998731724,0,3.344532972152945,0.8961479544017237,Anomaly,-0.040296365143021706
12541,30,3,981.18,3.4339872044851463,1.3862943611198906,6.889774590946187,3,0.22855457142551952,-0.6065104303167125,Normal,0.13379511259410076
12542,484,2,481.88,6.184148890937483,1.0986122886681098,6.179768175579484,1,-1.1892620863437555,0.5925323765166424,Normal,0.1433688574915326
12543,448,1,980.25,6.1070228877422545,0.6931471805599453,6.888827269096618,1,-1.1650532195819163,0.6138327052625133,Normal,0.11061379100406349
12544,36,1,372.7,3.6109179126442243,0.6931471805599453,5.923453336491439,3,-0.7777877181977998,-1.05190376309194,Normal,0.09632178543945275
12545,75,2,1000.39,4.330733340286331,1.0986122886681098,6.9091443138264115,3,-0.27246503775004627,-0.2114034874936018,Normal,0.1385272881327408
12546,47,2,1161.5,3.871201010907891,1.0986122886681098,7.058328137461511,3,-0.05892992984213147,-0.4202060326384965,Normal,0.12741376774584762
12547,198,3,383.58,5.293304824724492,1.3862943611198906,5.952151829722441,1,-0.780760447127843,0.13834282830777708,Normal,0.11473534413565678
12548,166,1,95.19999999999999,5.117993812416755,0.6931471805599453,4.566429357671661,1,-1.855662196652851,-0.6268798109906376,Normal,0.07801635132825552
12549,576,6,1575.68,6.3578422665081,1.9459101490553132,7.363076649441731,2,-0.08433680986119085,1.3526953901883967,Normal,0.06383345295081855
12550,79,1,964.83,4.382026634673881,0.6931471805599453,6.872987835288763,3,-0.6140370761701059,-0.3423499360997903,Normal,0.09293718393539474
12551,358,1,168.0,5.883322388488279,0.6931471805599453,5.1298987149230735,1,-1.858020874507401,-0.036081450317104156,Normal,0.14269415438672084
12552,39,2,437.82,3.6888794541139363,1.0986122886681098,6.084089306213804,3,-0.4238583884705235,-0.8124028142152724,Normal,0.1159887318681419
12553,8,12,4608.75,2.1972245773362196,2.5649493574615367,8.435928904585275,0,2.200261405860691,-0.39439522123553256,Normal,0.09412050341334016
12554,449,1,468.5,6.1092475827643655,0.6931471805599453,6.1516682986483175,1,-1.4865140937238634,0.3943935880423495,Normal,0.1504208353561755
12555,682,1,129.23,6.52649485957079,0.6931471805599453,4.869302117979612,1,-2.1794261303002656,0.2406588319247506,Normal,0.09433041466492059
12556,50,2,603.71,3.9318256327243257,1.0986122886681098,6.404749004268278,3,-0.3629128535404395,-0.5824146547869294,Normal,0.12548332426290965
12557,16,8,18716.14,2.833213344056216,2.1972245773362196,9.837194960582092,0,2.3237979866349514,0.24125583307411408,Normal,0.02576951425209939
12558,8,1,269.96,2.1972245773362196,0.6931471805599453,5.601971208509516,3,-0.46044148941190377,-1.9278769256680734,Normal,0.03254618918164176
12559,311,2,561.71,5.7430031878094825,1.0986122886681098,6.33276439774036,1,-0.9800148915349183,0.39501241192326353,Normal,0.143154226108552
12560,5,3,2134.01,1.791759469228055,1.3862943611198906,7.666226609492505,3,1.0975310110960022,-1.2798712568081967,Normal,0.0483754732059305
12561,303,1,238.85,5.717027701406222,0.6931471805599453,5.480013727948073,1,-1.6519002184999079,-0.02299735643363561,Normal,0.13995455512632982
12562,8,9,4966.92,2.1972245773362196,2.302585092994046,8.510756520424078,0,2.0327124898027074,-0.46803038112660567,Normal,0.08885148255562053
12563,409,1,249.24,6.016157159698354,0.6931471805599453,5.522420457356946,1,-1.7301949760497728,0.15468519170013217,Normal,0.1662791218427741
12564,261,1,456.9,5.568344503761097,0.6931471805599453,6.12665081966305,1,-1.3224574117288677,0.08856348623683835,Normal,0.13794462410614783
12565,289,1,145.92,5.66988092298052,0.6931471805599453,4.989888220951467,1,-1.8499076669197643,-0.1957191924516767,Normal,0.13275192799172753
12566,86,1,351.65,4.465908118654584,0.6931471805599453,5.865476063654188,1,-1.079539627741881,-0.5976795732066517,Normal,0.12809457796152268
12567,23,15,13709.86,3.1780538303479458,2.772588722239781,9.525943498524859,0,2.5156743743616836,0.5488879228660367,Normal,0.054225199973939375
12568,645,1,70.0,6.470799503782602,0.6931471805599453,4.2626798770413155,1,-2.4253570292554376,0.028349007988986912,Normal,0.05294292070462092
12569,2,32,4124.69,1.0986122886681098,3.4965075614664802,8.324988557507531,0,3.2178149930188313,-0.6925737375725335,Anomaly,-0.025929701000061756
12570,682,1,77.52,6.52649485957079,0.6931471805599453,4.3633533694082605,1,-2.399566821199703,0.08920469720757444,Normal,0.061216060264462246
12571,40,2,519.61,3.713572066704308,1.0986122886681098,6.255001200981438,3,-0.357480038723514,-0.747621397589695,Normal,0.12418473907973054
12572,9,2,1020.42,2.302585092994046,1.0986122886681098,6.928949094989139,3,0.3921071889844989,-1.3241230522955405,Normal,0.07404833127158716
12573,227,5,717.41,5.429345628954441,1.791759469228055,6.577040436712936,2,-0.2436169221925536,0.5488505878103609,Normal,0.11008381195229916
12574,316,1,218.45,5.75890177387728,0.6931471805599453,5.391124416134243,1,-1.7041195252364174,-0.02650996934606752,Normal,0.13612408747273036
12575,457,2,622.8199999999999,6.126869184114185,1.0986122886681098,6.435861865217934,1,-1.0593087882420953,0.6375999319630739,Normal,0.14541109785042944
12576,36,8,2142.72,3.6109179126442243,2.1972245773362196,7.670297916647234,0,1.1294412749251252,0.02155388941247386,Normal,0.1327194633145311
12577,35,8,1653.75,3.58351893845611,2.1972245773362196,7.4114052189990325,2,1.0256573688080424,-0.07105702259098014,Normal,0.12826740064347025
12578,21,4,4642.45,3.091042453358316,1.6094379124341003,8.443212903418239,3,1.185572930962343,-0.2489703008509205,Normal,0.07766211385629146
12579,78,1,440.42,4.3694478524670215,0.6931471805599453,6.0899968031722285,1,-0.9506518733098335,-0.5836737589324708,Normal,0.12185849850731323
12580,247,2,1052.9,5.5134287461649825,1.0986122886681098,6.960252847939891,2,-0.6327414496678982,0.45622469134125954,Normal,0.1293336798345866
12581,40,1,197.71,3.713572066704308,0.6931471805599453,5.291846475417725,3,-1.085803829359565,-1.1843531930721094,Normal,0.0876783433392776
12582,239,4,1980.4,5.480638923341991,1.6094379124341003,7.59155894453893,2,0.04215758694738925,0.8140987290950247,Normal,0.12838181571131707
12583,3,27,14447.44,1.3862943611198906,3.332204510175204,9.578341729235134,0,3.544796229335686,-0.2188528986312299,Normal,0.0007843685866391059
12584,4,9,2338.15,1.6094379124341003,2.302585092994046,7.757542894498013,0,1.8950909399519194,-1.0177028344377903,Normal,0.07359214028393113
12585,234,2,2040.1,5.459585514144159,1.0986122886681098,7.621244157199997,2,-0.3277267282374111,0.6243924767158613,Normal,0.08851856705275385
12586,17,4,2062.67,2.8903717578961645,1.6094379124341003,7.632241230097758,3,0.8976173653827453,-0.6024142570747858,Normal,0.11688731074176961
12587,8,1,144.0,2.1972245773362196,0.6931471805599453,4.976733742420574,3,-0.7324852648924992,-2.1150397552761127,Normal,0.014555672166667422
12588,39,4,958.78,3.6888794541139363,1.6094379124341003,6.866704091532522,3,0.3062707052091768,-0.39114940895905675,Normal,0.14167616588176507
12589,29,8,4695.66,3.4011973816621555,2.1972245773362196,8.454606896777193,0,1.5385268072186904,0.14066053992475017,Normal,0.11460303003425948
12590,211,2,9864.26,5.356586274672012,1.0986122886681098,9.196774773912752,2,0.39110667810550903,1.039212118927466,Normal,0.008559326322273408
12591,317,3,1352.15,5.762051382780177,1.3862943611198906,7.210190486770758,2,-0.38498652263313066,0.7734751202923602,Normal,0.13005332312929158
12592,92,5,2582.66,4.532599493153256,1.791759469228055,7.856962277297855,2,0.6033137787888558,0.43738062960081076,Normal,0.133906788766063
12593,109,3,418.09999999999997,4.700480365792417,1.3862943611198906,6.038109554931026,1,-0.5516252257871471,-0.16290502541361818,Normal,0.11958984352332258
12594,38,15,5090.110000000001,3.6635616461296463,2.772588722239781,8.535251160425936,0,1.927593798643125,0.5201146666804374,Normal,0.09873296644809298
12595,505,1,299.02,6.226536669287466,0.6931471805599453,5.703849139100744,1,-1.7192966195102117,0.32503247911310224,Normal,0.15623853126152032
12596,51,2,618.27,3.9512437185814275,1.0986122886681098,6.428541364981557,3,-0.35884099114157164,-0.5645822234629396,Normal,0.1285950511879249
12597,19,4,3811.22,2.995732273553991,1.6094379124341003,8.245966975595675,3,1.1305760483798284,-0.36058464221906045,Normal,0.08060113146637976
12598,10,11,4534.09,2.3978952727983707,2.4849066497880004,8.419600207997298,0,2.067205628653272,-0.31789942837721846,Normal,0.10437746409258047
12599,29,13,2296.72,3.4011973816621555,2.6390573296152584,7.739672605902305,0,1.564443954311606,0.08837361130380117,Normal,0.10071128498410614
12600,29,21,5043.92,3.4011973816621555,3.091042453358316,8.526137075377541,0,2.2513700688487233,0.4892417105870456,Normal,0.06439368455908268
12601,190,6,681.26,5.25227342804663,1.9459101490553132,6.525410816864686,2,-0.09123990134816062,0.49215383644173527,Normal,0.09282235820940082
12602,59,1,153.12,4.0943445622221,0.6931471805599453,5.037731519757957,1,-1.3195220216909616,-1.0504023211846458,Normal,0.09371515708048617
12603,22,1,739.1999999999999,3.1354942159291497,0.6931471805599453,6.606920419952056,3,-0.32664376458798894,-1.109535391537126,Normal,0.06787749474149041
12604,79,2,254.18,4.382026634673881,1.0986122886681098,5.541969178493598,1,-0.8839189632072715,-0.592371582537077,Normal,0.10634410461528343
12605,376,4,1232.95,5.932245187448011,1.6094379124341003,7.117975685005857,2,-0.3099617557192904,0.9214216330491036,Normal,0.13303734973747788
12606,682,1,21.0,6.52649485957079,0.6931471805599453,3.091042453358316,1,-2.9531553119095104,-0.29165749372714006,Anomaly,-0.025204379713883007
12607,60,1,1579.51,4.110873864173311,0.6931471805599453,7.3655028587473295,3,-0.31204371382694884,-0.3444745156372412,Normal,0.07095898747239471
12608,405,1,415.79,6.0063531596017325,0.6931471805599453,6.03258249782888,1,-1.5050501972806556,0.30199305489558365,Normal,0.15995237219335973
12609,78,9,3435.86,4.3694478524670215,2.302585092994046,8.14231354282266,2,1.169848583657176,0.6197916661952272,Normal,0.1147603591918917
12610,23,5,2099.54,3.1780538303479458,1.791759469228055,7.6499497335130995,3,0.9513363927462858,-0.37170286366881367,Normal,0.13732818834389898
12611,52,1,1193.32,3.970291913552122,0.6931471805599453,7.085332264745334,3,-0.3884794606055687,-0.5058822460782715,Normal,0.07272870601224324
12612,74,1,704.0400000000001,4.31748811353631,0.6931471805599453,6.558254538791405,3,-0.7301056102471972,-0.472161288628467,Normal,0.10394210684897343
12613,57,10,6835.07,4.060443010546419,2.3978952727983707,8.829968284089432,0,1.641684122096501,0.6900906824047589,Normal,0.10989522490193226
12614,278,1,315.6,5.631211781821365,0.6931471805599453,5.757639147446912,1,-1.5033490211452425,0.012776182961877429,Normal,0.1548577696229903
12615,2,8,5740.98,1.0986122886681098,2.1972245773362196,8.655559377568013,0,2.3706771566246343,-1.0692017826378517,Normal,0.019980540590321616
12616,95,3,1131.1,4.564348191467836,1.3862943611198906,7.031829594084064,2,-0.07522431106862129,0.0594766426794749,Normal,0.1410156151663301
12617,29,1,355.53,3.4011973816621555,0.6931471805599453,5.876418387786464,3,-0.7304238570923693,-1.181657250586934,Normal,0.09291800435213349
12618,22,1,177.31,3.1354942159291497,0.6931471805599453,5.183523608545955,3,-0.9459704421848698,-1.535624660538048,Normal,0.05919658594059474
12619,16,10,3781.38,2.833213344056216,2.3978952727983707,8.238108720109691,0,1.7810807262562178,-0.16397295660975758,Normal,0.11349974311576677
12620,15,3,1339.41,2.772588722239781,1.3862943611198906,7.20073081629489,3,0.5777662981435056,-0.8782284815763306,Normal,0.11571094994868458
12621,2,35,24775.81,1.0986122886681098,3.58351893845611,10.117663414047277,0,4.064180380940221,-0.1240930401668575,Anomaly,-0.057186452222623196
12622,232,1,180.1,5.4510384535657,0.6931471805599453,5.199049364889368,1,-1.688121407034369,-0.25381250965806595,Normal,0.12964234085053228
12623,276,7,3747.84,5.6240175061873385,2.0794415416798357,8.229201737777698,2,0.6317012021660623,1.2560950210720623,Normal,0.07812736135914894
12624,106,2,641.13,4.672828834461906,1.0986122886681098,6.464790775403018,1,-0.5764478037004914,-0.15573266177245973,Normal,0.13231826638561967
12625,212,4,5164.88,5.3612921657094255,1.6094379124341003,8.549830744582277,2,0.4977059718109208,1.035127266609355,Normal,0.06782870632893123
12626,23,9,6620.48,3.1780538303479458,2.302585092994046,8.798074188898816,0,1.8405004707523227,0.15896468870620065,Normal,0.10988313660889037
12627,11,7,4478.53,2.4849066497880004,2.0794415416798357,8.407273409191232,0,1.7244498540127868,-0.42201182710805235,Normal,0.09630038335977653
12628,4,3,786.46,1.6094379124341003,1.3862943611198906,6.668812575758953,3,0.7225189123728885,-1.6790054608992095,Normal,0.05685040690857068
12629,386,2,1558.22,5.958424693029782,1.0986122886681098,7.3519409752019005,2,-0.6062391780453158,0.8189178138967063,Normal,0.1100818546342241
12630,10,2,1270.88,2.3978952727983707,1.0986122886681098,7.1482513998271635,3,0.45670090541358893,-1.2059062052283451,Normal,0.07208266323139279
12631,57,6,3481.57,4.060443010546419,1.9459101490553132,8.155525805954461,2,1.0034993052485495,0.32275600684406025,Normal,0.12674774288070745
12632,521,2,804.88,6.257667587882639,1.0986122886681098,6.691934848047708,1,-0.990193776380705,0.786397894091189,Normal,0.12547239573559227
12633,59,7,5678.16,4.0943445622221,2.0794415416798357,8.644558613454844,0,1.3071603377386574,0.5367223878364918,Normal,0.10811727893318057
12634,536,2,490.0,6.285998094508865,1.0986122886681098,6.19644412779452,1,-1.2149469409802753,0.653700347365966,Normal,0.13618848830165664
12635,90,4,2930.41,4.51085950651685,1.6094379124341003,7.983238814926674,2,0.5262308431877846,0.39645405607923756,Normal,0.1177206477716572
12636,739,1,141.0,6.606650186198215,0.6931471805599453,4.955827057601261,1,-2.1677030052445527,0.31077037032634686,Normal,0.08055729574827197
12637,67,12,8340.31,4.219507705176107,2.5649493574615367,9.028975557358438,0,1.8042406633024453,0.898544481337838,Normal,0.0810838794615566
12638,33,2,921.49,3.5263605246161616,1.0986122886681098,6.827076535747527,3,-0.048018351582436364,-0.6796311209973709,Normal,0.11617522740732261
12639,239,3,1312.37,5.480638923341991,1.3862943611198906,7.180351632015873,2,-0.3069535545075028,0.609326735849795,Normal,0.13028862791045692
12640,24,3,1174.58,3.2188758248682006,1.3862943611198906,7.06951692181073,3,0.37633383677782556,-0.6713522501361397,Normal,0.12623525808366953
12641,115,1,185.9,4.7535901911063645,0.6931471805599453,5.230573714461517,1,-1.4488323877078693,-0.6290612597273108,Normal,0.11625957856457769
12642,25,3,1013.26,3.258096538021482,1.3862943611198906,6.9219145615400475,3,0.2994263696044516,-0.6939039160296463,Normal,0.12804489210805742
12643,128,12,8350.42,4.859812404361672,2.5649493574615367,9.030186863266598,0,1.5976767738323836,1.2520743674096935,Normal,0.05708009263246472
12644,130,4,1918.49,4.875197323201151,1.6094379124341003,7.559814804737258,2,0.22416087725249595,0.470658073015462,Normal,0.13727450700611837
12645,34,8,3539.3,3.5553480614894135,2.1972245773362196,8.171966748299813,0,1.3656924664537031,0.14107666597228494,Normal,0.12623602593632677
12646,5,2,1346.97,1.791759469228055,1.0986122886681098,7.206355036031724,3,0.6780219107159567,-1.5228341135457513,Normal,0.03857919627082751
12647,22,36,17924.35,3.1354942159291497,3.6109179126442243,9.793971191079148,0,3.2854579553250933,0.9125049437427576,Anomaly,-0.02923445502455757
12648,155,4,1112.0,5.049856007249537,1.6094379124341003,7.014814351275545,2,-0.0694604854159466,0.40384890471398294,Normal,0.14187934692493137
12649,107,8,2294.65,4.68213122712422,2.1972245773362196,7.738771306795058,2,0.8127765567102138,0.6328909761075956,Normal,0.12554056024610277
12650,3,1,314.44,1.3862943611198906,0.6931471805599453,5.753968489569372,3,-0.132031158918063,-2.329654742939053,Anomaly,-0.017291529070207035
12651,335,4,377.75,5.817111159963204,1.6094379124341003,5.9368763568235785,1,-0.7866263611743517,0.5043598656596407,Normal,0.10453442365584265
12652,331,2,1017.03,5.805134968916488,1.0986122886681098,6.925624666224383,2,-0.7421535965636703,0.6067527166039371,Normal,0.13307847364840986
12653,149,3,4160.83,5.0106352940962555,1.3862943611198906,8.333710160372133,2,0.3468893982191163,0.6953451033466678,Normal,0.07600964093097518
12654,11,5,601.98,2.4849066497880004,1.791759469228055,6.401884028681278,3,0.6324786538609763,-1.127620481107836,Normal,0.07549047089620653
12655,424,1,261.35,6.052089168924417,0.6931471805599453,5.569679490132721,1,-1.721253679414464,0.18865073688858364,Normal,0.16775229683890186
12656,17,8,6407.83,2.8903717578961645,2.1972245773362196,8.765432005953489,0,1.8389823668967056,-0.04804660055887898,Normal,0.10007288835442313
12657,11,4,1643.18,2.4849066497880004,1.6094379124341003,7.4049970586737315,3,0.9298801504531538,-0.8940779286153616,Normal,0.11373977499785909
12658,19,1,686.05,2.995732273553991,0.6931471805599453,6.532407069777784,3,-0.3138622845954411,-1.2089280010153856,Normal,0.0656028756063276
12659,30,1,91.68,3.4339872044851463,0.6931471805599453,4.529152699564175,3,-1.3272305915720208,-1.5668713151464455,Normal,0.03923498280217019
12660,11,1,245.1,2.4849066497880004,0.6931471805599453,5.50573795739701,3,-0.5953567798172158,-1.7980097458184114,Normal,0.03924184608541692
12661,436,1,162.0,6.07993319509559,0.6931471805599453,5.093750200806762,1,-1.9373382327627744,0.061540517968016496,Normal,0.15367268563748648
12662,1,20,6988.02,0.6931471805599453,3.044522437723423,8.852095625112755,0,3.233567858031648,-0.9238672692483632,Anomaly,-0.014587693746066055
12663,625,2,239.4,6.439350371100098,1.0986122886681098,5.4823042026610525,1,-1.5752706491749011,0.5245080312761101,Normal,0.08437225893361239
12664,8,11,6070.04,2.1972245773362196,2.4849066497880004,8.711285203809107,0,2.2590211894043124,-0.3412666482021541,Normal,0.08583769506746197
12665,325,3,313.6,5.786897381366708,1.3862943611198906,5.751301990624177,1,-1.0277916320560214,0.35046562034607026,Normal,0.11124926213513137
12666,394,1,1248.42,5.978885764901122,0.6931471805599453,7.130434722615036,1,-1.0184858486491235,0.6154816446535973,Normal,0.0943815586887084
12667,58,1,620.13,4.07753744390572,0.6931471805599453,6.431540399799522,3,-0.7076333404201236,-0.6424402603654977,Normal,0.0997158303567996
12668,12,10,11444.68,2.5649493574615367,2.3978952727983707,9.345367645213216,0,2.349617757931682,0.019517419985745656,Normal,0.0692882533380742
12669,151,3,2744.0299999999997,5.0238805208462765,1.3862943611198906,7.917547282845659,2,0.1615311185436921,0.5780736354243009,Normal,0.10511805609854813
12670,10,7,3760.29,2.3978952727983707,2.0794415416798357,8.232517262650086,0,1.6765543362037107,-0.5223166262190526,Normal,0.10141093540836421
12671,606,1,2622.481,6.408528791059498,0.6931471805599453,7.872257340866884,2,-0.8346728780977579,1.0745183270553105,Normal,0.03467063817330018
12672,330,2,437.05,5.802118375377063,1.0986122886681098,6.082333059112373,1,-1.1080981154289424,0.35265224321215866,Normal,0.14040249889117812
12673,5,3,1230.02,1.791759469228055,1.3862943611198906,7.115598373006169,3,0.8579500639128784,-1.4447000528935017,Normal,0.06759437096343646
12674,39,4,1970.6,3.6888794541139363,1.6094379124341003,7.586600674831223,3,0.6195011098124419,-0.17565067629645395,Normal,0.1341988254514641
12675,554,2,958.5,6.318968113746434,1.0986122886681098,6.8664123154477545,1,-0.9341039656151686,0.8724381612951008,Normal,0.11085275356608604
12676,25,11,2843.09,3.258096538021482,2.4849066497880004,7.952998435992042,0,1.5859738789655553,0.016878547156292993,Normal,0.12052587475945287
12677,555,2,395.1,6.320768294250582,1.0986122886681098,5.981666704627871,1,-1.3196431854032982,0.6085853109872453,Normal,0.13242058040043136
12678,42,21,34281.18,3.7612001156935624,3.091042453358316,10.44238096462203,0,2.9687027366360823,1.2614267433974347,Anomaly,-0.03863743223434746
12679,59,4,1113.02,4.0943445622221,1.6094379124341003,7.015730373647435,2,0.23997494695358867,-0.12290001164717773,Normal,0.1511961405585508
12680,1,4,880.81,0.6931471805599453,1.6094379124341003,6.781976613299544,3,1.2383019006006672,-2.0688422634464394,Anomaly,-0.021748806333055204
12681,15,45,30868.28,2.772588722239781,3.828641396489095,10.337516793609044,0,3.8053891233870836,0.9547434217850262,Anomaly,-0.06721606203689134
12682,4,52,24033.91,1.6094379124341003,3.970291913552122,10.087262635781837,0,4.18073279195191,0.2901307630705565,Anomaly,-0.056030352721716525
12683,4,21,12696.78,1.6094379124341003,3.091042453358316,9.449182454017226,0,3.2324923635384932,-0.22271277986154972,Normal,0.031074995690974272
12684,8,7,2283.63,2.1972245773362196,2.0794415416798357,7.733959364615189,0,1.524531480275179,-0.7822405210864827,Normal,0.1108935536985341
12685,28,6,2863.08,3.367295829986474,1.9459101490553132,7.960002460651312,0,1.1426077198162101,-0.11808643200084239,Normal,0.12829296797237072
12686,372,1,178.28,5.921578419643816,0.6931471805599453,5.188948829492672,1,-1.8447008706730679,0.0026955579107480828,Normal,0.1525435899864801
12687,481,2,2138.91,6.1779441140506,1.0986122886681098,7.668519051056749,2,-0.5394927629835337,1.034762860189988,Normal,0.0785066936871317
12688,114,1,4873.8099999999995,4.74493212836325,0.6931471805599453,8.491836408313453,2,-0.027041342335431214,0.34241181275375154,Normal,0.014272531932413401
12689,26,2,1247.61,3.295836866004329,1.0986122886681098,7.1297862115656185,3,0.15824931217891988,-0.7161638770806682,Normal,0.10861037367488074
12690,206,1,389.01,5.332718793265369,0.6931471805599453,5.966172379820607,1,-1.3160749512466594,-0.0894372406010045,Normal,0.1301950419627898
12691,28,7,1170.4,3.367295829986474,2.0794415416798357,7.065954893655682,3,0.8554485767312522,-0.3368395075192843,Normal,0.1148266731840848
12692,637,1,110.95,6.45833828334479,0.6931471805599453,4.718052343044764,1,-2.2231920401002423,0.15779016796357287,Normal,0.09530009469921441
12693,127,7,1703.02,4.852030263919617,2.0794415416798357,7.4407454444095835,2,0.5383205842867644,0.5942748803541681,Normal,0.12021988143968582
12694,70,3,1843.35,4.2626798770413155,1.3862943611198906,7.519882190878127,2,0.23469693659038682,0.039185057279638655,Normal,0.1429318132065157
12695,7,7,1407.1200000000001,2.0794415416798357,2.0794415416798357,7.2500107603590775,3,1.3520572056149278,-0.9920735462069368,Normal,0.08791597552341912
12696,435,2,851.91,6.077642243349034,1.0986122886681098,6.748654031960281,1,-0.9072901856061542,0.7040815886632253,Normal,0.14231485653616727
12697,29,3,957.59,3.4011973816621555,1.3862943611198906,6.865463454791294,3,0.2285817494923186,-0.6318734878881457,Normal,0.13610866169321573
12698,590,1,339.75,6.3818160174060985,0.6931471805599453,5.831149070576642,1,-1.7141291349166645,0.44878538267692614,Normal,0.14583756631552303
12699,418,1,638.11,6.037870919922137,0.6931471805599453,6.460076583537422,1,-1.3292391515421507,0.44734601450379485,Normal,0.14122949705848264
12700,8,4,4939.99,2.1972245773362196,1.6094379124341003,8.505320994961897,0,1.5016800418865608,-0.7233737831474559,Normal,0.053381115897531806
12701,80,6,2446.41,4.394449154672439,1.9459101490553132,7.802785601512003,2,0.7419942366775925,0.4013892178373174,Normal,0.13329841369234052
12702,20,1,219.0,3.044522437723423,0.6931471805599453,5.393627546352362,3,-0.8251306238341833,-1.522907232096266,Normal,0.05963657011289436
12703,71,4,1006.53,4.276666119016055,1.6094379124341003,6.915257070052459,2,0.13729107814697708,-0.05241485978044734,Normal,0.15135245220518878
12704,7,8,2340.84,2.0794415416798357,2.1972245773362196,7.758692224146705,0,1.6632207267897074,-0.7966886401779446,Normal,0.10007185158044934
12705,15,14,11762.1,2.772588722239781,2.70805020110221,9.372722792156985,0,2.530921209735022,0.25575956500679103,Normal,0.0759546315369416
12707,292,1,603.42,5.680172609017068,0.6931471805599453,6.404269320519532,1,-1.2378323629166963,0.233347747755535,Normal,0.12293621045870617
12708,30,18,5314.1,3.4339872044851463,2.9444389791664403,8.5783071052745,0,2.1516490963783945,0.46928220069581855,Normal,0.08362020650257523
12709,15,34,31093.34,2.772588722239781,3.5553480614894135,10.344781088035354,0,3.600107420698448,0.8568829734232088,Anomaly,-0.05651921928293602
12710,97,3,1149.02,4.584967478670572,1.3862943611198906,7.047534612510416,2,-0.07505978877943129,0.07555069019851823,Normal,0.1392629657600024
12711,612,2,1339.05,6.418364935936212,1.0986122886681098,7.200462205681664,2,-0.8209047574298831,1.0272583636649417,Normal,0.07881228742563795
12712,29,21,7193.66,3.4011973816621555,3.091042453358316,8.881094363166692,0,2.405813661790379,0.5954970359247662,Normal,0.06605975817671317
12713,1,1,848.55,0.6931471805599453,0.6931471805599453,6.744706797531768,3,0.5232253055751674,-2.4153935616034174,Anomaly,-0.07640145854071223
12714,9,12,14093.71,2.302585092994046,2.5649493574615367,9.553554828664682,0,2.6524694372759874,-0.0017247045169431034,Normal,0.046955083989044466
12715,106,1,353.86,4.672828834461906,0.6931471805599453,5.871723345495433,1,-1.1437448634890115,-0.48168001260175314,Normal,0.12543273588516263
12716,4,2,1053.49,1.6094379124341003,1.0986122886681098,6.960812516706486,3,0.6301526601900654,-1.6968979919273905,Normal,0.03401095976273616
12717,151,3,1308.91,5.0238805208462765,1.3862943611198906,7.17771371154501,2,-0.16037396373314317,0.3566068293644853,Normal,0.13498822717198355
12718,71,1,238.25,4.276666119016055,0.6931471805599453,5.477509030333064,1,-1.1871402087932272,-0.8181948213104854,Normal,0.10826536672280973
12719,5,2,644.95,1.791759469228055,1.0986122886681098,6.47072210140631,3,0.35794454530276615,-1.7430434724931758,Normal,0.041371580296876376
12720,3,30,8260.67,1.3862943611198906,3.4339872044851463,9.019382025256323,0,3.3792204799510586,-0.3489196397950655,Normal,0.007901183171160509
12721,32,8,4013.08,3.4965075614664802,2.1972245773362196,8.297563459401823,0,1.4393707131346427,0.1462194964400435,Normal,0.12001069759444194
12722,85,4,997.63,4.454347296253507,1.6094379124341003,6.906384339674138,2,0.0759638690844329,0.04293117607702931,Normal,0.14925376723581413
12723,4,5,725.07,1.6094379124341003,1.791759469228055,6.587646428909591,3,0.996453757443051,-1.5548877682187578,Normal,0.046631017358382154
12724,5,7,2317.52,1.791759469228055,2.0794415416798357,7.748684330061293,0,1.6620761800006625,-1.001471507782184,Normal,0.0895981855926059
12725,371,4,2694.56,5.918893854273146,1.6094379124341003,7.899361253965079,2,0.034340960057449264,1.1479628177602734,Normal,0.10661687210051851
12726,28,11,4014.6,3.367295829986474,2.4849066497880004,8.297942054817371,0,1.700742630216705,0.18036641510025908,Normal,0.12130458895084262
12727,11,10,5679.53,2.4849066497880004,2.3978952727983707,8.644799817221259,0,2.0706852471972055,-0.23434377084245692,Normal,0.09740696292021556
12728,71,5,1070.17,4.276666119016055,1.791759469228055,6.97650678801018,2,0.30299884185635234,0.032656161673404446,Normal,0.14196532260899586
12729,114,1,453.01,4.74493212836325,0.6931471805599453,6.118119224230488,1,-1.059856903949964,-0.3681528110223215,Normal,0.11926416380494326
12730,522,1,829.25,6.259581464064923,0.6931471805599453,6.721726860256856,1,-1.287100746715285,0.64795713903793,Normal,0.11163849925012403
12731,24,17,25775.71,3.2188758248682006,2.8903717578961645,10.157226650040503,0,2.866979590854264,0.8034890827260145,Normal,0.0019966993823669066
12732,180,1,236.26000000000002,5.198497031265826,0.6931471805599453,5.469156586232957,1,-1.488918116717436,-0.31224885202516134,Normal,0.12234722831294276
12733,234,4,2424.87,5.459585514144159,1.6094379124341003,7.793945501918165,2,0.13702614585129833,0.8630702502319678,Normal,0.1199810236173357
12734,353,3,639.65,5.869296913133774,1.3862943611198906,6.462483285955585,2,-0.7450034087950925,0.608803851508644,Normal,0.14031337671259486
12735,315,2,779.5699999999999,5.755742213586912,1.0986122886681098,6.660024422032584,1,-0.8417426359114645,0.5000030037749502,Normal,0.1409436797977886
12736,333,1,234.0,5.811140992976701,0.6931471805599453,5.459585514144159,1,-1.691227279057731,0.022796771755827373,Normal,0.14368181410921405
12737,499,2,3710.5,6.214608098422191,1.0986122886681098,8.219191386557602,2,-0.3117506994193371,1.2198272916707904,Normal,0.03873880994495771
12738,372,1,310.7,5.921578419643816,0.6931471805599453,5.7420411867732915,1,-1.604047772890412,0.16826198065051304,Normal,0.16354173482094347
12739,78,4,2726.73,4.3694478524670215,1.6094379124341003,7.911225040458104,2,0.5406334593749513,0.2968997694708972,Normal,0.12720737461765624
12740,64,1,427.6,4.174387269895637,0.6931471805599453,6.060524083039477,3,-0.9003880062550081,-0.7000841895980069,Normal,0.11409316246247386
12741,529,2,406.07,6.272877006546167,1.0986122886681098,6.008985160825971,1,-1.2922675273675004,0.5903480228075362,Normal,0.1343561379629154
12742,626,1,1201.52,6.440946540632921,0.6931471805599453,7.092174633858238,1,-1.1845752797335383,0.8588834471035439,Normal,0.06474193986839127
12743,134,2,546.43,4.90527477843843,1.0986122886681098,6.305234599635373,1,-0.7210504195556189,-0.07528710651480505,Normal,0.13756019974561168
12744,52,11,25317.06,3.970291913552122,2.4849066497880004,10.139273254049405,0,2.306890161687723,1.0641522996886932,Normal,0.006084662744694547
12745,487,3,925.41,6.1903154058531475,1.3862943611198906,6.8313169012337,2,-0.6883477602642524,0.8962743847495457,Normal,0.1308335607539075
12746,541,1,254.55,6.295266001439646,0.6931471805599453,5.543418085214289,1,-1.8113297548234797,0.3149163968877066,Normal,0.1491119348109245
12747,2,26,9276.539999999999,1.0986122886681098,3.295836866004329,9.135351704431791,0,3.417355109008319,-0.5234466755875529,Normal,0.002452751072623216
12748,1,336,56599.39,0.6931471805599453,5.820082930352362,10.9437711546269,0,6.260602050369885,0.7182220424052822,Anomaly,-0.15436557181901756
12749,4,9,6897.36,1.6094379124341003,2.302585092994046,8.839038981175287,0,2.3656549968814864,-0.6939604505101045,Normal,0.058436930997031844
12750,129,1,275.88,4.867534450455582,0.6931471805599453,5.623584199327089,1,-1.3146841598913308,-0.448567589311771,Normal,0.1293530388907974
12751,445,1,268.27,6.100318952020064,0.6931471805599453,5.595714593686387,1,-1.72552442960556,0.22304594296736518,Normal,0.16339764405476526
12752,81,1,4366.78,4.406719247264253,0.6931471805599453,8.38201014985595,2,0.03455943924327659,0.12299054181220534,Normal,0.02239731446375226
12753,23,6,21429.39,3.1780538303479458,1.9459101490553132,9.972565287088774,0,2.0794890222445273,0.37998923211537466,Normal,0.0014651183584613037
12754,236,3,3010.74,5.4680601411351315,1.3862943611198906,8.010273263812737,2,0.05821756875864554,0.8508231444677494,Normal,0.08320045834051726
12755,281,11,9030.66,5.641907070938114,2.4849066497880004,9.108491461188263,2,1.3177489908446194,1.6775892886147283,Normal,0.03043012299082959
12756,87,1,112.07999999999998,4.477336814478207,0.6931471805599453,4.72809553282539,1,-1.5781156032076995,-0.9318471599991137,Normal,0.09561547923223573
12757,16,13,7857.1,2.833213344056216,2.6390573296152584,8.969300125921881,0,2.2831612784523343,0.14318065639387037,Normal,0.10697714541874437
12758,117,7,9903.24,4.770684624465665,2.0794415416798357,9.200718227264051,2,1.3304023198546415,1.0762499808268067,Normal,0.051339885927512485
12759,52,8,5020.74,3.970291913552122,2.1972245773362196,8.521531766174993,0,1.3835863910956563,0.4745847987105049,Normal,0.11938533000167834
12760,456,1,347.8,6.124683390894205,0.6931471805599453,5.8544986920348245,1,-1.6208063291386143,0.3139506139081319,Normal,0.1615261080884055
12761,458,2,782.95,6.129050210060545,1.0986122886681098,6.664345242806459,1,-0.9605999908001298,0.7071986675148914,Normal,0.14190737772157286
12762,8,2,1898.52,2.1972245773362196,1.0986122886681098,7.549356501658852,3,0.6961256712580756,-1.1965188673541118,Normal,0.05067776910786448
12763,138,2,814.16,4.9344739331306915,1.0986122886681098,6.703384412991211,2,-0.5572573089303161,0.06000288619590281,Normal,0.14048965216393677
12764,317,1,1693.88,5.762051382780177,0.6931471805599453,7.435367220848186,2,-0.8156784868772028,0.5871647583222429,Normal,0.06664545769107766
12765,472,6,1404.58,6.159095388491933,1.9459101490553132,7.248205307972568,2,-0.07003804409000769,1.2086879383298945,Normal,0.0808824619766606
12766,4,9,10068.28,1.6094379124341003,2.302585092994046,9.217244483652921,0,2.530213997872184,-0.5807458466895224,Normal,0.036907574839617485
12767,376,1,949.82,5.932245187448011,0.6931471805599453,6.857324770182772,1,-1.1222325223259388,0.5080019195336034,Normal,0.10838524330414534
12768,451,1,168.69000000000003,6.113682179832232,0.6931471805599453,5.133973242984735,1,-1.9307522828635657,0.09219579014132034,Normal,0.15302279341552222
12769,239,1,1143.6,5.480638923341991,0.6931471805599453,7.042810509975002,1,-0.8954657716386802,0.3144379473098191,Normal,0.08487377619137126
12770,211,2,3246.45,5.356586274672012,1.0986122886681098,8.085625351967414,2,-0.09235968509878864,0.7065931042201121,Normal,0.050983477245284514
12771,486,1,282.3,6.18826412308259,0.6931471805599453,5.646506406836471,1,-1.7318683918470155,0.28675746123887386,Normal,0.15561538511542594
12772,60,1,892.47,4.110873864173311,0.6931471805599453,6.795112758210396,3,-0.5602231414250227,-0.5152189623267489,Normal,0.08781644194987415
12773,564,1,124.25,6.336825731146441,0.6931471805599453,4.830311739964974,1,-2.1350471754733986,0.12437303830793892,Normal,0.13209756083484114
12774,536,1,98.7,6.285998094508865,0.6931471805599453,4.602165676967792,1,-2.2178756462736717,0.02804368947585155,Normal,0.11473021251818721
12775,17,7,1686.12,2.8903717578961645,2.0794415416798357,7.430778212203509,3,1.168434382581807,-0.4906836737056166,Normal,0.1327877076910337
12776,668,1,55.5,6.505784060128229,0.6931471805599453,4.034240638152395,1,-2.5360669226597774,-0.020737418291962163,Normal,0.027509599872354906
12777,458,1,519.45,6.129050210060545,0.6931471805599453,6.254693821961477,1,-1.448091878481648,0.436156310569453,Normal,0.1455427682067888
12778,20,9,1775.68,3.044522437723423,2.302585092994046,7.482501733154052,0,1.3112761511069735,-0.3084984524462037,Normal,0.12074668829713314
12779,38,14,6722.2699999999995,3.6635616461296463,2.70805020110221,8.81332992230519,0,1.999363272669644,0.5797332788224634,Normal,0.10051788872707679
12780,599,1,337.4,6.396929655216146,0.6931471805599453,5.824228627732068,1,-1.7220283897393327,0.45504986787237456,Normal,0.13903033042070945
12781,64,2,826.74,4.174387269895637,1.0986122886681098,6.718699095412067,3,-0.3047623297298921,-0.35464709283375756,Normal,0.13638707053127425
12782,5,11,4618.24,1.791759469228055,2.4849066497880004,8.437985468379317,0,2.271244980982553,-0.6467169050739531,Normal,0.07425666601088698
12783,2,6,2225.91,1.0986122886681098,1.9459101490553132,7.708370253328926,0,1.7668717033069545,-1.44472974542609,Normal,0.026622700882205863
12784,9,3,1804.75,2.302585092994046,1.3862943611198906,7.4987312969309565,3,0.8594389230983535,-1.0482588015337475,Normal,0.09772715753658351
12785,364,3,1100.4,5.8998973535824915,1.3862943611198906,7.004337376828381,2,-0.5191370997724544,0.7878841536455937,Normal,0.14192892864251455
12786,610,1,728.5,6.415096959171596,0.6931471805599453,6.592359367962841,1,-1.393686846832517,0.6950077222652025,Normal,0.1046304596787288
12787,10,4,862.18,2.3978952727983707,1.6094379124341003,6.760623244074023,3,0.6776517665249019,-1.1349612700481782,Normal,0.11039799323931593
12788,463,4,444.9,6.139884552226255,1.6094379124341003,6.100094711633431,1,-0.820002463365024,0.7312480649824857,Normal,0.1054601879835208
12789,65,3,273.35,4.189654742026425,1.3862943611198906,5.614404663504985,3,-0.5707671397179802,-0.5714913650832597,Normal,0.08129361282402747
12790,192,2,591.85,5.262690188904886,1.0986122886681098,6.38494141590408,1,-0.8019669024008881,0.14570937789463606,Normal,0.1351380733885436
12791,374,6,1056.1100000000001,5.926926025970411,1.9459101490553132,6.96329404857284,2,-0.1189147627230524,0.9953450339042387,Normal,0.09357334657892064
12792,257,2,827.01,5.552959584921617,1.0986122886681098,6.719025231607016,1,-0.750486010654808,0.4058176586885969,Normal,0.14005992600409567
12793,335,3,1017.33,5.817111159963204,1.3862943611198906,6.925919309609807,2,-0.5264819965968286,0.7187482970992172,Normal,0.14319680766069226
12794,53,2,860.41,3.9889840465642745,1.0986122886681098,6.758570581561217,3,-0.22744990814947222,-0.4449729323012739,Normal,0.12954058358356657
12795,19,1,430.48,2.995732273553991,0.6931471805599453,6.067221159507229,3,-0.5162668719628541,-1.348179910861177,Normal,0.074204571293078
12796,628,1,381.0,6.444131256700441,0.6931471805599453,5.945420608606575,1,-1.6845633927725392,0.5173628747227119,Normal,0.1300871717174822
12797,366,2,806.11,5.905361848054571,1.0986122886681098,6.69345996629198,1,-0.8755854933569323,0.5925362251987224,Normal,0.1433375933232004
12798,10,4,8510.93,2.3978952727983707,1.6094379124341003,9.049223987863401,0,1.6734327628281445,-0.4498759796063063,Normal,0.04273432895450502
12799,529,1,219.35,6.272877006546167,0.6931471805599453,5.395217191287996,1,-1.8685714897505876,0.2582040318506562,Normal,0.14598916788970395
12800,470,3,584.25,6.154858094016418,1.3862943611198906,6.3720391063710204,1,-0.8767138961898461,0.7392341696591995,Normal,0.13144580901862074
12801,501,1,1071.82,6.218600119691729,0.6931471805599453,6.978045974597571,1,-1.1623206729882978,0.702081720454958,Normal,0.09938194114620852
12802,187,7,2416.42,5.236441962829949,2.0794415416798357,7.7904561347426675,2,0.5661527717931641,0.9109862659124034,Normal,0.10197361038261749
12803,393,1,1092.81,5.976350909297934,0.6931471805599453,6.997422293310083,1,-1.075540347861994,0.5742666724420291,Normal,0.11123356707239207
12804,466,2,327.02,6.1463292576688975,1.0986122886681098,5.793074582134963,1,-1.3452824580652372,0.4559170442035537,Normal,0.144017836193282
12805,382,4,1434.95,5.948034989180646,1.6094379124341003,7.269581930060472,2,-0.24910398839018083,0.9755135195322505,Normal,0.12870882681048562
12806,435,4,2878.96,6.077642243349034,1.6094379124341003,7.9655316841446515,2,0.011788733157050958,1.2553301899282365,Normal,0.09696926797627564
12807,383,1,330.35,5.950642552587727,0.6931471805599453,5.803175218534236,1,-1.5868481516049573,0.20259290757379173,Normal,0.1631699327908745
12808,37,5,906.1,3.6375861597263857,1.791759469228055,6.810252697620898,3,0.4373557237994334,-0.369603233331956,Normal,0.13007604838151016
12809,178,3,1755.94,5.187385805840755,1.3862943611198906,7.471328938486188,2,-0.08550238691909191,0.534682791409049,Normal,0.12367693900802984
12810,535,2,534.99,6.284134161070802,1.0986122886681098,6.284115504180345,1,-1.1761978671053097,0.678916419092141,Normal,0.13683404403839744
12811,261,5,1033.9,5.568344503761097,1.791759469228055,6.942060082674128,2,-0.12975094477796212,0.734784446407931,Normal,0.12082416856080358
12812,45,1,229.64000000000001,3.828641396489095,0.6931471805599453,5.440858053330147,3,-1.0581845553367584,-1.076279267363773,Normal,0.09792255417182161
12813,502,3,1687.8,6.220590170099739,1.3862943611198906,7.4317734965341105,2,-0.43687789267031624,1.0927175281943367,Normal,0.10759860047828312
12814,102,1,125.92,4.634728988229636,0.6931471805599453,4.843556966714995,1,-1.5787824467533687,-0.8104727198774361,Normal,0.10072067051722944
12815,148,2,1063.46,5.003946305945459,1.0986122886681098,6.970222907300612,2,-0.4636237635292704,0.17819840493721045,Normal,0.13195407750697563
12816,96,2,572.2,4.574710978503383,1.0986122886681098,6.351234695954017,3,-0.5941227634987775,-0.24384332100092768,Normal,0.13055876128045868
12817,281,3,690.98,5.641907070938114,1.3862943611198906,6.539557053465902,2,-0.6379245512424319,0.5064562019743571,Normal,0.14773573473840046
12818,262,1,1542.08,5.572154032177765,0.6931471805599453,7.341535698070348,2,-0.795087360342357,0.45433656544125495,Normal,0.0706092549210916
12819,458,1,540.52,6.129050210060545,0.6931471805599453,6.294380000200352,1,-1.4308242348293345,0.4480362407054058,Normal,0.14355178782641909
12820,3,11,2689.52,1.3862943611198906,2.4849066497880004,7.897489762464381,0,2.167210543413596,-1.032151418501408,Normal,0.0599225038125325
12821,214,2,220.8,5.3706380281276624,1.0986122886681098,5.401776074916267,1,-1.2646598824636681,-0.08905816337543211,Normal,0.09629379849090752
12822,71,2,948.88,4.276666119016055,1.0986122886681098,6.856335660826602,3,-0.2779556084464624,-0.2570329746318705,Normal,0.13835562045109911
12823,75,18,6501.5,4.330733340286331,2.9444389791664403,8.779941997322807,0,1.9493507295010688,1.0242514137389382,Normal,0.06150860349388587
12824,60,1,397.12,4.110873864173311,0.6931471805599453,5.986753467377863,3,-0.9119440880255203,-0.7571987226865392,Normal,0.11482926970539559
12825,521,2,518.63,6.257667587882639,1.0986122886681098,6.253117019850299,1,-1.181125486659943,0.6550391850208048,Normal,0.13822164375761736
12826,3,12,2955.75,1.3862943611198906,2.5649493574615367,7.991845971131227,0,2.269314418790043,-0.9746077383968718,Normal,0.059607859910400296
12827,6,3,430.15000000000003,1.9459101490553132,1.3862943611198906,6.066456057398334,3,0.35160700882755513,-1.6737338915101478,Normal,0.037030016620237194
12828,3,6,1018.71,1.3862943611198906,1.9459101490553132,6.927273552128017,3,1.333969090075067,-1.5198742422046412,Normal,0.03026082420346987
12829,337,3,385.3,5.823045895483019,1.3862943611198906,5.956614269672236,1,-0.9501506444572195,0.43186331346149354,Normal,0.12358677850666383
12830,38,6,6814.64,3.6635616461296463,1.9459101490553132,8.826975250212882,0,1.4240117259613247,0.3048478467384464,Normal,0.0939231289983874
12831,262,3,451.11,5.572154032177765,1.3862943611198906,6.113925513056159,1,-0.8005589266792965,0.3405716898465365,Normal,0.12825044396661106
12832,32,2,383.03,3.4965075614664802,1.0986122886681098,5.950720674536128,3,-0.41966971455752516,-0.9584311754050154,Normal,0.1119833001065566
12833,145,1,417.38,4.983606621708336,0.6931471805599453,6.0363901104609745,1,-1.1726110697740555,-0.26097454771644263,Normal,0.1294938620385656
12834,283,1,312.38,5.648974238161206,0.6931471805599453,5.7474165116762626,1,-1.5135417714457151,0.019513153062744797,Normal,0.15525855985912684
12835,428,41,6043.31,6.061456918928017,3.7376696182833684,8.706872612613385,0,1.9627992420463913,2.2473288243217593,Anomaly,-0.06092882697085922
12836,59,15,6585.62,4.0943445622221,2.772588722239781,8.792795597588407,0,1.900326374999836,0.834812948379812,Normal,0.08030615242517486
12837,173,2,688.41,5.159055299214529,1.0986122886681098,6.535836159344549,1,-0.702793709770804,0.1337182418567871,Normal,0.1372273624921449
12838,34,10,3398.48,3.5553480614894135,2.3978952727983707,8.131377757731087,0,1.5010847227551625,0.20237902812892816,Normal,0.12516064243779895
12839,3,26,10071.73,1.3862943611198906,3.295836866004329,9.217587051255036,0,3.3600923487542684,-0.34015549350274205,Normal,0.013590754790196446
12840,144,7,4041.97,4.976733742420574,2.0794415416798357,8.30473484938074,2,0.8739141584614627,0.9216889483136643,Normal,0.09443466075070017
12841,5,40,7540.68,1.791759469228055,3.713572066704308,8.928200247854255,0,3.4216500763885502,-0.05023784220029963,Anomaly,-0.005140678084242012
12842,70,4,1917.99,4.2626798770413155,1.6094379124341003,7.559554284946702,2,0.4221513491473551,0.13273917482723765,Normal,0.14164193897037136
12843,66,30,6588.41,4.204692619390966,3.4339872044851463,8.793219093898252,0,2.369273759609455,1.1378985898335943,Normal,0.010070154013818722
12844,29,4,648.6,3.4011973816621555,1.6094379124341003,6.476356788847468,3,0.2294724977677411,-0.6666729165567475,Normal,0.11743256656957962
12845,267,4,354.09,5.5909869805108565,1.6094379124341003,5.8723712784711255,1,-0.7415584760952029,0.36032913339952877,Normal,0.10110838796168631
12846,682,1,15.58,6.52649485957079,0.6931471805599453,2.8081971497071487,1,-3.0762226398537913,-0.376326327960383,Anomaly,-0.03601893031261738
12847,22,2,1636.8999999999999,3.1354942159291497,1.0986122886681098,7.401170212488334,3,0.3281886916827221,-0.7233647458813826,Normal,0.10182476426920073
12848,676,1,208.0,6.517671272912275,0.6931471805599453,5.342334251964811,1,-1.9707538400756646,0.37739273483244007,Normal,0.10881276386318228
12849,31,6,3090.56,3.4657359027997265,1.9459101490553132,8.036431096864632,0,1.1440241404700051,-0.040912031450085776,Normal,0.12173950622407531
12850,446,1,330.0,6.102558594613569,0.6931471805599453,5.802118375377063,1,-1.6364415267801329,0.2860675529956572,Normal,0.16252322682136233
12851,97,2,284.13,4.584967478670572,1.0986122886681098,5.652945216619142,1,-0.9012690298494136,-0.44721694795350975,Normal,0.11043978028576262
12852,295,1,311.55,5.69035945432406,0.6931471805599453,5.744764456377822,1,-1.5280807317904506,0.04154575200902854,Normal,0.15310952287307195
12853,135,11,3907.5,4.912654885736052,2.4849066497880004,8.270908947660384,2,1.1891717108084907,1.0246343746776505,Normal,0.08499322018969341
12854,79,7,2994.02,4.382026634673881,2.0794415416798357,8.004706188323581,2,0.9357137763447511,0.5038589119642813,Normal,0.12452385657711856
12855,373,4,650.9399999999999,5.924255797414532,1.6094379124341003,6.479952533152257,2,-0.5849846701819956,0.7260248111571018,Normal,0.13118155911640555
12856,8,6,2179.93,2.1972245773362196,1.9459101490553132,7.687506670317465,3,1.4024745162013665,-0.8450231815050868,Normal,0.10474493958861342
12857,211,6,3688.0,5.356586274672012,1.9459101490553132,8.213110697596676,2,0.6093488449576075,1.0548963095098252,Normal,0.08369325423056712
12858,383,1,177.92,5.950642552587727,0.6931471805599453,5.186938778564647,1,-1.8549755380949418,0.018124506257793653,Normal,0.15534502488246493
12859,459,1,575.1,6.131226489483141,0.6931471805599453,6.356281256738337,1,-1.404594570139931,0.4677665347451014,Normal,0.13915246477688292
12860,693,1,55.47,6.542471960506805,0.6931471805599453,4.033709523684745,1,-2.548163819431455,-0.0006607800633199904,Normal,0.02642618488663384
12861,620,1,68.25,6.431331081933479,0.6931471805599453,4.237723145067448,1,-2.4234507230524533,-0.0008909633103614794,Normal,0.0571274658504205
12862,426,2,1008.3199999999999,6.056784013228625,1.0986122886681098,6.917032115762346,2,-0.8272820001425728,0.7429804355632975,Normal,0.14217897557866882
12863,52,6,2792.5499999999997,3.970291913552122,1.9459101490553132,7.935068467432419,2,0.9367344487300319,0.20703895451625826,Normal,0.13432984173749996
12864,138,2,299.57,4.9344739331306915,1.0986122886681098,5.705680671939281,1,-0.9913629203945389,-0.2386565278886044,Normal,0.12436031103987233
12865,26,4,3323.47,3.295836866004329,1.6094379124341003,8.109065541888423,3,0.9739480785475477,-0.236039571210019,Normal,0.10019095941154421
12866,283,3,1227.35,5.648974238161206,1.3862943611198906,7.113427084384307,2,-0.3905166923253451,0.6821403305258086,Normal,0.1384353795219862
12867,26,13,7913.29,3.295836866004329,2.6390573296152584,8.976425265196161,0,2.136637167975258,0.4004787702802797,Normal,0.09440498241612533
12868,186,8,2247.06,5.231108616854587,2.1972245773362196,7.717822901048859,2,0.6261084622712195,0.9294148150211308,Normal,0.10003696630898412
12869,682,1,337.66999999999996,6.52649485957079,0.6931471805599453,5.825026181941565,1,-1.763586074674293,0.5267517643501531,Normal,0.11586357374376538
12870,375,3,1676.95,5.929589143389895,1.3862943611198906,7.42532808920537,2,-0.3455651368792714,0.9302832146602275,Normal,0.1258736060792195
12871,84,3,744.02,4.442651256490317,1.3862943611198906,6.613411063656805,2,-0.21792028574990924,-0.1328989204280859,Normal,0.14475631290038504
12872,327,12,3685.4900000000002,5.793013608384144,2.5649493574615367,8.212430064825998,2,0.940045763748032,1.5219991527186194,Normal,0.04131208645729989
12873,282,3,2027.3,5.645446897643238,1.3862943611198906,7.614953282764742,2,-0.17115944166939848,0.8303250445471312,Normal,0.1228382931943025
12874,385,2,948.42,5.955837369464831,1.0986122886681098,6.855851271831715,2,-0.8212533451098516,0.6689878852092923,Normal,0.14079069561011404
12875,143,5,1356.99,4.969813299576001,1.791759469228055,7.213760944321279,2,0.18204770031886355,0.48599058491416086,Normal,0.12764825036890992
12876,58,4,4081.79,4.07753744390572,1.6094379124341003,8.314535857226844,2,0.8105272015724628,0.2566230872277059,Normal,0.09756969692918438
12877,4,20,2955.17,1.6094379124341003,3.044522437723423,7.991649790563297,0,2.562831926325333,-0.6760484717687173,Normal,0.032231048773060045
12878,236,2,854.99,5.4680601411351315,1.0986122886681098,6.752258693830513,2,-0.7085673202994277,0.3689387422968599,Normal,0.13596943589453114
12879,45,3,573.22,3.828641396489095,1.3862943611198906,6.353012598149689,3,-0.13263437823041896,-0.5495124358035784,Normal,0.12721323814029123
12880,382,2,640.13,5.948034989180646,1.0986122886681098,6.463232244470209,1,-0.9895602493154982,0.547155148025252,Normal,0.15012556243194264
12881,276,1,298.0,5.6240175061873385,0.6931471805599453,5.700443573390687,1,-1.5259082726964286,-0.008313212584429842,Normal,0.15241723977102084
12882,9,2,1463.04,2.302585092994046,1.0986122886681098,7.288955016552379,3,0.5487474663339422,-1.2163564346344025,Normal,0.07104256875208526
12883,25,4,703.47,3.258096538021482,1.6094379124341003,6.5574457470395595,3,0.31103716344640464,-0.7213280829110064,Normal,0.11641392376320442
12884,88,1,309.05,4.48863636973214,0.6931471805599453,5.736733574795887,1,-1.1429069912423153,-0.6236822007474291,Normal,0.13262538321197748
12885,63,3,1175.22,4.1588830833596715,1.3862943611198906,7.0700611857921905,2,0.07254823280243736,-0.15271771085785302,Normal,0.14896136741385912
12886,68,2,1378.4,4.23410650459726,1.0986122886681098,7.229403900997191,3,-0.1018669855365984,-0.16883042960974368,Normal,0.12772774795941366
12887,384,1,222.4,5.953243334287785,0.6931471805599453,5.4089638866351,1,-1.7592125239912884,0.0860215005733487,Normal,0.15083671136805543
12888,214,2,354.12,5.3706380281276624,1.0986122886681098,5.87245576052578,1,-1.0598649274904857,0.05183829049313209,Normal,0.13451522303339553
12889,381,4,385.46000000000004,5.945420608606575,1.6094379124341003,5.957028369786855,1,-0.8193566861138138,0.5811628310336785,Normal,0.1088695183951825
12890,24,2,717.27,3.2188758248682006,1.0986122886681098,6.576845542929431,3,-0.057446613906037676,-0.9241336233991005,Normal,0.10570419957771682
12891,186,11,840.5,5.231108616854587,2.4849066497880004,6.735186013630861,2,0.4179753160742783,0.7405673918014645,Normal,0.03409808460651187
12892,397,1,263.38,5.986452005284438,0.6931471805599453,5.577387462151254,1,-1.6966711650448116,0.15475517496967858,Normal,0.16589300280886787
12893,31,1,188.14,3.4657359027997265,0.6931471805599453,5.242487481587366,3,-1.0271235996497439,-1.3358254836630414,Normal,0.0789283200872064
12894,575,1,157.35,6.3561076606958915,0.6931471805599453,5.064807772984649,1,-2.039253113331261,0.2052038394158379,Normal,0.13956865142308822
12895,42,2,372.8,3.7612001156935624,1.0986122886681098,5.923720895021463,3,-0.5170257955426258,-0.8205193062612518,Normal,0.12134048030096167
12897,205,4,514.25,5.327876168789581,1.6094379124341003,6.244652219770568,2,-0.4944805063346865,0.3266485002528037,Normal,0.12276524806575906
12898,464,2,310.96000000000004,6.142037405587356,1.0986122886681098,5.742874974462297,1,-1.3657364496818805,0.4385227332271289,Normal,0.1450233753088066
12899,414,1,366.4,6.028278520230698,0.6931471805599453,5.906451172781026,1,-1.567021755741832,0.2763292275732908,Normal,0.16845402415530142
12900,422,1,340.33,6.0473721790462776,0.6931471805599453,5.832849751258659,1,-1.6052214601265264,0.2648282012431175,Normal,0.16957644780650044
12901,9,28,17654.54,2.302585092994046,3.367295829986474,9.778804894130932,0,3.3624311713320956,0.35939026394524076,Normal,0.012383382243604468
12902,265,1,138.68,5.583496308781699,0.6931471805599453,4.939354092091292,1,-1.8439563090733078,-0.25849283100166426,Normal,0.12754588505686376
12903,429,1,833.53,6.063785208687608,0.6931471805599453,6.726868692126177,1,-1.2215379891231226,0.5415026948235149,Normal,0.12475292023206208
12904,18,2,509.58,2.9444389791664403,1.0986122886681098,6.235547334435847,3,-0.11718717419659531,-1.1776688876627002,Normal,0.09663188609004664
12905,577,2,1018.42,6.359573868672378,1.0986122886681098,6.926989117097435,1,-0.9208796538501691,0.9129681950752053,Normal,0.10676071884850658
12906,12,5,2919.81,2.5649493574615367,1.791759469228055,7.979616254055095,3,1.2930695381308883,-0.6111829420125173,Normal,0.10313579252925709
12907,396,2,508.91,5.983936280687191,1.0986122886681098,6.23423423955737,1,-1.1008097600803604,0.4984070925551122,Normal,0.15831966009428955
12908,176,5,1776.0,5.176149732573829,1.791759469228055,7.482681828154651,2,0.23232196184217457,0.6802983777950218,Normal,0.12589563182336083
12909,40,8,3103.19,3.713572066704308,2.1972245773362196,8.040508090769977,0,1.2573204889434595,0.1889951749228447,Normal,0.12744683545764318
12910,23,13,5796.52,3.1780538303479458,2.6390573296152584,8.665185518886565,0,2.039309333384592,0.24234558770740017,Normal,0.10909545851909308
12911,552,1,1680.47,6.315358001522335,0.6931471805599453,7.4274236898079655,1,-0.9980882823991629,0.8899693998933532,Normal,0.06144922525208685
12912,3,5,1662.3,1.3862943611198906,1.791759469228055,7.416558859796489,3,1.4292878103586344,-1.4298328362206056,Normal,0.05365786942182027
12913,5,13,6700.860000000001,1.791759469228055,2.6390573296152584,8.810140378792292,0,2.5507429695306465,-0.4788889454186711,Normal,0.06985179461710733
12914,401,1,223.98,5.996452088619021,0.6931471805599453,5.4160115093646795,1,-1.7701208875335386,0.11196346008268591,Normal,0.15684156508472086
12915,149,4,1174.75,5.0106352940962555,1.6094379124341003,7.069661520825157,2,-0.032911239954758365,0.3986346018392017,Normal,0.14069736981799175
12916,139,7,4654.0199999999995,4.941642422609304,2.0794415416798357,8.445701486157361,2,0.9465988394537267,0.9445318451841617,Normal,0.09059367269763696
12917,128,6,4359.2,4.859812404361672,1.9459101490553132,8.380273206850646,2,0.8427514318081963,0.8309346338882061,Normal,0.09773963578037592
12918,626,1,10953.5,6.440946540632921,0.6931471805599453,9.301505609728274,2,-0.2232849339684716,1.520239586829348,Anomaly,-0.015322202403107443
12919,8,6,1335.19,2.1972245773362196,1.9459101490553132,7.197577559553778,3,1.1893040453981272,-0.9916818890381983,Normal,0.09325752327654857
12920,17,4,488.09000000000003,2.8903717578961645,1.6094379124341003,6.192546521619673,3,0.2711993957691026,-1.0333822492778444,Normal,0.09019134630146253
12921,9,74,35921.04,2.302585092994046,4.31748811353631,10.489106313676533,0,4.39620390950319,0.9198205761155323,Anomaly,-0.08329290322966709
12922,161,1,405.38,5.087596335232384,0.6931471805599453,6.007288682454868,1,-1.2189061745491165,-0.2123292663452673,Normal,0.12767874926102324
12923,64,3,789.87,4.174387269895637,1.3862943611198906,6.673133605335479,3,-0.10517128367350033,-0.26298519954002697,Normal,0.1495309743269546
12924,88,12,2469.4,4.48863636973214,2.5649493574615367,7.8121353598304575,2,1.1877446432771173,0.6827282252883424,Normal,0.09828426981898053
12925,5,3,729.3299999999999,1.791759469228055,1.3862943611198906,6.593496486790971,3,0.6307810665077901,-1.6009895775424137,Normal,0.05838293273730244
12926,411,4,1548.46,6.021023349349527,1.6094379124341003,7.345661762115635,2,-0.23960759852617264,1.0385453272320213,Normal,0.12465881820699481
12927,395,1,197.31,5.981414211254481,0.6931471805599453,5.289831462897738,1,-1.8201587873222904,0.06589755694933665,Normal,0.15837403673266293
12928,35,12,4304.89,3.58351893845611,2.5649493574615367,8.367739131847895,0,1.7222286218244867,0.3498186944592278,Normal,0.11485338754517183
12929,312,1,117.85,5.746203190540153,0.6931471805599453,4.777862193806203,1,-1.9668457685866194,-0.21709209515267758,Normal,0.11804090963220376
12930,78,2,415.8,4.3694478524670215,1.0986122886681098,6.032606490439157,3,-0.6663720504848092,-0.4524388465861339,Normal,0.12646423004420299
12931,22,57,92347.34,3.1354942159291497,4.060443010546419,11.433323010371083,0,4.341603109147875,1.5677816788390866,Anomaly,-0.12993930142932653
12932,539,8,1698.56,6.29156913955832,2.1972245773362196,7.438124673014305,2,0.16143035620022952,1.430597021108283,Normal,0.043538032090491674
12933,24,8,1687.03,3.2188758248682006,2.1972245773362196,7.431317447509821,0,1.152256192946305,-0.2662193867936792,Normal,0.12325136019892957
12934,737,1,181.65,6.6039438246004725,0.6931471805599453,5.207571753241291,1,-2.0572923921475454,0.3846366130347602,Normal,0.09421947357304344
12935,2,15,4243.86,1.0986122886681098,2.772588722239781,8.353464118225153,0,2.678067694144079,-0.949029476217359,Normal,0.024936834422672027
12936,17,4,1063.9,2.8903717578961645,1.6094379124341003,6.970636177021338,3,0.6097498809822731,-0.8004636071742642,Normal,0.12764689733293666
12937,15,9,3097.61,2.772588722239781,2.302585092994046,8.03870890282091,0,1.6412348447873122,-0.29198773137305734,Normal,0.11472156009402945
12938,26,1,114.14,3.295836866004329,0.6931471805599453,4.7461487792476635,3,-1.1881332153520638,-1.5781126136854025,Normal,0.04881580662689744
12939,64,20,25264.8,4.174387269895637,3.044522437723423,10.13720698158251,0,2.6668037005671787,1.3809439650769222,Anomaly,-0.03271938468899249
12940,55,2,913.54,4.02535169073515,1.0986122886681098,6.818421206622862,3,-0.21317084571594222,-0.4069978549860704,Normal,0.12879769706604288
12941,724,1,377.49,6.586171654854675,0.6931471805599453,5.936189652449227,1,-1.734519327044424,0.5929436027737507,Normal,0.10867334527458611
12942,131,3,942.65,4.882801922586371,1.3862943611198906,6.849755334684148,2,-0.25744177204815394,0.18062004782378027,Normal,0.1466837888020836
12943,558,2,496.5,6.326149473155099,1.0986122886681098,6.209595556598647,1,-1.2222106760824778,0.6797831315664914,Normal,0.13372946651222972
12944,36,2,604.51,3.6109179126442243,1.0986122886681098,6.406071078133402,3,-0.25854783960219363,-0.759019172104007,Normal,0.1156924562927491
12945,288,2,900.11,5.666426688112432,1.0986122886681098,6.803627336726857,2,-0.75037340144716,0.4937270891865763,Normal,0.1370267761563208
12946,437,1,324.45,6.082218910376446,0.6931471805599453,5.785208840018396,1,-1.6372205708355825,0.2697871553694687,Normal,0.1669663634670005
12947,144,6,1908.03,4.976733742420574,1.9459101490553132,7.554350538636317,2,0.44557322228947643,0.6481866168413377,Normal,0.1261687545285498
12948,16,9,2317.43,2.833213344056216,2.302585092994046,7.748645511441289,0,1.495419337811816,-0.34537908242848947,Normal,0.12083161201533937
12949,31,22,15526.7,3.4657359027997265,3.1354942159291497,9.650380804724037,0,2.753564037211323,0.8776483257467033,Normal,0.004954668286834885
12950,2,3,1843.0,1.0986122886681098,1.3862943611198906,7.519692404116539,3,1.257954831899159,-1.7060489537811983,Normal,0.008562182687157027
12951,9,15,3213.7200000000003,2.302585092994046,2.772588722239781,8.075495541121626,0,2.1677266209292663,-0.3681736855671748,Normal,0.08918970792824366
12952,6,4,1387.79,1.9459101490553132,1.6094379124341003,7.236188143419333,3,1.030755862943431,-1.241899940791825,Normal,0.0786825745229669
12953,10,2,828.8100000000001,2.3978952727983707,1.0986122886681098,6.721196758922804,3,0.2708874135016928,-1.3337436419208142,Normal,0.08680811940690264
12954,639,1,162.45,6.461468176353717,0.6931471805599453,5.09650713317022,1,-2.059536860414608,0.27280572306567064,Normal,0.11332580145199861
12955,1,11,4757.16,0.6931471805599453,2.4849066497880004,8.46761631787212,0,2.6394568471558366,-1.2437990159006145,Normal,0.003333278155133068
12956,306,4,521.89,5.726847747587197,1.6094379124341003,6.259371116895707,2,-0.6171138687029416,0.5511118333486871,Normal,0.12450631268363355
12957,10,13,8706.97,2.3978952727983707,2.6390573296152584,9.071993977240556,0,2.468636868689719,-0.06618286538391739,Normal,0.08928820647951996
12958,400,2,539.49,5.993961427306569,1.0986122886681098,6.2924761355205066,1,-1.0787108250837227,0.5213711000584732,Normal,0.15954910259605315
12959,484,1,150.95,6.184148890937483,0.6931471805599453,5.023551519362802,1,-2.001588035143718,0.09800811146801605,Normal,0.1491288503263229
12960,414,4,1322.07,6.028278520230698,1.6094379124341003,7.187710072768178,2,-0.3106796328448041,0.9952646671676456,Normal,0.12619722347271334
12961,379,1,211.99,5.940171252720432,0.6931471805599453,5.361245216250509,1,-1.7757472970434667,0.0645270155178433,Normal,0.1520510627391663
12962,7,2,266.39,2.0794415416798357,1.0986122886681098,5.588708266810736,3,-0.11886758946035098,-1.8483971893944868,Normal,0.03521205242680159
12963,8,12,3601.59,2.1972245773362196,2.5649493574615367,8.189408310212553,0,2.0929991305425073,-0.4681903702819763,Normal,0.0932946847031626
12964,437,1,132.24,6.082218910376446,0.6931471805599453,4.892152013325479,1,-2.025793815449335,0.0024534593736414974,Normal,0.14631616115195445
12965,89,1,771.91,4.499809670330265,0.6931471805599453,6.65016261231351,1,-0.7490834329486928,-0.34408738871316397,Normal,0.1045543819152222
12966,10,1,160.18,2.3978952727983707,0.6931471805599453,5.0825217528963655,3,-0.751358442714236,-1.9726902661784356,Normal,0.02617285419337989
12967,358,3,4306.92,5.883322388488279,1.3862943611198906,8.368210468001717,2,0.07965129403153089,1.187013078836595,Normal,0.059316856505336135
12968,112,1,135.95,4.727387818712341,0.6931471805599453,4.919615895709087,1,-1.575657085661895,-0.7365976994712288,Normal,0.10494541569418397
12969,603,1,122.45,6.403574197934815,0.6931471805599453,4.8158362157911885,1,-2.162933707652196,0.15685570699811752,Normal,0.1140877879930644
12970,7,10,1524.97,2.0794415416798357,2.3978952727983707,7.330385552411315,0,1.62991518821181,-0.8514483220157949,Normal,0.07224214947281671
12971,4,116,15972.79,1.6094379124341003,4.762173934797756,9.67870453302808,0,4.606940299094196,0.45768693179768094,Anomaly,-0.07173917858557421
12972,414,4,1161.2,6.028278520230698,1.6094379124341003,7.058070039641005,2,-0.3670866237533251,0.9564573391577946,Normal,0.13151592156759134
12973,414,1,385.55,6.028278520230698,0.6931471805599453,5.957261225766484,1,-1.5449140616316284,0.2915390539273947,Normal,0.16525066157537427
12974,198,2,408.95,5.293304824724492,1.0986122886681098,6.016035201042187,1,-0.9723812965110158,0.05216433399737907,Normal,0.13600843532860862
12975,437,6,2100.09,6.082218910376446,1.9459101490553132,7.650211536671941,2,0.1297405867340085,1.2866251237892405,Normal,0.10237354494462331
12976,212,8,3156.38,5.3612921657094255,2.1972245773362196,8.057497848751854,2,0.7317979438553469,1.102899626956061,Normal,0.07799083074075314
12977,156,4,517.63,5.056245805348308,1.6094379124341003,6.251190719483879,2,-0.40378335972318186,0.17878498564743767,Normal,0.1269237190200923
12978,385,5,2502.82,5.955837369464831,1.791759469228055,7.825572844652115,2,0.1293445178597699,1.2129872219169517,Normal,0.10939915275107642
12979,729,1,517.7,6.593044534142437,0.6931471805599453,6.251325681357355,1,-1.5996250171189295,0.6910693761809586,Normal,0.09415900070757444
12980,158,21,16245.78,5.0689042022202315,3.091042453358316,9.695650014276662,0,2.220851587467183,1.7591741812539217,Anomaly,-0.030359198578016278
12981,30,2,372.21999999999997,3.4339872044851463,1.0986122886681098,5.922168058105325,3,-0.41187240861593966,-1.0014621182465753,Normal,0.1112302144084712
12982,243,8,2744.81,5.497168225293202,2.1972245773362196,7.917831392382723,2,0.6270826121166266,1.1360348959468312,Normal,0.08049303126870333
12983,598,1,490.08000000000004,6.395261598115449,0.6931471805599453,6.196607047312639,1,-1.5594652876715533,0.565600117396607,Normal,0.12790149696512954
12984,19,1,97.5,2.995732273553991,0.6931471805599453,4.590056548178043,3,-1.1589881733366163,-1.7903643982730377,Normal,0.028799822408838938
12985,1,2,1239.38,0.6931471805599453,1.0986122886681098,7.123173063265281,3,0.9971483849308824,-2.1536863807934377,Anomaly,-0.044712058880773786
12986,429,10,2729.84,6.063785208687608,2.3978952727983707,7.912364533159128,2,0.5944982333335477,1.5203749494387029,Normal,0.0485867387119141
12987,74,5,1312.21,4.31748811353631,1.791759469228055,7.180229800584737,2,0.37843680887918435,0.11615582384651185,Normal,0.13884082781017032
12988,292,1,535.32,5.680172609017068,0.6931471805599453,6.284730997853663,1,-1.2898440518771506,0.1975643343643098,Normal,0.12789818567398387
12989,3,33,13551.75,1.3862943611198906,3.5263605246161616,9.51434475774539,0,3.6650347770732923,-0.1669422433007272,Anomaly,-0.01289050035573891
12990,31,7,955.5,3.4657359027997265,2.0794415416798357,6.863280788880307,3,0.7354260761372499,-0.34321361707552256,Normal,0.10692735296140804
12991,23,3,764.82,3.1780538303479458,1.3862943611198906,6.640947155181664,3,0.20306398475908644,-0.8221590667897155,Normal,0.12745779631232657
12992,725,1,93.35000000000001,6.587550014824796,0.6931471805599453,4.54701127181456,1,-2.3394032006514376,0.17785776124831418,Normal,0.06515488453369944
12993,23,8,1259.6299999999999,3.1780538303479458,2.1972245773362196,7.139366874987175,3,1.0384299977517715,-0.3761296859885743,Normal,0.10847348640332038
12994,4,3,974.4200000000001,1.6094379124341003,1.3862943611198906,6.882868147474188,3,0.8156555029491577,-1.6149286122320974,Normal,0.060365805265332084
12995,85,1,211.32,4.454347296253507,0.6931471805599453,5.358094570583897,1,-1.2965646465684237,-0.7559390975039348,Normal,0.1167419773582733
12996,376,1,355.5,5.932245187448011,0.6931471805599453,5.8763342398543505,1,-1.549066136841439,0.2143455514604211,Normal,0.1604778740137624
12997,22,8,2110.91,3.1354942159291497,2.1972245773362196,7.655348030281802,0,1.2767007052358035,-0.24514661831244633,Normal,0.13604039566287313
12998,493,3,920.08,6.202535517187923,1.3862943611198906,6.825546894589419,2,-0.6948106143114632,0.9012872921369542,Normal,0.13030993689073883
12999,196,3,455.88,5.2832037287379885,1.3862943611198906,6.124420774356607,1,-0.7025384623433933,0.18433961068927285,Normal,0.1236319577678528
13000,107,4,1032.5,4.68213122712422,1.6094379124341003,6.940706379121823,2,0.01722639506980335,0.17884216710571094,Normal,0.1468236728864447
13001,4,33,24172.100000000002,1.6094379124341003,3.5263605246161616,10.092995723644439,0,3.8446382082471047,0.12935241183172488,Anomaly,-0.03853057825301287
13002,318,3,414.13,5.765191102784844,1.3862943611198906,6.0285917241892655,1,-0.90012119263231,0.4214990694931036,Normal,0.12377019239158615
13003,106,3,149.05,4.672828834461906,1.3862943611198906,5.010968571886377,1,-0.9895959070853284,-0.48562789772546505,Normal,0.047020193163822555
13004,12,36,11650.85,2.5649493574615367,3.6109179126442243,9.363220244669996,0,3.282564999164663,0.4688705720208518,Normal,0.011481913692373724
13005,174,4,999.68,5.1647859739235145,1.6094379124341003,6.908435047886894,2,-0.15291791686388403,0.43539552214412564,Normal,0.1404312019380347
13006,56,1,81.57,4.04305126783455,0.6931471805599453,4.413646418429337,1,-1.5744748330761835,-1.2655115896920472,Normal,0.049484787778881545
13007,580,1,175.25,6.364750756851911,0.6931471805599453,5.171903441692378,1,-1.995450680493274,0.2420297815235936,Normal,0.142178582040214
13008,323,3,612.13,5.780743515792329,1.3862943611198906,6.4185769852303105,2,-0.7354668116145106,0.5468180152209453,Normal,0.14435501708654236
13009,673,1,234.0,6.513230110912307,0.6931471805599453,5.459585514144159,1,-1.9183008764338092,0.4100419509648631,Normal,0.11296736224730641
13010,374,2,330.12,5.926926025970411,1.0986122886681098,5.802480847440477,1,-1.2702291247504043,0.3377184501571389,Normal,0.1467121280557807
13011,372,1,101.10000000000001,5.921578419643816,0.6931471805599453,4.62595272517062,1,-2.0896631355845097,-0.16583551973300337,Normal,0.1211345614237056
13012,9,11,2972.83,2.302585092994046,2.4849066497880004,7.997605963315002,0,1.9144196915633724,-0.4967914573673727,Normal,0.10668582284292222
13013,1,29,12625.77,0.6931471805599453,3.4011973816621555,9.443574442336539,0,3.762961160204561,-0.6162543840033704,Anomaly,-0.04432900226914649
13014,11,11,5381.08,2.4849066497880004,2.4849066497880004,8.590830195539068,0,2.1135668980220945,-0.21865017365017753,Normal,0.10322107885443965
13015,53,11,6586.42,3.9889840465642745,2.4849066497880004,8.792917048563352,0,1.715038701292554,0.6714347458979363,Normal,0.11515677150986975
13016,73,3,789.89,4.30406509320417,1.3862943611198906,6.673158893621945,3,-0.14710140901344365,-0.19145236213332473,Normal,0.14999908110567656
13017,7,1,204.0,2.0794415416798357,0.6931471805599453,5.3230099791384085,3,-0.5437247887801531,-2.0763476377502625,Normal,0.019678607932425596
13018,16,35,9763.16,2.833213344056216,3.58351893845611,9.186473818105341,0,3.098000993372254,0.5538971365188835,Normal,0.017606705806063494
13019,379,6,1229.95,5.940171252720432,1.9459101490553132,7.115541507975305,2,-0.056955019299795184,1.048225376786737,Normal,0.09798999067394737
13020,563,2,618.96,6.335054251498059,1.0986122886681098,6.42965495982885,1,-1.1293418233669008,0.7505687389615776,Normal,0.1267410489352832
13021,4,17,4887.24,1.6094379124341003,2.8903717578961645,8.494587599482408,0,2.664090914405407,-0.5819202333347958,Normal,0.04535820483694952
13022,430,1,65.3,6.066108090103747,0.6931471805599453,4.194189897191817,1,-2.3242697779723454,-0.21536536571649711,Normal,0.08106472372875367
13023,64,3,1449.03,4.174387269895637,1.3862943611198906,7.279339524855764,2,0.1585917759789822,-0.08151940234095142,Normal,0.14637001400766453
13024,471,2,555.87,6.156978985585555,1.0986122886681098,6.32233181950912,1,-1.1184445282539748,0.6202224779285245,Normal,0.14336724496651154
13025,732,1,323.39,6.597145701886651,0.6931471805599453,5.781946495625555,1,-1.8051805411078001,0.552824268147886,Normal,0.10953790871292879
13026,1,9,1733.08,0.6931471805599453,2.302585092994046,7.458232292377749,0,2.06121136669956,-1.6126910005431536,Anomaly,-0.009893556272511206
13027,114,19,17335.2,4.74493212836325,2.995732273553991,9.760552079836312,0,2.281178012809216,1.5650250669717118,Anomaly,-0.01216917644328952
13028,23,2,661.3199999999999,3.1780538303479458,1.0986122886681098,6.49574882283055,3,-0.07952930171480363,-0.9709254983251372,Normal,0.10851559378509323
13029,31,5,1927.3,3.4657359027997265,1.791759469228055,7.564394064725559,3,0.8210669688576729,-0.23863938380563157,Normal,0.1378685133146781
13030,11,2,1227.22,2.4849066497880004,1.0986122886681098,7.113321245755551,3,0.4133609231460602,-1.1683703274972785,Normal,0.07918941389254563
13031,407,5,3419.27,6.0112671744041615,1.791759469228055,8.137474774308892,2,0.24712710289007003,1.336926998613709,Normal,0.08031154960500597
13032,52,9,2843.55,3.970291913552122,2.302585092994046,7.953160161817899,0,1.2166443047418682,0.34301024406077346,Normal,0.13011900895410622
13033,357,2,220.55,5.8805329864007,1.0986122886681098,5.400648297645499,1,-1.4300636687896984,0.19184256079425896,Normal,0.10723463126922378
13034,55,3,922.68,4.02535169073515,1.3862943611198906,6.828365691312624,3,0.010572852622682188,-0.2987192288312559,Normal,0.14022483104679673
13035,74,3,1364.2,4.31748811353631,1.3862943611198906,7.219056217032552,2,0.08607974707380638,-0.02063613129675224,Normal,0.14718807162450914
13036,685,1,307.1,6.530877627725885,0.6931471805599453,5.730424405602622,1,-1.8061652539530721,0.500850391356366,Normal,0.11789000466466171
13037,138,12,3914.9500000000003,4.9344739331306915,2.5649493574615367,8.272813235438143,2,1.2439924800164048,1.0665374107810832,Normal,0.07545140758520874
13038,80,3,908.46,4.394449154672439,1.3862943611198906,6.812851016782114,2,-0.11555322595653023,-0.0997836237302043,Normal,0.14753763400257708
13039,584,4,1010.73,6.371611847231857,1.6094379124341003,6.919417015831408,2,-0.5384579983182204,1.1043213738599513,Normal,0.09345669751158076
13040,9,2,676.99,2.302585092994046,1.0986122886681098,6.519132538569087,3,0.21379406907445855,-1.4468003237002716,Normal,0.07531928388422404
13041,451,4,799.13,6.113682179832232,1.6094379124341003,6.684774214466232,2,-0.5571311311858933,0.8918177841017526,Normal,0.13234786638509044
13042,598,3,1556.54,6.395261598115449,1.3862943611198906,7.350862932514812,2,-0.5285756735372441,1.1648392084990125,Normal,0.0877786147235245
13043,273,1,516.42,5.6131281063880705,0.6931471805599453,6.248854923817375,1,-1.2837699923990746,0.1498457943762569,Normal,0.13224392521199851
13044,291,11,4853.9,5.676753802268282,2.4849066497880004,8.487743783190949,2,1.0363884182300052,1.5109905707340954,Normal,0.052206380849448286
13045,99,3,808.92,4.605170185988092,1.3862943611198906,6.696935477356759,2,-0.23414120174549502,-0.01825700483067749,Normal,0.14511075233739612
13046,31,3,949.25,3.4657359027997265,1.3862943611198906,6.856725107869358,3,0.20390624324956852,-0.5988923340662516,Normal,0.1349940237778387
13047,32,24,8795.16,3.4965075614664802,3.2188758248682006,9.082070541595616,0,2.559932857185274,0.7550195347243444,Normal,0.039447715664610916
13048,14,9,4084.21,2.70805020110221,2.302585092994046,8.315128413561517,0,1.7823796900890114,-0.24483938757148557,Normal,0.10677912989408805
13049,64,4,1408.24,4.174387269895637,1.6094379124341003,7.250805830963473,2,0.3163695279503807,-0.008382468603936563,Normal,0.15232501088686795
13050,15,35,12344.53,2.772588722239781,3.58351893845611,9.421049333218992,0,3.2196734632274393,0.5906783698284251,Normal,0.003597639336471281
13051,579,2,155.8,6.363028103540465,1.0986122886681098,5.054971107916307,1,-1.7365207221465977,0.3544908320096408,Normal,0.08519210365910129
13052,212,7,3168.53,5.3612921657094255,2.0794415416798357,8.06133859089476,2,0.6436352559338185,1.0609365990159723,Normal,0.08341099496032006
13053,622,1,127.65,6.434546518787453,0.6931471805599453,4.857095538727753,1,-2.154998822903774,0.18628968617966873,Normal,0.11126983362785464
13055,78,4,2321.11,4.3694478524670215,1.6094379124341003,7.7502315340901236,2,0.47058442412731866,0.24870687983356257,Normal,0.13827175337018716
13056,551,1,209.48,6.313548046277095,0.6931471805599453,5.349390636732037,1,-1.9016648957594944,0.2669185708814702,Normal,0.14440565482964812
13057,530,3,722.09,6.274762021241939,1.3862943611198906,6.583533695739408,2,-0.8234716012762238,0.8686787611894589,Normal,0.12581463055010372
13058,25,3,271.40000000000003,3.258096538021482,1.3862943611198906,5.607271574275358,3,-0.2725810052922076,-1.0874380766741762,Normal,0.0660852041525527
13059,250,10,2303.17,5.5254529391317835,2.3978952727983707,7.7424758038160455,2,0.6946892842422696,1.1725960625834295,Normal,0.06737165207901674
13060,254,1,307.53,5.541263545158426,0.6931471805599453,5.731819083350057,1,-1.4854918902070133,-0.04456493578951832,Normal,0.15210962446611848
13061,72,1,248.61,4.290459441148391,0.6931471805599453,5.519899699795292,1,-1.173156941780657,-0.7978974478619398,Normal,0.11683373851146117
13062,191,1,346.98,5.2574953720277815,0.6931471805599453,5.85214500685857,1,-1.3413596194682695,-0.16506129609432357,Normal,0.13536592410355947
13063,481,1,188.4,6.1779441140506,0.6931471805599453,5.243861180751978,1,-1.9037234768869793,0.1605347870742817,Normal,0.1497141436641039
13064,13,6,1680.74,2.6390573296152584,1.9459101490553132,7.427584250701029,3,1.1464810184111018,-0.679132281367347,Normal,0.11874458652349862
13065,373,5,1260.91,5.924255797414532,1.791759469228055,7.140381725185672,2,-0.15857108643009327,0.9904582859081951,Normal,0.11312897286658657
13066,24,2,470.8,3.2188758248682006,1.0986122886681098,6.1565551669735745,3,-0.2403169421805196,-1.0499461990801213,Normal,0.0995809020961761
13067,82,3,508.51,4.418840607796598,1.3862943611198906,6.233449479555548,3,-0.37554239270466605,-0.25977223374544156,Normal,0.1329692479951064
13068,10,2,344.0,2.3978952727983707,1.0986122886681098,5.84354441703136,3,-0.11098326699519599,-1.596466054811467,Normal,0.06492353762624914
13069,1,38,9683.13,0.6931471805599453,3.6635616461296463,9.17824374217272,0,3.847621284225403,-0.5996457112394408,Anomaly,-0.05067810948387408
13070,192,4,751.7,5.262690188904886,1.6094379124341003,6.623666742040486,2,-0.3084866820614291,0.4041512184323889,Normal,0.1358405179090011
13071,612,1,129.22,6.418364935936212,0.6931471805599453,4.869225327808716,1,-2.1444875561511596,0.18099556492363467,Normal,0.11817926395449302
13072,267,1,177.15,5.5909869805108565,0.6931471805599453,5.182625892051845,1,-1.7405302745851114,-0.18153863358192593,Normal,0.13993776740650993
13073,411,2,418.08,6.021023349349527,1.0986122886681098,6.038061832484764,1,-1.198160208831134,0.4601393032655415,Normal,0.15410252808717712
13074,511,4,1378.74,6.238324625039508,1.6094379124341003,7.229650354603547,2,-0.360365506487089,1.1236726563994552,Normal,0.10431043276596708
13075,130,1,919.61,4.875197323201151,0.6931471805599453,6.825036493805135,1,-0.7944049594546672,-0.08469015544580719,Normal,0.09440325435269581
13076,458,1,135.4,6.129050210060545,0.6931471805599453,4.915591745409362,1,-2.030741518686224,0.035300400015555074,Normal,0.14753055077256394
13077,1,11,3064.67,0.6931471805599453,2.4849066497880004,8.028021421545077,0,2.448187030862074,-1.3753903378226404,Normal,0.00453071712927422
13078,3,57,29532.45,1.3862943611198906,4.060443010546419,10.29327879825586,0,4.411300506645121,0.2617221739402694,Anomaly,-0.07179660634601137
13079,4,6,419.18,1.6094379124341003,1.9459101490553132,6.040683190895481,3,0.8760390971620202,-1.662194877611375,Normal,0.012107110088372064
13080,179,4,280.73,5.19295685089021,1.6094379124341003,5.640949165484632,1,-0.7135181955493645,0.07151565477749104,Normal,0.08357008799871657
13081,12,28,59205.15,2.5649493574615367,3.367295829986474,10.988780700611546,0,3.8040420405283046,0.8663026118314132,Anomaly,-0.0651454465152832
13082,126,21,7335.75,4.844187086458591,3.091042453358316,8.900651244261311,0,1.947623135602177,1.397248587803277,Normal,0.026668735158815737
13083,4,3,395.43,1.6094379124341003,1.3862943611198906,5.982499480722332,3,0.42390084218037766,-1.8844510840919697,Normal,0.028736035503226565
13084,492,1,122.39999999999999,6.20050917404269,0.6931471805599453,4.8154311114712876,1,-2.097433542352096,0.044731633896089265,Normal,0.13748831757939323
13085,158,8,2433.28,5.0689042022202315,2.1972245773362196,7.7974063039073975,2,0.7131966377077369,0.8637721752571527,Normal,0.10473834717075503
13086,383,1,439.33000000000004,5.950642552587727,0.6931471805599453,6.087524445802853,1,-1.4631264593893145,0.2877119365170813,Normal,0.15368965849302973
13087,726,1,313.64,6.588926477533519,0.6931471805599453,5.751429128123554,1,-1.8158004842848343,0.5391555861083193,Normal,0.11317518297271345
13088,417,1,236.11,6.035481432524756,0.6931471805599453,5.468524168478886,1,-1.7598954705982814,0.14921003137087033,Normal,0.16259503566346967
13089,3,203,116737.86,1.3862943611198906,5.318119993844216,11.667694753419712,0,5.96855300312283,1.133503277768729,Anomaly,-0.1481093073637123
13090,9,24,14103.09,2.302585092994046,3.2188758248682006,9.55422010522581,0,3.151512459112941,0.23783457562897564,Normal,0.033962508888072396
13091,28,3,2321.82,3.367295829986474,1.3862943611198906,7.7505372437587425,3,0.6246461665191564,-0.3856282721816837,Normal,0.11445104769492587
13092,71,12,2140.28,4.276666119016055,2.5649493574615367,7.669159060048065,2,1.1940915862109542,0.5230141438266875,Normal,0.09664231358481562
13093,276,55,54943.65,5.6240175061873385,4.02535169073515,10.914081593854366,0,3.2840622104839934,2.7720768817747965,Anomaly,-0.12605044458236447
13094,21,13,2433.1200000000003,3.091042453358316,2.6390573296152584,7.797340573893407,0,1.6898476048146058,-0.0654331196761751,Normal,0.11025594671490968
13095,71,1,74.39999999999999,4.276666119016055,0.6931471805599453,4.32280727501391,1,-1.6895563980150157,-1.1638510872901682,Normal,0.05185985877140531
13096,394,1,419.70000000000005,5.978885764901122,0.6931471805599453,6.041919990596475,1,-1.4921037513268456,0.28963825175997787,Normal,0.15921447518260268
13097,33,28,13389.22,3.5263605246161616,3.367295829986474,9.502279868722015,0,2.8463135175759735,0.9516005398103605,Normal,0.01211190247841687
13098,1,28,28882.44,0.6931471805599453,3.367295829986474,10.271023699486712,0,4.097131328792691,-0.38096926608982185,Anomaly,-0.07679887792717888
13099,99,1,207.35999999999999,4.605170185988092,0.6931471805599453,5.33926735287699,1,-1.3535364422271667,-0.6783868971805672,Normal,0.11353734263490828
13101,234,4,695.4,5.459585514144159,1.6094379124341003,6.545924207894034,2,-0.4059938155567817,0.4894790797255369,Normal,0.13239963023672408
13102,1,37,11696.92,0.6931471805599453,3.6375861597263857,9.367166327203728,0,3.9100107375321973,-0.552600284917189,Anomaly,-0.05274227804525966
13103,40,3,709.64,3.713572066704308,1.3862943611198906,6.566165972461445,3,-0.0026739704626923327,-0.5491734449489539,Normal,0.13119481955393963
13104,3,9,1709.1,1.3862943611198906,2.302585092994046,7.444307127319008,0,1.8309709157169063,-1.2345463013294582,Normal,0.048081292906147155
13105,436,1,72.0,6.07993319509559,0.6931471805599453,4.290459441148391,1,-2.286853837502706,-0.1789219938454787,Normal,0.09510007355470834
13106,133,2,603.46,4.897839799950911,1.0986122886681098,6.4043354974767395,1,-0.6755264882828667,-0.0497224169998719,Normal,0.1367366489594921
13107,44,9,5253.07,3.8066624897703196,2.302585092994046,8.56675829333907,0,1.536545696060467,0.4364372202311008,Normal,0.11485192058297028
13108,373,2,1098.52,5.924255797414532,1.0986122886681098,7.002628999915781,2,-0.7471753731259538,0.6955061546204706,Normal,0.13199888006197874
13109,60,3,1134.03,4.110873864173311,1.3862943611198906,7.034414361284253,3,0.07256554177928176,-0.18986850025408142,Normal,0.14793416766622924
13110,31,12,2957.4700000000003,3.4657359027997265,2.5649493574615367,7.992427521791549,0,1.5970228166048746,0.1725058050269444,Normal,0.11531131297701086
13111,719,1,321.88000000000005,6.579251212010101,0.6931471805599453,5.777280737165245,1,-1.801423098452225,0.5415576804106634,Normal,0.11333299833332894
13112,541,1,20.6,6.295266001439646,0.6931471805599453,3.0726933146901194,1,-2.8863537756188173,-0.4246871366730838,Anomaly,-0.004419239162532063
13113,1,37,18625.73,0.6931471805599453,3.6375861597263857,9.832352924840173,0,4.112415623975757,-0.41334816931062385,Anomaly,-0.06454821452826631
13114,731,1,234.38,6.595780513961311,0.6931471805599453,5.461201229449516,1,-1.944296785078111,0.4560572169097355,Normal,0.10510153884183865
13115,12,10,5494.7,2.5649493574615367,2.3978952727983707,8.611721247259522,0,2.0304047440099113,-0.20009727558213913,Normal,0.1043269926682251
13116,138,1,501.14,4.9344739331306915,0.6931471805599453,6.218878965272838,1,-1.0773185373583893,-0.23344678354992845,Normal,0.11842627450313126
13117,22,18,2643.81,3.1354942159291497,2.9444389791664403,7.880354508063847,0,1.9445068990587457,0.09571515220403178,Normal,0.08020907445194209
13118,20,9,2415.41,3.044522437723423,2.302585092994046,7.790038246643707,0,1.445086741107611,-0.21643838376131355,Normal,0.1266878650101459
13119,669,1,134.9,6.507277712385012,0.6931471805599453,4.911919321157098,1,-2.1546678664041106,0.24281672049120415,Normal,0.09792720888582951
13120,239,1,30.599999999999998,5.480638923341991,0.6931471805599453,3.4531571205928664,1,-2.457340920968449,-0.7601132785971638,Anomaly,-0.0003878869926845496
13121,269,1,283.73,5.598421958998375,0.6931471805599453,5.6515413628105104,1,-1.538907600240425,-0.03706944544733624,Normal,0.14999331777486796
13122,94,2,922.39,4.553876891600541,1.0986122886681098,6.828051680471256,2,-0.37991916362406974,-0.11260096223080135,Normal,0.13541189558075895
13123,473,2,506.75,6.161207321695077,1.0986122886681098,6.229989200460494,1,-1.1599907902444717,0.5949121976836506,Normal,0.14495024679798008
13124,90,4,4782.45,4.51085950651685,1.6094379124341003,8.472917322466122,2,0.7392922753441626,0.5430377463411502,Normal,0.0867502464850895
13125,524,1,158.57,6.263398262591624,0.6931471805599453,5.072482697422336,1,-2.0059291243235897,0.15636638825976354,Normal,0.1478648805541672
13126,5,13,3998.25,1.791759469228055,2.6390573296152584,8.293862122521706,0,2.3261078610286723,-0.6334351851268362,Normal,0.07148396380804323
13127,78,1,259.17,4.3694478524670215,0.6931471805599453,5.561335263505108,1,-1.18067500692347,-0.7419268947977572,Normal,0.12033243689225842
13128,631,1,263.5,6.448889394146858,0.6931471805599453,5.577841251298354,1,-1.8460378112758042,0.4099535777935592,Normal,0.13131672115416815
13129,452,2,233.25,6.115892125483034,1.0986122886681098,5.456388921118531,1,-1.4819318319960577,0.3383433278457315,Normal,0.11994909653592228
13130,94,1,64.0,4.553876891600541,0.6931471805599453,4.174387269895637,1,-1.8437917051593995,-1.0553814084855513,Normal,0.034399942818408635
13131,23,7,3313.77,3.1780538303479458,2.0794415416798357,8.106143518614155,0,1.3692452700350044,-0.1298409410777865,Normal,0.12441934233773128
13132,262,1,77.3,5.572154032177765,0.6931471805599453,4.360547602996758,1,-2.092129364429755,-0.43801265731386974,Normal,0.08858425387146762
13133,274,3,200.45000000000002,5.616771097666572,1.3862943611198906,5.305541211637356,1,-1.1667210568804531,0.12319348882120676,Normal,0.07312342796512306
13134,86,6,2475.23,4.465908118654584,1.9459101490553132,7.814492521251219,2,0.7239763141440723,0.4443076450214473,Normal,0.13360270449664635
13135,197,2,3371.45,5.288267030694535,1.0986122886681098,8.12339476217512,2,-0.05382984349086214,0.6802170056916442,Normal,0.05047176476570647
13136,56,13,6274.56,4.04305126783455,2.6390573296152584,8.74441800304595,0,1.7940214424789085,0.7431626796549597,Normal,0.08940772499801747
13137,11,16,7712.7,2.4849066497880004,2.833213344056216,8.950753247682654,0,2.535826679638461,0.01658416190703577,Normal,0.0933218512937557
13138,22,7,1467.24,3.1354942159291497,2.0794415416798357,7.291819683550217,3,1.0286939910798234,-0.39708040442603176,Normal,0.13266108967637041
13139,16,8,8202.98,2.833213344056216,2.1972245773362196,9.012374681354098,0,1.964914786212309,-0.005651471352271395,Normal,0.09189372177412153
13140,108,5,1215.68,4.6913478822291435,1.791759469228055,7.103881116752489,2,0.22430131414321727,0.2995076663804995,Normal,0.13056559617836533
13141,85,17,7668.58,4.454347296253507,2.8903717578961645,8.945017134061462,0,1.9399583958029691,1.1220562909437328,Normal,0.057962002464406526
13142,19,1,307.09,2.995732273553991,0.6931471805599453,5.7303919480814,3,-0.6628228532312563,-1.4490086546974184,Normal,0.06871494700585945
13143,585,1,405.1,6.373319789577012,0.6931471805599453,6.006599434692252,1,-1.635041954938907,0.4966196959239987,Normal,0.14013217188017657
13144,333,2,135.35,5.811140992976701,1.0986122886681098,4.9152251092915975,1,-1.6188304440437318,0.008258749307169196,Normal,0.08363540096431032
13145,40,7,1423.52,3.713572066704308,2.0794415416798357,7.261590193853443,2,0.8285758189602693,-0.0872841403999038,Normal,0.1291074196980435
13146,26,1,228.91,3.295836866004329,0.6931471805599453,5.437687927995845,3,-0.8872412644987372,-1.3711025880801355,Normal,0.07411628920918034
13147,10,4,712.8000000000001,2.3978952727983707,1.6094379124341003,6.57060281105606,3,0.5949729783517843,-1.191843277054981,Normal,0.09631222292730829
13148,29,26,8621.81,3.4011973816621555,3.295836866004329,9.062166296614707,0,2.640796816699183,0.7246623103717357,Normal,0.04063885328236627
13149,14,4,1676.06,2.70805020110221,1.6094379124341003,7.424797539358498,3,0.8663250951756295,-0.7650733733465858,Normal,0.11741032320112349
13150,484,3,449.96999999999997,6.184148890937483,1.3862943611198906,6.111400818443195,1,-0.9995922403743167,0.6773686040582297,Normal,0.11791996812935113
13151,296,3,2580.7400000000002,5.6937321388027,1.3862943611198906,7.856218869202286,2,-0.08180032844159855,0.9291793937032371,Normal,0.10581454136515361
13152,417,7,2146.38,6.035481432524756,2.0794415416798357,7.672003773368138,2,0.25618376622170486,1.3162471717893778,Normal,0.08394270705565776
13153,6,1,486.22,1.9459101490553132,0.6931471805599453,6.188715766456242,3,-0.12386463924237154,-1.890852134744941,Normal,0.015876504586677886
13154,399,3,1624.84,5.991464547107982,1.3862943611198906,7.3937798842820515,2,-0.379303999744222,0.9549674381893307,Normal,0.12925320008674462
13155,33,6,1750.18,3.5263605246161616,1.9459101490553132,7.468045125403372,3,0.8771091639433051,-0.17761835394787154,Normal,0.13874513776453934
13156,385,3,1586.54,5.955837369464831,1.3862943611198906,7.369940927299805,2,-0.3781537010906848,0.9281807508551184,Normal,0.1294981218540256
13157,49,9,5687.36,3.912023005428146,2.302585092994046,8.646177260619517,0,1.5370249754792678,0.5183238151723558,Normal,0.115750561311114
13158,95,5,1508.18,4.564348191467836,1.791759469228055,7.319321735948278,2,0.35911549717690855,0.29395101136928614,Normal,0.13570186187263322
13159,9,4,1437.85,2.302585092994046,1.6094379124341003,7.271599462399201,3,0.9308056857844418,-1.03457158406132,Normal,0.10230697753427409
13160,22,1,91.8,3.1354942159291497,0.6931471805599453,4.530446639792155,3,-1.2301273168049416,-1.7311211559550617,Normal,0.026147863725600295
13161,313,2,478.88,5.749392985908253,1.0986122886681098,6.173536072646727,1,-1.0513625123830208,0.35087228891619937,Normal,0.1433087477177083
13162,122,16,9275.49,4.812184355372417,2.833213344056216,9.135238521473575,0,1.86339589512953,1.3554455289959615,Normal,0.03784338744631455
13163,610,1,17.65,6.415096959171596,0.6931471805599453,2.9258461460898246,1,-2.9890040724096023,-0.4025512479188113,Anomaly,-0.02457675385791014
13164,569,2,372.2,6.345636360828596,1.0986122886681098,5.922114468973189,1,-1.353597613961594,0.6044748031657947,Normal,0.13315389561761964
13165,46,3,1451.16,3.8501476017100584,1.3862943611198906,7.280807382151422,3,0.26409785830677107,-0.25991805344928887,Normal,0.13264252418921074
13166,283,2,884.18,5.648974238161206,1.0986122886681098,6.785791014157531,2,-0.7524895004908774,0.47876174744788563,Normal,0.1351674999724144
13167,19,5,1125.15,2.995732273553991,1.791759469228055,7.026560014747387,3,0.7390640405739972,-0.6588740890063572,Normal,0.12792172090326848
13168,36,5,1875.31,3.6109179126442243,1.791759469228055,7.537062361117244,3,0.7622192361914133,-0.166744265038949,Normal,0.13871877971069746
13169,64,3,840.08,4.174387269895637,1.3862943611198906,6.734686780300234,3,-0.07838920643335023,-0.2445594540871409,Normal,0.14950090294630136
13170,27,1,116.00999999999999,3.332204510175204,0.6931471805599453,4.7622594012308666,3,-1.1928856349111687,-1.5532309659665327,Normal,0.05166864881423128
13171,22,3,468.41,3.1354942159291497,1.3862943611198906,6.151476586982076,3,0.0038578970122839645,-0.9921547468853774,Normal,0.10046420982021631
13172,400,1,69.6,5.993961427306569,0.6931471805599453,4.257030144499196,1,-2.2735936114477324,-0.23634764565011243,Normal,0.09380874621428836
13173,4,11,2639.35,1.6094379124341003,2.4849066497880004,7.878666763110549,0,2.0868502294915023,-0.914708678071644,Normal,0.06922637464036452
13174,16,12,9494.84,2.833213344056216,2.5649493574615367,9.15860908694789,0,2.3090079162410166,0.17272355713496357,Normal,0.08788560435164744
13175,582,2,831.45,6.368187186350492,1.0986122886681098,6.724373159990861,1,-1.0118245815395517,0.8570665309461377,Normal,0.10993228176938513
13176,46,1,492.84,3.8501476017100584,0.6931471805599453,6.202211578085641,3,-0.7338716970628827,-0.8365085419936281,Normal,0.09961430878370708
13177,65,2,512.2,4.189654742026425,1.0986122886681098,6.240665632741481,3,-0.5176948392488413,-0.48932392965806193,Normal,0.12657352080090695
13178,26,21,14059.19,3.295836866004329,3.091042453358316,9.551102678786863,0,2.7314137338918316,0.7379490938325565,Normal,0.027620315870240275
13179,619,1,572.3100000000001,6.429719478039138,0.6931471805599453,6.3514265826367975,1,-1.503247137038373,0.6309504812920933,Normal,0.11377826519973894
13180,607,1,86.10000000000001,6.410174881966167,0.6931471805599453,4.467056883858457,1,-2.316824073035374,0.056090414721801714,Normal,0.08089312477215721
13181,381,1,359.69,5.945420608606575,0.6931471805599453,5.888018863654928,1,-1.5482433703735061,0.2251103583923926,Normal,0.1608325414323194
13182,45,1,121.18,3.828641396489095,0.6931471805599453,4.805495367221621,1,-1.3346338618853013,-1.2664730491012866,Normal,0.07711553451532838
13183,8,15,7036.18,2.1972245773362196,2.772588722239781,8.858962800721406,0,2.5426932156022612,-0.1917580567742341,Normal,0.08155795389442261
13184,15,10,1701.29,2.772588722239781,2.3978952727983707,7.439729682398054,0,1.4533097898992628,-0.4364033547986163,Normal,0.09787000321767642
13185,268,1,71.4,5.594711379601839,0.6931471805599453,4.282206299391671,1,-2.133511659484577,-0.44902211558396404,Normal,0.07885211820321542
13186,40,3,1575.89,3.713572066704308,1.3862943611198906,7.363209831835215,3,0.3441235784494203,-0.3105809226945601,Normal,0.1339644640156673
13187,337,4,367.01,5.823045895483019,1.6094379124341003,5.90811011171277,1,-0.8010621357535312,0.49902215284856705,Normal,0.10480694614602959
13188,11,1,114.60000000000001,2.4849066497880004,0.6931471805599453,4.750135956238277,3,-0.9241227804245339,-2.0241967807685013,Normal,0.024099636702964444
13189,19,2,260.68,2.995732273553991,1.0986122886681098,5.567122383230129,3,-0.42461159323800507,-1.3494683567944301,Normal,0.07435472312435432
13190,544,3,570.66,6.300785794663244,1.3862943611198906,6.348544409056351,1,-0.9341333047879998,0.8126891781306068,Normal,0.11617870064300745
13191,658,1,164.69,6.490723534502507,0.6931471805599453,5.1101185725812055,1,-2.0630763907124576,0.2930163868499438,Normal,0.11043653025688399
13192,95,6,2558.58,4.564348191467836,1.9459101490553132,7.847598461513884,2,0.7065428251081343,0.5085135355257827,Normal,0.13188382045006836
13193,61,1,117.88,4.127134385045092,0.6931471805599453,4.778114580969449,1,-1.4430876466069338,-1.1100322219590752,Normal,0.08712933345854518
13194,136,2,472.78,4.919980925828125,1.0986122886681098,6.160743078929981,1,-0.788675707485756,-0.11042883806780945,Normal,0.1341590460551847
13195,414,1,172.38,6.028278520230698,0.6931471805599453,5.155485717440494,1,-1.8937703733579125,0.05153012773907003,Normal,0.15969767880031266
13196,11,7,3068.84,2.4849066497880004,2.0794415416798357,8.029380721959248,0,1.5600269604133927,-0.5351327906884125,Normal,0.11013713681692633
13197,610,1,373.01000000000005,6.415096959171596,0.6931471805599453,5.924282535024993,1,-1.6843702332271469,0.49502106562675086,Normal,0.13835881427768393
13198,10,8,4974.2300000000005,2.3978952727983707,2.1972245773362196,8.512226879679845,0,1.888091125058016,-0.3954737079372959,Normal,0.09681666791697885
13199,4,67,16432.89,1.6094379124341003,4.219507705176107,9.707100945028303,0,4.205400991986903,0.2675523427793732,Anomaly,-0.055341469454089465
13200,19,4,870.09,2.995732273553991,1.6094379124341003,6.769745301020691,3,0.48826502324280113,-0.8024868645386486,Normal,0.1291933698565751
13201,502,4,1240.6100000000001,6.220590170099739,1.6094379124341003,7.124164203520231,2,-0.40052725239210263,1.0823140766551995,Normal,0.109428616754842
13202,394,7,1580.3,5.978885764901122,2.0794415416798357,7.366002572529271,2,0.14134568602197758,1.1934307146082477,Normal,0.07819239553631763
13203,10,10,2648.25,2.3978952727983707,2.3978952727983707,7.882031860054945,0,1.766943012475461,-0.5106680190245038,Normal,0.10725785382307568
13204,731,1,966.6600000000001,6.595780513961311,0.6931471805599453,6.874880785908055,1,-1.3291981310188763,0.8792376568166734,Normal,0.057125135333367716
13205,443,1,2803.2,6.095824562432225,0.6931471805599453,7.938873572287031,2,-0.7045512869018418,0.9219841346516718,Normal,0.05041357276469016
13206,400,13,8377.32,5.993961427306569,2.6390573296152584,9.033402696050894,2,1.2887857500988509,1.9057158435869652,Normal,0.0009560285568496196
13207,15,4,535.86,2.772588722239781,1.6094379124341003,6.285737352883712,3,0.3498412162459057,-1.0704504359345528,Normal,0.09283578096537876
13208,59,9,1988.5,4.0943445622221,2.302585092994046,7.595638629866984,2,1.0209631941654387,0.3044099593219114,Normal,0.12927414384539776
13209,30,13,8509.51,3.4339872044851463,2.6390573296152584,9.049057149266432,0,2.1235582871554497,0.49841927059428975,Normal,0.08370733190993718
13210,94,1,353.48,4.553876891600541,0.6931471805599453,5.8706519268912345,1,-1.1057389387601833,-0.5476100253128038,Normal,0.12569723620822232
13211,10,10,2729.32,2.3978952727983707,2.3978952727983707,7.912174097426949,0,1.780058042365474,-0.5016450369685004,Normal,0.1098845052778486
13212,20,3,788.08,3.044522437723423,1.3862943611198906,6.670867709875668,3,0.2592700308468835,-0.88685319183243,Normal,0.13039435372184865
13213,57,11,3851.52,4.060443010546419,2.4849066497880004,8.25648275861493,0,1.4585219486861838,0.5502688604901559,Normal,0.12102475675932634
13214,418,7,3264.23,6.037870919922137,2.0794415416798357,8.091085483333597,2,0.4377553768073983,1.4430158859338382,Normal,0.06825627916618804
13215,402,1,81.6,5.998936561946683,0.6931471805599453,4.414009680526933,1,-2.2069001595878808,-0.18661223347927544,Normal,0.11220563163483238
13216,268,1,333.74,5.594711379601839,0.6931471805599453,5.813354111085492,1,-1.4673020125841385,0.009322069669973362,Normal,0.1502930001222716
13217,122,4,666.48,4.812184355372417,1.6094379124341003,6.503509427278702,2,-0.2150625758695626,0.11970093328768407,Normal,0.13800763423546847
13218,127,1,62.63999999999999,4.852030263919617,0.6931471805599453,4.153242203469586,1,-1.9494224581367996,-0.8972612577881757,Normal,0.03486945908033334
13219,618,1,76.23,6.428105272684596,0.6931471805599453,4.346787982581173,1,-2.374952787658232,0.02997801439236333,Normal,0.07558299961655446
13220,78,5,1336.0900000000001,4.3694478524670215,1.791759469228055,7.198250889720467,2,0.36947275993129397,0.1502093596696156,Normal,0.13428723452251862
13221,240,2,847.41,5.484796933490655,1.0986122886681098,6.743364009514037,2,-0.7178505466540407,0.37550751385549536,Normal,0.1349618138962002
13222,577,1,88.5,6.359573868672378,0.6931471805599453,4.4942386252808095,1,-2.288631505607671,0.03631762167240011,Normal,0.09651850597282213
13223,200,6,969.1200000000001,5.303304908059076,1.9459101490553132,6.877419775186018,2,0.04541597224124173,0.625673577731049,Normal,0.10156319771398503
13224,60,2,2155.95,4.110873864173311,1.0986122886681098,7.676450465777419,2,0.13250167812950805,-0.10297882869905484,Normal,0.09508178475828222
13225,3,16,16260.07,1.3862943611198906,2.833213344056216,9.696529186594761,0,3.215636657703847,-0.36612221391440436,Normal,0.0010050500863523215
13226,273,2,312.46,5.6131281063880705,1.0986122886681098,5.747671760225922,1,-1.192586535717977,0.14823274057934677,Normal,0.14204220427047193
13227,202,1,257.7,5.313205979041787,0.6931471805599453,5.5556690891919835,1,-1.4883759287197653,-0.22308259666219515,Normal,0.1339824091081313
13228,81,1,358.0,4.406719247264253,0.6931471805599453,5.883322388488279,1,-1.052631410981495,-0.6249836233476659,Normal,0.128004526645277
13229,226,1,160.95,5.424950017481403,0.6931471805599453,5.087287645617338,1,-1.728311790906135,-0.30165739321880347,Normal,0.12289064737939603
13230,4,30,6360.78,1.6094379124341003,3.4339872044851463,8.758063491390523,0,3.1933492132729175,-0.3040671596554898,Normal,0.015741631587852134
13232,13,7,1357.6,2.6390573296152584,2.0794415416798357,7.214210036757201,3,1.1554860671356395,-0.6941279723629551,Normal,0.11149763838437665
13233,74,4,1176.46,4.31748811353631,1.6094379124341003,7.071114855037561,2,0.19190265850247384,0.016756500073360603,Normal,0.14833097114199928
13234,673,2,356.95,6.513230110912307,1.0986122886681098,5.880393311842194,1,-1.4259547964743173,0.684423933529752,Normal,0.09835183332613046
13235,212,1,1031.07,5.3612921657094255,0.6931471805599453,6.939321773198559,1,-0.9018944127195127,0.21763187443137846,Normal,0.08701209354822359
13236,25,2,744.85,3.258096538021482,1.0986122886681098,6.614524507599939,3,-0.05373730122079955,-0.8912219190847397,Normal,0.10864999846477474
13237,388,1,643.0,5.963579343618446,0.6931471805599453,6.467698726104354,1,-1.3018949233251076,0.408651320805535,Normal,0.13626367503038056
13238,17,6,1006.63,2.8903717578961645,1.9459101490553132,6.915356317754957,3,0.8423267038392136,-0.6938507596582492,Normal,0.11296515204837959
13239,262,5,1594.69,5.572154032177765,1.791759469228055,7.375061523554606,2,0.05741792886869079,0.866503227000686,Normal,0.12346831506134326
13240,96,8,1738.52,4.574710978503383,2.1972245773362196,7.461364492082669,2,0.7268179998427309,0.49060128524646757,Normal,0.11393887675425357
13241,412,1,115.58,6.023447592961033,0.6931471805599453,4.758577732617404,1,-2.064904467206066,-0.06994755664512896,Normal,0.1409866049784272
13242,112,7,699.4,4.727387818712341,2.0794415416798357,6.551651600411697,2,0.1917842103536672,0.25937954271339525,Normal,0.07966497545200313
13243,203,5,1278.04,5.318119993844216,1.791759469228055,7.153865075522958,2,0.04333542167925143,0.6601734381657117,Normal,0.12005442651844789
13244,93,1,121.74000000000001,4.543294782270004,0.6931471805599453,4.810068296960951,1,-1.5637813618494936,-0.8709290142715416,Normal,0.09912606920727512
13245,51,2,989.22,3.9512437185814275,1.0986122886681098,6.897927140663157,3,-0.1546090224912068,-0.4240730973802181,Normal,0.12929755272212257
13246,18,11,3387.43,2.9444389791664403,2.4849066497880004,8.12812196625448,0,1.7636158399445145,-0.10370015349806642,Normal,0.11841213861561212
13247,18,4,501.12,2.9444389791664403,1.6094379124341003,6.218839134950008,3,0.2651527123281427,-0.9956902535467717,Normal,0.09514225499620554
13248,125,2,465.68,4.836281906951478,1.0986122886681098,6.145643797955656,1,-0.7681750701998401,-0.1611138981651646,Normal,0.13120346854674741
13249,92,9,1608.93,4.532599493153256,2.302585092994046,7.383945978772432,2,0.7871118555567185,0.48276489818144575,Normal,0.10050909503456673
13250,461,2,256.04,6.135564891081739,1.0986122886681098,5.549231714807603,1,-1.4478981699244118,0.37698625624244114,Normal,0.12402114278980886
13251,402,1,252.68,5.998936561946683,0.6931471805599453,5.536073630230092,1,-1.7186848337895806,0.14927401009676336,Normal,0.16625052589168393
13252,394,2,399.3,5.978885764901122,1.0986122886681098,5.992214265998528,1,-1.2044803278977667,0.4231735209111283,Normal,0.15587169686090196
13253,157,4,2951.11,5.062595033026967,1.6094379124341003,7.990275447898748,2,0.3508471192574398,0.7028764080311977,Normal,0.10675401279084523
13254,376,1,51.410000000000004,5.932245187448011,0.6931471805599453,3.959097412814075,1,-2.383264938428097,-0.35957314189976053,Normal,0.0607731255769145
13255,9,3,904.46,2.302585092994046,1.3862943611198906,6.808443101858514,3,0.5590912680995733,-1.2548943581694494,Normal,0.10419448439513945
13257,436,1,149.75,6.07993319509559,0.6931471805599453,5.015622835607295,1,-1.9713318184801585,0.03815334184112574,Normal,0.15390898360673
13258,12,5,1035.18,2.5649493574615367,1.791759469228055,6.943296152901229,3,0.8421617659401767,-0.9214020396058393,Normal,0.11397331842474612
13259,62,9,1433.38,4.143134726391533,2.302585092994046,7.268487979081614,2,0.8628384120190508,0.2333892274255403,Normal,0.10335659092466076
13260,61,1,557.62,4.127134385045092,0.6931471805599453,6.325469456665338,3,-0.7698262295876019,-0.6468365040910731,Normal,0.1043309496251531
13261,269,2,944.1,5.598421958998375,1.0986122886681098,6.8512907420010105,2,-0.7076403580006609,0.4704862005632933,Normal,0.1336314897387853
13262,263,3,573.45,5.575949103146316,1.3862943611198906,6.353413061299374,2,-0.6975841860823565,0.41435473333432427,Normal,0.14206578282353444
13263,1,39,8704.69,0.6931471805599453,3.6888794541139363,9.071732113851352,0,3.8205876123478926,-0.6222624155369393,Anomaly,-0.050344059430211585
13264,443,1,722.5600000000001,6.095824562432225,0.6931471805599453,6.584183472833434,1,-1.2939833495177357,0.5164619994511831,Normal,0.1299945174985263
13265,53,5,2107.66,3.9889840465642745,1.791759469228055,7.653807953637001,2,0.6907395271694983,0.07672979787117787,Normal,0.1450102060972019
13266,11,19,6135.04,2.4849066497880004,2.995732273553991,8.721934861930668,0,2.560220860844022,0.007575767657927098,Normal,0.08571466697847907
13267,3,36,9758.26,1.3862943611198906,3.6109179126442243,9.18597185686055,0,3.5866505928844905,-0.23428863384608212,Anomaly,-0.007609655834751927
13268,18,11,3214.69,2.9444389791664403,2.4849066497880004,8.075797232617925,0,1.7408491011267868,-0.11936339464572888,Normal,0.12013394101162866
13269,1,28,8891.7,0.6931471805599453,3.367295829986474,9.092985994432782,0,3.584561557588707,-0.7336110737570055,Anomaly,-0.03310207430613621
13270,366,1,1180.0,5.905361848054571,0.6931471805599453,7.074116816197362,1,-1.0192105185592184,0.5580701136621491,Normal,0.09281086891640838
13271,37,1,217.38,3.6375861597263857,0.6931471805599453,5.38623666458592,3,-1.0201584242010908,-1.198008677598054,Normal,0.08902927100406183
13272,31,2,276.56,3.4657359027997265,1.0986122886681098,5.626037126031348,3,-0.5509887182002676,-1.0725966097444064,Normal,0.096008811312153
13273,113,1,138.98,4.736198448394496,0.6931471805599453,4.941499555261394,1,-1.5689849852304683,-0.72518729392216,Normal,0.10552529625501667
13274,409,1,360.85,6.016157159698354,0.6931471805599453,5.891229761312137,1,-1.5697243054292953,0.265087073637587,Normal,0.16689500456437734
13275,384,2,241.66,5.953243334287785,1.0986122886681098,5.491661286623727,1,-1.4139798755052528,0.25919122029826525,Normal,0.12232342810206215
13276,64,5,1939.26,4.174387269895637,1.791759469228055,7.57057726369597,2,0.5945613111651439,0.15407619878712545,Normal,0.15103968979252247
13277,16,7,523.3,2.833213344056216,2.0794415416798357,6.262064039578487,3,0.6784078189354592,-0.872060880293076,Normal,0.06310231277172818
13278,41,4,1435.85,3.7376696182833684,1.6094379124341003,7.27020849649701,3,0.4660573898588308,-0.24345089397953867,Normal,0.1422536475004964
13279,78,1,137.75,4.3694478524670215,0.6931471805599453,4.932673752626544,1,-1.4542086004692085,-0.930114701228665,Normal,0.10102263556271851
13280,122,7,2322.63,4.812184355372417,2.0794415416798357,7.750885897035204,2,0.686151347566422,0.6651369691672779,Normal,0.13040027992873687
13281,439,1,350.85,6.0867747269123065,0.6931471805599453,5.863204948412558,1,-1.604757563291389,0.29564785223587714,Normal,0.1654016609909995
13282,18,4,1313.19,2.9444389791664403,1.6094379124341003,7.1809757852429135,3,0.6837829145634992,-0.7076777339758409,Normal,0.1284828031278059
13283,60,4,373.36,4.110873864173311,1.6094379124341003,5.925217901289056,3,-0.2398581814598882,-0.440224498604246,Normal,0.10109196674707444
13284,331,1,201.19,5.805134968916488,0.6931471805599453,5.309207849379209,1,-1.7547148095062046,-0.025530990130242154,Normal,0.1404425025394183
13285,23,6,3364.59,3.1780538303479458,1.9459101490553132,8.121358561033485,0,1.2740202295610232,-0.17416356235048702,Normal,0.11679506723986344
13286,600,1,734.91,6.398594934535208,0.6931471805599453,6.601107828643053,1,-1.3845431729643645,0.6885246679160523,Normal,0.10381856593881683
13287,603,3,781.59,6.403574197934815,1.3862943611198906,6.662608931774919,2,-0.8307267485926999,0.963397489685915,Normal,0.10763903912781603
13288,443,5,927.61,6.095824562432225,1.791759469228055,6.833688844427256,2,-0.34750433938147257,0.993281445240239,Normal,0.11171264894071542
13289,724,1,307.95,6.586171654854675,0.6931471805599453,5.733179451506989,1,-1.8228500246126091,0.5321731504121502,Normal,0.11290700222359479
13290,438,1,208.63,6.0844994130751715,0.6931471805599453,5.345344071975791,1,-1.8293453825516997,0.13937288522432334,Normal,0.15657478300318695
13291,156,11,3320.84,5.056245805348308,2.4849066497880004,8.108274125256557,2,1.0719675512238718,1.0551493551276312,Normal,0.0814082102913688
13292,39,5,994.51,3.6888794541139363,1.791759469228055,6.903255168657213,3,0.4612319736013618,-0.31347184640122855,Normal,0.13309329995994462
13293,392,6,1192.94,5.973809611869261,1.9459101490553132,7.085014041433629,2,-0.08111717086343177,1.0576406943623409,Normal,0.09602417399635654
13294,190,3,1689.53,5.25227342804663,1.3862943611198906,7.432797368219404,2,-0.12325397362373922,0.5589379900396618,Normal,0.12469826607549772
13295,360,4,1101.97,5.8888779583328805,1.6094379124341003,7.005761820334205,2,-0.3447604661097281,0.8639110878490337,Normal,0.13619690257179423
13296,137,6,792.51,4.927253685157205,1.9459101490553132,6.676466142281509,2,0.07960469122995649,0.3581034550044804,Normal,0.11408191222338698
13297,8,7,4368.62,2.1972245773362196,2.0794415416798357,8.382431327786959,0,1.8066846952097855,-0.5881225193168266,Normal,0.08692963228713857
13298,1,1,360.0,0.6931471805599453,0.6931471805599453,5.8888779583328805,3,0.1508501342067245,-2.671583178976477,Anomaly,-0.06442920874898883
13299,268,3,1218.7,5.594711379601839,1.3862943611198906,7.106360205849192,2,-0.37604152673295044,0.6500955908708941,Normal,0.1371657550808147
13300,169,3,1285.51,5.135798437050262,1.3862943611198906,7.1596884047191836,2,-0.2044139795969283,0.41294060177023956,Normal,0.12916666371589403
13301,104,4,618.09,4.653960350157523,1.6094379124341003,6.428250657915328,2,-0.19663432745386294,0.009902225780497497,Normal,0.12949459171316247
13302,155,2,159.2,5.049856007249537,1.0986122886681098,5.076423034634259,1,-1.3024734084343876,-0.36338249727047756,Normal,0.079426374236645
13303,400,1,61.72,5.993961427306569,0.6931471805599453,4.138680376042152,1,-2.325088154856506,-0.27177526915200545,Normal,0.07590091450121372
13304,351,4,1217.99,5.863631175598097,1.6094379124341003,7.105777926002176,2,-0.29307753003186854,0.879925440172374,Normal,0.1325276791589397
13305,4,16,3754.71,1.6094379124341003,2.833213344056216,8.231032627549666,0,2.5058218430331065,-0.6817365624090495,Normal,0.045493653034050396
13306,430,1,53.65,6.066108090103747,0.6931471805599453,4.000949214622548,1,-2.408349711939567,-0.2732113440953878,Normal,0.06377992388256692
13307,120,3,273.34,4.795790545596741,1.3862943611198906,5.614368213050261,1,-0.766822838157449,-0.23718123100082053,Normal,0.08460197526401542
13308,23,4,1670.3700000000001,3.1780538303479458,1.6094379124341003,7.421398928381481,3,0.7128351355799445,-0.5068549288384839,Normal,0.1334649024535431
13309,7,6,1706.3700000000001,2.0794415416798357,1.9459101490553132,7.442709453846698,3,1.3340561402567148,-0.9832670059293892,Normal,0.0972669039755154
13310,28,5,1541.2,3.367295829986474,1.791759469228055,7.34096524739886,3,0.7556900748871266,-0.35981781697167037,Normal,0.14098903977295008
13311,4,2,598.57,1.6094379124341003,1.0986122886681098,6.396212731621162,3,0.38449262620180313,-1.8659091262627532,Normal,0.0345980671957995
13312,451,1,124.75,6.113682179832232,0.6931471805599453,4.8342958089798485,1,-2.0611433502495196,0.0024883116869628273,Normal,0.14140749550089254
13313,22,12,3445.32,3.1354942159291497,2.5649493574615367,8.145062274064983,0,1.7702435356591655,0.036047997796385754,Normal,0.11880284123503082
13314,2,3,775.94,1.0986122886681098,1.3862943611198906,6.655363127308804,3,0.8818810799660969,-1.96478314988165,Normal,0.007023144873289033
13315,689,1,310.26,6.536691597591305,0.6931471805599453,5.740628575776864,1,-1.803605758018053,0.5071117376772426,Normal,0.11846572985860354
13316,37,10,13191.57,3.6375861597263857,2.3978952727983707,9.487409071310847,0,2.064502447339401,0.6536620029821119,Normal,0.06393590623831236
13317,66,19,6486.091,4.204692619390966,2.995732273553991,8.777569481170776,0,2.028204929708756,0.9727971794431408,Normal,0.06099191981970431
13318,1,3,640.76,0.6931471805599453,1.3862943611198906,6.464214402021743,3,0.9298491641865726,-2.245641765421314,Anomaly,-0.029848612801685825
13319,5,58,22082.5,1.791759469228055,4.07753744390572,10.00258600232169,0,4.166718924751684,0.4046002409552586,Anomaly,-0.05177961922433927
13320,78,6,2228.1,4.3694478524670215,1.9459101490553132,7.709353195546886,2,0.7094274166920559,0.3596307763755791,Normal,0.13648870091637333
13321,72,2,567.36,4.290459441148391,1.0986122886681098,6.342755020769874,3,-0.5058780849372925,-0.4031638290394785,Normal,0.13425007658601834
13322,17,1,199.48000000000002,2.8903717578961645,0.6931471805599453,5.300714491147758,3,-0.8157012563229046,-1.6357440048289207,Normal,0.04912690643923823
13323,3,5,787.85,1.3862943611198906,1.791759469228055,6.670576188703463,3,1.1047072257102133,-1.6531403555759354,Normal,0.025182757403511058
13324,36,18,10513.47,3.6109179126442243,2.9444389791664403,9.260507682681968,0,2.3912538694808627,0.7710848844683926,Normal,0.05390025544483246
13325,82,1,675.3,4.418840607796598,0.6931471805599453,6.516636764580894,3,-0.7809936921557301,-0.4287173233967869,Normal,0.10540521319905682
13326,432,1,281.76,6.07073772800249,0.6931471805599453,5.644598481302753,1,-1.6946874938882548,0.221363319834556,Normal,0.16515253976263672
13327,39,20,9879.48,3.6888794541139363,3.044522437723423,9.19831637255775,0,2.4153136195205396,0.8321027564637772,Normal,0.05655777930772332
13328,316,1,1308.48,5.75890177387728,0.6931471805599453,7.17738539082617,1,-0.9269089358126005,0.5082015228059341,Normal,0.08399480853144559
13329,32,8,5112.97,3.4965075614664802,2.1972245773362196,8.539731289584415,0,1.544739080188712,0.2187116594905624,Normal,0.11286163818062589
13330,93,6,2806.18,4.543294782270004,1.9459101490553132,7.93993569970672,2,0.7535284052970761,0.5245421460207802,Normal,0.12639781044806786
13331,402,1,262.4,5.998936561946683,0.6931471805599453,5.573673789309181,1,-1.7023248269292572,0.16052949708953035,Normal,0.16645910834008265
13332,14,1,350.9,2.70805020110221,0.6931471805599453,5.863347044327539,3,-0.5119297145129543,-1.5678832680161083,Normal,0.05678445089841966
13333,411,3,1015.74,6.021023349349527,1.3862943611198906,6.924356709479563,2,-0.593112314411833,0.8307506078791886,Normal,0.14892612710338843
13334,82,5,6263.75,4.418840607796598,1.791759469228055,8.742693962304125,2,1.025492355909414,0.6397765704374095,Normal,0.09006460148786977
13336,77,1,795.12,4.356708826689592,0.6931471805599453,6.679749928251019,3,-0.6899273751386984,-0.41415940645050564,Normal,0.09843956527531872
13337,546,1,1575.26,6.304448802421981,0.6931471805599453,7.362810231430298,1,-1.0226735890972662,0.8646104764958705,Normal,0.06128690620944022
13338,158,4,2445.62,5.0689042022202315,1.6094379124341003,7.8024627591890665,2,0.267088384203345,0.6501351756959686,Normal,0.12530958741042314
13339,201,1,860.12,5.308267697401205,0.6931471805599453,6.758233867538541,1,-0.9635371453212448,0.13417754671878118,Normal,0.09683438353157997
13340,45,12,22100.56,3.828641396489095,2.5649493574615367,10.003403473249906,0,2.3546350254337525,0.9746496266048147,Normal,0.005126375058295718
13341,261,1,775.85,5.568344503761097,0.6931471805599453,6.65524728153801,1,-1.0924625937700658,0.24679714127382196,Normal,0.11490473674142787
13343,178,1,353.43,5.187385805840755,0.6931471805599453,5.870510865261174,1,-1.3106933188815426,-0.19823325803229047,Normal,0.13218102991766312
13344,68,3,2543.72,4.23410650459726,1.3862943611198906,7.841775903285653,2,0.38399577192705886,0.11978294125066065,Normal,0.12341596453026904
13345,288,1,389.5,5.666426688112432,0.6931471805599453,5.967427969279741,1,-1.4234583159557577,0.0949989728624807,Normal,0.14605103686540843
13346,463,6,299.4,6.139884552226255,1.9459101490553132,5.705114919889979,2,-0.7352306860688362,0.7361728275253205,Normal,0.037063276257193856
13347,70,1,341.36,4.2626798770413155,0.6931471805599453,5.835862815013409,1,-1.026695275241925,-0.7186370351832917,Normal,0.12188295305274804
13348,64,1,233.76,4.174387269895637,0.6931471805599453,5.458563715690134,1,-1.1623038060994568,-0.8802790943751475,Normal,0.10250941933516527
13349,11,1,247.32,2.4849066497880004,0.6931471805599453,5.514718236994854,3,-0.5914494177361321,-1.795321527931026,Normal,0.03924184608541692
13350,16,2,979.12,2.833213344056216,1.0986122886681098,6.887675013147945,3,0.20252987811194342,-1.0438043138973276,Normal,0.09751897408185423
13351,66,1,373.94,4.204692619390966,0.6931471805599453,5.926766013169045,1,-0.9683883003864103,-0.7234089810502262,Normal,0.11539730275372961
13352,60,1,397.97999999999996,4.110873864173311,0.6931471805599453,5.988911290320265,3,-0.9110052090684712,-0.7565527853113858,Normal,0.11482926970539559
13354,71,1,743.53,4.276666119016055,0.6931471805599453,6.612753146812557,3,-0.6931901301597732,-0.4783631370941161,Normal,0.10179664569153707
13355,122,1,674.7,4.812184355372417,0.6931471805599453,6.515749190558129,1,-0.9085973191395889,-0.21202983121647045,Normal,0.10472276572551181
13356,80,1,768.24,4.394449154672439,0.6931471805599453,6.645403014442647,3,-0.7170780680031167,-0.40362494094132306,Normal,0.10371814309142624
13357,257,5,3838.36,5.552959584921617,1.791759469228055,8.253060965024673,2,0.4456476097388618,1.1187426289574471,Normal,0.08424364988416588
13358,269,1,439.03,5.598421958998375,0.6931471805599453,6.086842906406214,1,-1.3495058420043624,0.09323667510835246,Normal,0.1425133559104676
13359,64,2,1043.31,4.174387269895637,1.0986122886681098,6.951111659232052,3,-0.20363852515974246,-0.28507513747236923,Normal,0.1335438651531854
13360,432,4,1553.65,6.07073772800249,1.6094379124341003,7.349005718893091,2,-0.25423153010132,1.0669668567602433,Normal,0.1247219673229189
13361,472,2,1450.5,6.159095388491933,1.0986122886681098,7.280352783464685,2,-0.7022895794782358,0.9081703059142503,Normal,0.09590630325203692
13362,9,7,5394.07,2.302585092994046,2.0794415416798357,8.593240852584891,0,1.8643326269698275,-0.46690458250545364,Normal,0.0840726040987193
13363,18,3,1723.86,2.9444389791664403,1.3862943611198906,7.452901166751566,3,0.6319060357978173,-0.7079561468658759,Normal,0.1206588532765836
13364,71,1,134.95999999999998,4.276666119016055,0.6931471805599453,4.9123607248279155,1,-1.4330389066076843,-0.9873701534737778,Normal,0.09457690501483806
13365,34,2,2225.37,3.5553480614894135,1.0986122886681098,7.708127735453272,3,0.3259558763716491,-0.3999028677078359,Normal,0.08195571567821841
13366,50,1,56.160000000000004,3.9318256327243257,0.6931471805599453,4.045854353061666,1,-1.6985296801105947,-1.4369567192449364,Normal,0.016044561986300998
13367,432,1,510.20000000000005,6.07073772800249,0.6931471805599453,6.236760903063325,1,-1.4370348264606723,0.39862524103313546,Normal,0.14803861928300438
13368,257,4,1121.5,5.552959584921617,1.6094379124341003,7.02331361961641,2,-0.22847899233639005,0.6838855914608316,Normal,0.138046362693165
13369,366,1,616.5600000000001,5.905361848054571,0.6931471805599453,6.425776229773726,1,-1.3013065708500116,0.36399143910056847,Normal,0.12904636546815146
13370,372,1,1509.74,5.921578419643816,0.6931471805599453,7.320354875990901,1,-0.9173160298403453,0.640725120025224,Normal,0.07604772499401569
13371,505,2,2297.66,6.226536669287466,1.0986122886681098,7.740081623439195,2,-0.5240716261880621,1.0829866590729726,Normal,0.0721629111531078
13372,90,1,378.64,4.51085950651685,0.6931471805599453,5.939223435262291,1,-1.0619902277218756,-0.5508100886569635,Normal,0.13043063714093572
13373,61,6,7587.1900000000005,4.127134385045092,1.9459101490553132,8.934348370277531,2,1.3207989844844281,0.5926784233967576,Normal,0.09948246032025759
13374,415,2,422.8,6.030685260261263,1.0986122886681098,6.049261645834199,1,-1.1964120265055482,0.46882106750202174,Normal,0.1544762665243834
13375,89,2,1792.23,4.499809670330265,1.0986122886681098,7.491773742009734,2,-0.07364383511719731,0.05626072127836954,Normal,0.11272394251632528
13376,99,3,1019.76,4.605170185988092,1.3862943611198906,6.928302726869797,2,-0.13347221836897102,0.051002039046467953,Normal,0.14389105515702388
13377,397,2,1552.88,5.986452005284438,1.0986122886681098,7.348510307868749,2,-0.6167966280187048,0.8333496351241395,Normal,0.11260277341373887
13379,26,3,572.56,3.295836866004329,1.3862943611198906,6.351862551846838,3,0.03918785853821423,-0.8437310523426251,Normal,0.11720505246384189
13380,433,1,62.4,6.073044534100405,0.6931471805599453,4.14946386144318,1,-2.345973711031022,-0.2249280870341875,Normal,0.0721740783767243
13381,32,12,8224.37,3.4965075614664802,2.5649493574615367,9.014978559424218,0,2.0319872618989145,0.49557563336190064,Normal,0.09463420690570323
13382,281,5,1387.58,5.641907070938114,1.791759469228055,7.236036921219625,2,-0.02563225116657797,0.8633597343086076,Normal,0.12053132512907921
13383,544,1,305.28000000000003,6.300785794663244,0.6931471805599453,5.724499716244923,1,-1.7343255240871636,0.37216710646476125,Normal,0.15123769284987887
13384,31,11,6680.83,3.4657359027997265,2.4849066497880004,8.807147181108476,0,1.8904621463910956,0.38709106953690675,Normal,0.11309743496442892
13385,330,1,534.57,5.802118375377063,0.6931471805599453,6.283331600299074,1,-1.3298933195650287,0.26440599333435594,Normal,0.1298226712974117
13386,414,2,835.46,6.028278520230698,1.0986122886681098,6.729178700993051,1,-0.8997985021332231,0.671024592042261,Normal,0.14859358113227739
13387,417,1,189.44,6.035481432524756,0.6931471805599453,5.249337184326318,1,-1.8552647629698102,0.08359711085306616,Normal,0.16187258538469446
13388,131,3,1185.65,4.882801922586371,1.3862943611198906,7.0788894901355155,2,-0.15774441844829715,0.24921062215770162,Normal,0.1409562548741372
13389,11,3,797.96,2.4849066497880004,1.3862943611198906,6.683310881934879,3,0.445678188295305,-1.1917907737958018,Normal,0.11229977082283665
13390,75,1,544.08,4.330733340286331,0.6931471805599453,6.30093257288162,1,-0.8463514588213848,-0.5418842392464167,Normal,0.11193719203993274
13391,204,1,59.8,5.3230099791384085,0.6931471805599453,4.107589788972121,1,-2.121612938471637,-0.651152982568768,Normal,0.03398138451117072
13392,677,1,91.14,6.519147287940395,0.6931471805599453,4.523309159507771,1,-2.327592908407143,0.13303431372619973,Normal,0.06526830758884583
13393,584,4,1131.45,6.371611847231857,1.6094379124341003,7.032138706272169,2,-0.48941225824464435,1.1380642502634795,Normal,0.09121730703143538
13394,2,19,6621.7,1.0986122886681098,2.995732273553991,8.798258420765713,0,3.0417926936400543,-0.7342033252630349,Normal,0.010211725192125765
13395,185,3,1180.23,5.225746673713202,1.3862943611198906,7.074311547447687,2,-0.27065341638143225,0.43699527884822065,Normal,0.13243506709596475
13396,29,2,1360.99,3.4011973816621555,1.0986122886681098,7.216702144538598,3,0.16199055679056618,-0.6320330895108651,Normal,0.10982844394481833
13397,73,10,3191.87,4.30406509320417,2.3978952727983707,8.068675477823932,2,1.2316484059492003,0.5965726332562562,Normal,0.11890393695255769
13398,192,2,670.34,5.262690188904886,1.0986122886681098,6.509275715047685,1,-0.7478684614159896,0.1829284514581822,Normal,0.13649937271197254
13399,464,3,275.4,6.142037405587356,1.3862943611198906,5.621849091893515,1,-1.1989785769176085,0.5075958001177994,Normal,0.09103803536831051
13400,583,1,310.83,6.369900982828227,0.6931471805599453,5.742458167518031,1,-1.748865338603957,0.4156641735456755,Normal,0.14686901375411604
13402,127,4,1535.13,4.852030263919617,1.6094379124341003,7.3370215455429095,2,0.13471529772459717,0.39118757254295794,Normal,0.14004810685495578
13403,18,3,229.5,2.9444389791664403,1.3862943611198906,5.440250862436703,3,-0.24380762053975286,-1.3104365585459155,Normal,0.04104513216374028
13404,1,2,252.49,0.6931471805599453,1.0986122886681098,5.5353243745214,3,0.3062679185380537,-2.629003791686475,Anomaly,-0.05036371308655185
13405,74,6,1213.811,4.31748811353631,1.9459101490553132,7.1023437881190725,2,0.4621198656278127,0.1492654770441363,Normal,0.12662635904445746
13406,427,2,568.92,6.059123195581797,1.0986122886681098,6.3454960001012966,1,-1.0767166158021848,0.5731831353580054,Normal,0.15575324684168534
13407,579,3,2244.7,6.363028103540465,1.3862943611198906,7.7167725555844955,2,-0.3589415303020024,1.2565943324342554,Normal,0.0846854960500712
13408,2,106,51733.462,1.0986122886681098,4.672828834461906,10.853879414835468,0,5.215334495831261,0.495016667487937,Anomaly,-0.1263266727475505
13410,24,9,2201.96,3.2188758248682006,2.302585092994046,7.697557189578945,0,1.3484574466118,-0.14795571246260752,Normal,0.12678438106048245
13411,107,1,213.55,4.68213122712422,0.6931471805599453,5.368542811437534,1,-1.3656897231450282,-0.6271746514932688,Normal,0.11757324919244128
13412,620,1,487.34999999999997,6.431331081933479,0.6931471805599453,6.191032361893486,1,-1.5735566542430686,0.5838258842059676,Normal,0.12547193126818468
13413,640,6,429.44,6.46302945692067,1.9459101490553132,6.064807941332192,2,-0.683239889179905,1.0220799998568795,Normal,0.016199834652508294
13414,134,6,2494.14,4.90527477843843,1.9459101490553132,7.822100118835836,2,0.5851839882613191,0.6889225963709795,Normal,0.13184500894130663
13415,473,4,800.67,6.161207321695077,1.6094379124341003,6.686697051867266,2,-0.5716653432836944,0.9186064078369244,Normal,0.12307632271500252
13416,44,3,940.8000000000001,3.8066624897703196,1.3862943611198906,6.847792937809454,3,0.08975542637713871,-0.4135242425948484,Normal,0.13609513425198133
13417,5,6,1669.49,1.791759469228055,1.9459101490553132,7.420872275547227,3,1.4175984289915224,-1.1484781900339693,Normal,0.07475359521515546
13418,12,31,12233.6,2.5649493574615367,3.4657359027997265,9.412023282248757,0,3.1930682599020592,0.43033787286761294,Normal,0.028751978076103857
13419,64,1,221.06,4.174387269895637,0.6931471805599453,5.40294761562612,1,-1.1865026340001006,-0.8969275955036194,Normal,0.0999277116056092
13420,150,2,159.85,5.017279836814924,1.0986122886681098,5.080472253685035,1,-1.290175606479658,-0.3801381311089943,Normal,0.08179687287826926
13421,40,8,4103.12,3.713572066704308,2.1972245773362196,8.319746626189215,0,1.3788184949895574,0.27258433465697113,Normal,0.1186780694332345
13422,64,1,2626.3,4.174387269895637,0.6931471805599453,7.8737119818711125,3,-0.1114613849195591,-0.15731220909083027,Normal,0.04565438363028118
13423,429,1,217.03,6.063785208687608,0.6931471805599453,5.3846326679999565,1,-1.8055512247237824,0.13970864711753306,Normal,0.1587000295448135
13424,450,1,572.77,6.111467339502679,0.6931471805599453,6.352228619155015,1,-1.3999672768727573,0.45565500844408063,Normal,0.13785691757856527
13425,108,5,3403.63,4.6913478822291435,1.791759469228055,8.132891548949473,2,0.6720286148356638,0.6075386380222115,Normal,0.11236827805609967
13426,1,22,8167.38,0.6931471805599453,3.1354942159291497,9.00802588177899,0,3.370798558879895,-0.843891170454711,Anomaly,-0.017744984337307312
13427,19,6,1006.53,2.995732273553991,1.9459101490553132,6.915257070052459,3,0.8082072322286569,-0.6357676872644913,Normal,0.1146963966080512
13428,10,3,499.98,2.3978952727983707,1.3862943611198906,6.216566180128353,3,0.2707370705665675,-1.3795014101776892,Normal,0.07565580841412567
13429,11,4,1006.8,2.4849066497880004,1.6094379124341003,6.915525016246498,3,0.7169085522425617,-1.0405998142083073,Normal,0.11381683002217685
13430,19,2,679.45,2.995732273553991,1.0986122886681098,6.5227543440063265,3,-0.008811612143303425,-1.063402995162201,Normal,0.10681176855456287
13431,67,8,3316.24,4.219507705176107,2.1972245773362196,8.106888390866821,2,1.1225703314275788,0.4879204179404186,Normal,0.12736883266358207
13432,571,2,439.1,6.349138991379798,1.0986122886681098,6.0870019738170456,1,-1.282987121982932,0.6557652641776344,Normal,0.12703715960143136
13433,501,4,658.3199999999999,6.218600119691729,1.6094379124341003,6.491209000863155,2,-0.675285418260386,0.8917433325961255,Normal,0.11443093539213683
13434,74,5,1666.8600000000001,4.31748811353631,1.791759469228055,7.419296646542416,2,0.4824559230461421,0.18771971721777603,Normal,0.14614666398655157
13435,5,9,4475.2300000000005,1.791759469228055,2.302585092994046,8.40653645327697,0,2.118503643881397,-0.722867181733655,Normal,0.07387708723422926
13436,2,1,196.89,1.0986122886681098,0.6931471805599453,5.287711320760812,3,-0.2418581077521769,-2.6279016254293506,Anomaly,-0.044128769500197174
13437,14,7,3408.06,2.70805020110221,2.0794415416798357,8.134191872452362,0,1.5334604492093094,-0.3806805641408623,Normal,0.11304247164137593
13438,547,1,46.5,6.306275286948016,0.6931471805599453,3.8607297110405954,1,-2.547036101245209,-0.18271867386617255,Normal,0.04482400981251322
13439,255,3,986.61,5.545177444479562,1.3862943611198906,6.895287882976667,2,-0.45185954873333,0.5595907670456906,Normal,0.14289436091410967
13440,423,7,1295.25,6.049733455231958,2.0794415416798357,7.167230759543737,2,0.03194517400620014,1.1730058535186405,Normal,0.06023539008471679
13441,92,2,720.9,4.532599493153256,1.0986122886681098,6.581886625145115,3,-0.4801450867684676,-0.19802547112835822,Normal,0.13370148524619674
13442,667,3,419.87,6.504288173536645,1.3862943611198906,6.042323997398791,1,-1.1331891325662975,0.8332671148078161,Normal,0.07173635541275958
13443,449,6,1280.16,6.1092475827643655,1.9459101490553132,7.155521196517061,2,-0.09424328217785337,1.1534491269075413,Normal,0.08342755510901967
13444,374,2,631.6800000000001,5.926926025970411,1.0986122886681098,6.449964765095288,1,-0.988505813088328,0.5315406836711075,Normal,0.14600631621380117
13445,626,1,241.89999999999998,6.440946540632921,0.6931471805599453,5.492649836008127,1,-1.8805360763632153,0.38007083040845485,Normal,0.12926684908884745
13446,430,11,3881.89,6.066108090103747,2.4849066497880004,8.264335000718507,2,0.8132550555582551,1.6588666214913494,Normal,0.03298270511146362
13447,23,3,1129.14,3.1780538303479458,1.3862943611198906,7.030096797837492,3,0.37238483284779733,-0.7056683697174111,Normal,0.13052841154224626
13448,17,13,9240.87,2.8903717578961645,2.6390573296152584,9.131499525111849,0,2.335248508816122,0.22326089462019016,Normal,0.09516165944283544
13449,24,1,291.88,3.2188758248682006,0.6931471805599453,5.679762968811981,3,-0.7570220992845627,-1.3410869323165167,Normal,0.07544596600595499
13450,27,13,4120.04,3.332204510175204,2.6390573296152584,8.323860837673656,0,1.8409410751665247,0.22519468715028718,Normal,0.11268424950754974
13451,26,11,7190.92,3.295836866004329,2.4849066497880004,8.880713452619068,0,1.977420877373472,0.3154031650867749,Normal,0.10944732905632282
13452,259,3,729.8,5.560681631015528,1.3862943611198906,6.594139824503851,2,-0.5879049426759272,0.47799457099277387,Normal,0.14656172456201066
13453,166,3,781.6899999999999,5.117993812416755,1.3862943611198906,6.662736704441964,2,-0.41488154079144385,0.2543593628745601,Normal,0.14398701674637288
13454,641,1,219.87,6.464588303689961,0.6931471805599453,5.397574293145378,1,-1.9295502457629343,0.36465015298763587,Normal,0.11614657739142559
13455,25,6,2905.93,3.258096538021482,1.9459101490553132,7.974852820461591,0,1.1843870285453497,-0.17387112671910868,Normal,0.11900260516484873
13456,18,6,1766.72,2.9444389791664403,1.9459101490553132,7.477445859614847,3,1.069407795417661,-0.495769672297433,Normal,0.13246035315213012
13457,689,2,148.22,6.536691597591305,1.0986122886681098,5.005421727043368,1,-1.8142471124062056,0.4354444445199314,Normal,0.05047631148567233
13458,7,16,11959.27,2.0794415416798357,2.833213344056216,9.389345602500642,0,2.8577980830756315,-0.07576348161721051,Normal,0.05826562870869967
13459,625,2,1160.4099999999999,6.439350371100098,1.0986122886681098,7.057390063198797,2,-0.8899433496335831,0.9960049304909142,Normal,0.07968915455917153
13460,29,2,183.44,3.4011973816621555,1.0986122886681098,5.217324207338505,3,-0.7079482299089888,-1.2305404606750574,Normal,0.06348405897160625
13461,39,6,4160.0,3.6888794541139363,1.9459101490553132,8.333510708982942,0,1.20111454530704,0.17109514225579292,Normal,0.1120807831294185
13462,253,5,1153.85,5.537334267018537,1.791759469228055,7.051725744392169,2,-0.0720053926761734,0.7505084642531696,Normal,0.11828265854440645
13464,58,6,3097.64,4.07753744390572,1.9459101490553132,8.038718584534573,2,0.9471471539008395,0.2972187675553495,Normal,0.128115246509366
13465,446,2,931.12,6.102558594613569,1.0986122886681098,6.8374615617621375,1,-0.8767081957804486,0.7444087326323683,Normal,0.1391943835980986
13466,184,5,1013.35,5.220355825078324,1.791759469228055,6.9220032922473385,2,-0.02592930029300115,0.5368434262051376,Normal,0.12373627711683438
13467,11,2,1083.71,2.4849066497880004,1.0986122886681098,6.989067949142608,3,0.35929772674495597,-1.2055651532131404,Normal,0.08440461303915131
13468,2,72,13390.51,1.0986122886681098,4.290459441148391,9.502376203051499,0,4.33565368135978,-0.04951215593953465,Anomaly,-0.06879063861194623
13469,653,1,82.4,6.483107351457199,0.6931471805599453,4.423648309364701,1,-2.3592995769172336,0.08332292412547307,Normal,0.066167036730986
13470,99,2,165.0,4.605170185988092,1.0986122886681098,5.111987788356544,1,-1.143176235510427,-0.5980077873238313,Normal,0.07101480420741924
13471,1,4,2531.58,0.6931471805599453,1.6094379124341003,7.836993824962504,3,1.6973448739099062,-1.7530262458056576,Anomaly,-0.01667615227770436
13472,464,2,592.24,6.142037405587356,1.0986122886681098,6.385599038873762,1,-1.086084172654298,0.630920119943102,Normal,0.14436802731283116
13473,61,8,2657.7599999999998,4.127134385045092,2.1972245773362196,7.8856151276733355,2,1.0561691860909241,0.3707334289210711,Normal,0.1371098300120288
13474,236,3,663.79,5.4680601411351315,1.3862943611198906,6.4994712013101745,2,-0.5991395465435285,0.3985693939616712,Normal,0.1409603771073914
13475,191,4,1431.78,5.2574953720277815,1.6094379124341003,7.2673718919667785,2,-0.026727393302420598,0.5939770300544619,Normal,0.13126456354283372
13476,179,5,2061.4700000000003,5.19295685089021,1.791759469228055,7.631659572648505,2,0.2917070299276732,0.7341645435146984,Normal,0.12461300963471167
13477,38,11,2834.17,3.6635616461296463,2.4849066497880004,7.949857179090672,0,1.4534693055560597,0.23957707984239843,Normal,0.11970444029803429
13478,469,5,2215.78,6.152732694704104,1.791759469228055,7.703810971494357,2,0.012684361987648194,1.2851380352984196,Normal,0.09747603981709468
13479,201,4,851.37,5.308267697401205,1.6094379124341003,6.748020704860861,2,-0.2691206185545593,0.4665149676113969,Normal,0.1401142706545238
13480,417,2,627.82,6.035481432524756,1.0986122886681098,6.443845047224953,1,-1.026278129232607,0.5895837257773812,Normal,0.15388086857642408
13481,46,11,3830.84,3.8501476017100584,2.4849066497880004,8.251100384565598,0,1.5241949720327976,0.43266685721934856,Normal,0.12194810106207105
13482,232,2,336.09,5.4510384535657,1.0986122886681098,5.82034995701211,1,-1.1085399649761616,0.08058634770365884,Normal,0.1354593197819794
13483,66,1,140.34,4.204692619390966,0.6931471805599453,4.951168335262708,1,-1.3928754593340913,-1.0154510160520243,Normal,0.09076920248221293
13484,241,3,790.72,5.488937726156687,1.3862943611198906,6.674207793952535,2,-0.5298631750835282,0.4623915001005746,Normal,0.1446179197292749
13485,233,11,3019.2200000000003,5.455321115357702,2.4849066497880004,8.01308495539777,2,0.901479120311429,1.2467692750961454,Normal,0.06479506681695457
13486,78,3,1122.41,4.3694478524670215,1.3862943611198906,7.024123981607583,2,-0.01554129950575837,-0.05032948999124251,Normal,0.14484662816835414
13487,58,5,846.87,4.07753744390572,1.791759469228055,6.742727322153176,2,0.2656836038712489,-0.14715664024115052,Normal,0.1360953211959663
13488,17,23,15587.88,2.8903717578961645,3.1780538303479458,9.65431311854747,0,2.9738229697510605,0.5770551802961255,Normal,0.02140012095881416
13489,105,4,449.52,4.663439094112067,1.6094379124341003,6.110402471179496,2,-0.33799724369558143,-0.08001650097098245,Normal,0.10865089459057126
13490,654,1,154.25,6.484635235635252,0.6931471805599453,5.045036720813588,1,-2.0894247001595794,0.270176273342821,Normal,0.10768883937265222
13491,52,27,4566.56,3.970291913552122,3.332204510175204,8.42673442445488,0,2.207995479760273,0.8616501712284734,Normal,0.023511311131036994
13492,136,3,1269.84,4.919980925828125,1.3862943611198906,7.147433378135437,2,-0.13994529053625454,0.29023551409940096,Normal,0.1376176048444327
13493,275,2,618.63,5.62040086571715,1.0986122886681098,6.429122525704993,1,-0.8984362846707653,0.35623421353174284,Normal,0.1442604848987139
13494,312,1,316.26000000000005,5.746203190540153,0.6931471805599453,5.759721626980309,1,-1.5396340903377597,0.07682437619977572,Normal,0.1493438271241928
13495,8,10,5374.26,2.1972245773362196,2.3978952727983707,8.589562223918994,0,2.139694857561319,-0.4095532620240419,Normal,0.08791809510505005
13496,11,2,653.33,2.4849066497880004,1.0986122886681098,6.483611811351871,3,0.13937137312354378,-1.356871826473517,Normal,0.08675802315677295
13497,283,6,1320.33,5.648974238161206,1.9459101490553132,7.186394084074248,2,0.06805384176990796,0.9088218672960056,Normal,0.10350680957966268
13498,730,1,327.38,6.594413459749778,0.6931471805599453,5.794171474383882,1,-1.7989777180274065,0.5549767773232791,Normal,0.11169867135315542
13499,18,5,1159.11,2.9444389791664403,1.791759469228055,7.056270107190766,3,0.7685806069075773,-0.6782718637417329,Normal,0.12890957188588692
13500,23,4,1466.3,3.1780538303479458,1.6094379124341003,7.291179256213421,3,0.6561759409861817,-0.5458357699356461,Normal,0.13418087611390173
13501,288,3,2885.11,5.666426688112432,1.3862943611198906,7.967664853645572,2,-0.024478372179255106,0.9474797620169069,Normal,0.09504745830102429
13502,17,5,780.5,2.8903717578961645,1.791759469228055,6.6612151498615315,3,0.614177052226908,-0.8263516840980002,Normal,0.11635893845441747
13503,71,6,1905.39,4.276666119016055,1.9459101490553132,7.552966680281895,2,0.671390893266699,0.26164216220376957,Normal,0.13901148927116214
13504,64,1,295.93,4.174387269895637,0.6931471805599453,5.693496420787701,1,-1.0600834761528186,-0.809952742807347,Normal,0.11135277965576007
13505,73,4,4393.63,4.30406509320417,1.6094379124341003,8.388138619999735,2,0.7692872694885265,0.40359972048077014,Normal,0.09551152065576862
13506,316,5,1639.2,5.75890177387728,1.791759469228055,7.402573464602311,2,0.008989503154136906,0.9777416635071995,Normal,0.11806732926355862
13507,3,4,2479.16,1.3862943611198906,1.6094379124341003,7.816078353206984,3,1.4640629074572113,-1.3769740724755772,Normal,0.037899945137134794
13508,244,2,287.05,5.501258210544727,1.0986122886681098,5.663134076178392,1,-1.1931876927645562,0.061223552066807345,Normal,0.12487985353339748
13509,9,8,1114.72,2.302585092994046,2.1972245773362196,7.017255215404227,3,1.268447643333913,-0.8955580851928542,Normal,0.07183249481436582
13510,1,11,4558.29,0.6931471805599453,2.4849066497880004,8.42492218863127,0,2.6208804298112542,-1.2565793665190017,Normal,0.005237812706780587
13511,677,1,282.76,6.519147287940395,0.6931471805599453,5.648128810465367,1,-1.8381785639735027,0.46974546763200653,Normal,0.11729901658865666
13512,261,4,713.39,5.568344503761097,1.6094379124341003,6.571429031703961,2,-0.4300719881783409,0.5571011154635293,Normal,0.13689616048412234
13513,127,3,824.59,4.852030263919617,1.3862943611198906,6.716098282250842,2,-0.3056442447299698,0.12363778223864293,Normal,0.15036644969660207
13514,74,4,815.9000000000001,4.31748811353631,1.6094379124341003,6.705516688347823,2,0.032829168877474155,-0.09268413822554292,Normal,0.15268901462395762
13515,73,6,1265.82,4.30406509320417,1.9459101490553132,7.1442651023516675,2,0.4847013759761161,0.15441086956619,Normal,0.12527163466091873
13516,21,4,1685.26,3.091042453358316,1.6094379124341003,7.430268337823136,3,0.7448359647328694,-0.552192006867329,Normal,0.13063813227222704
13517,60,3,2128.42,4.110873864173311,1.3862943611198906,7.663604921153483,2,0.3463293270403937,-0.001522324705095106,Normal,0.13005741072056937
13518,86,1,659.4399999999999,4.465908118654584,0.6931471805599453,6.492906279563631,1,-0.80654177645456,-0.40986035097455126,Normal,0.1127051455998665
13519,78,2,343.21,4.3694478524670215,1.0986122886681098,5.8412519362316475,3,-0.7496313210906624,-0.5097202184909451,Normal,0.12481363364144465
13520,59,11,6909.4,4.0943445622221,2.4849066497880004,8.840782802206437,0,1.7017890283820132,0.7438759875647996,Normal,0.10722892469179407
13521,1,3,1093.65,0.6931471805599453,1.3862943611198906,6.998189956453345,3,1.16218445073073,-2.0857978962845225,Anomaly,-0.020178392328087158
13522,30,1,125.80000000000001,3.4339872044851463,0.6931471805599453,4.842611042003125,3,-1.1908433858173824,-1.4730385659637952,Normal,0.06418389088043741
13523,33,6,5101.52,3.5263605246161616,1.9459101490553132,8.53748981432355,0,1.3424296007709495,0.14251648272411385,Normal,0.09863897338848626
13524,41,5,680.1800000000001,3.7376696182833684,1.791759469228055,6.523826588404497,3,0.28036081735239854,-0.4001418087673652,Normal,0.11562874209709817
13525,15,2,628.78,2.772588722239781,1.0986122886681098,6.445370552049637,3,0.029688672342766377,-1.2096449299233962,Normal,0.09064609715869953
13526,738,2,1182.0,6.6052979209482015,1.0986122886681098,7.075808863978387,2,-0.9356009290169672,1.0930487839917544,Normal,0.05480650356732619
13527,34,12,4683.74,3.5553480614894135,2.5649493574615367,8.452065696867873,0,1.7680306915844428,0.35952361593916904,Normal,0.11345148236443131
13529,79,2,307.76,4.382026634673881,1.0986122886681098,5.732564276081653,1,-0.8009901357646576,-0.5353175515348366,Normal,0.1210854310992922
13530,634,1,402.97999999999996,6.453624998892692,0.6931471805599453,6.001365371785244,1,-1.6632920813053398,0.5393461407855713,Normal,0.12292594732803758
13531,205,6,1738.52,5.327876168789581,1.9459101490553132,7.461364492082669,2,0.2915461026024053,0.8140281115947147,Normal,0.11192818307878444
13532,34,1,210.31,3.5553480614894135,0.6931471805599453,5.353326249578836,3,-1.0078799946239836,-1.2532196562552107,Normal,0.08564980611892725
13533,183,3,270.79,5.214935757608986,1.3862943611198906,5.605029709281564,1,-0.9064483588330162,-0.00879240853327998,Normal,0.0859450265377329
13534,2,35,7720.9,1.0986122886681098,3.58351893845611,8.951815726727379,0,3.556914544045046,-0.4730858051329612,Anomaly,-0.021059670826924837
13535,403,1,89.5,6.0014148779611505,0.6931471805599453,4.505349850705881,1,-2.1679591708540555,-0.15790290339400548,Normal,0.11574726858524037
13536,1,7,3448.29,0.6931471805599453,2.0794415416798357,8.145923691744827,0,2.1902362466244694,-1.4885111898337418,Anomaly,-6.482544447461436e-06
13537,426,2,717.85,6.056784013228625,1.0986122886681098,6.577652712868601,1,-0.9749475817672525,0.6413883000925735,Normal,0.154784118632819
13538,43,12,3112.73,3.784189633918261,2.5649493574615367,8.043576643432518,0,1.5162819505990768,0.3634638810664779,Normal,0.11494538864044906
13539,86,7,1569.3600000000001,4.465908118654584,2.0794415416798357,7.35906017142033,2,0.6276607243207856,0.3568526276107699,Normal,0.12362796837563589
13540,467,3,632.39,6.148468295917647,1.3862943611198906,6.451086346168101,1,-0.8402534443763368,0.7593723420169862,Normal,0.13660277015247674
13541,427,2,785.25,6.059123195581797,1.0986122886681098,6.667274808014651,1,-0.9367091362089165,0.6695065891869828,Normal,0.14917968650058638
13542,377,17,4006.17,5.934894195619588,2.8903717578961645,8.295840535491127,2,1.1786518147700542,1.744339715758246,Normal,0.00964579886599748
13543,634,2,1439.6100000000001,6.453624998892692,1.0986122886681098,7.272821913983301,2,-0.8008247136546602,1.0683670959940186,Normal,0.06003711117221411
13544,40,6,829.0,3.713572066704308,1.9459101490553132,6.721425700790643,3,0.49170251866219583,-0.2978578438693434,Normal,0.11821154617010754
13545,391,2,374.64,5.971261839790462,1.0986122886681098,5.928631237936413,1,-1.2296798312232617,0.39993508348082146,Normal,0.15575418380357764
13546,12,5,1092.14,2.5649493574615367,1.791759469228055,6.9968095678056486,3,0.8654457055935739,-0.9053829705341284,Normal,0.11397331842474612
13547,408,1,175.53,6.013715156042802,0.6931471805599453,5.173490833601192,1,-1.8812260973838384,0.0488873135679227,Normal,0.1601914548842182
13548,96,3,908.99,4.574710978503383,1.3862943611198906,6.813433610439527,2,-0.1736010260431602,-0.000183782194117134,Normal,0.1437374003048285
13549,26,8,1005.8,3.295836866004329,2.1972245773362196,6.914532263261161,3,0.9025093464342078,-0.37846864267803576,Normal,0.0924570599087185
13550,383,1,349.51,5.950642552587727,0.6931471805599453,5.8593892367381235,1,-1.5623891666967413,0.21942039357921417,Normal,0.16379551952012944
13551,319,2,244.2,5.768320995793772,1.0986122886681098,5.5020742040620565,1,-1.3496405468195278,0.16031229025612176,Normal,0.11595648996095437
13552,66,22,6978.92,4.204692619390966,3.1354942159291497,8.850792734372686,0,2.1666619673250613,1.045874121561496,Normal,0.0433904316992908
13553,675,1,517.8,6.516193076042964,0.6931471805599453,6.251518452442289,1,-1.5746854122171436,0.6487387922600579,Normal,0.1002995159382879
13554,380,7,1638.28,5.942799375126701,2.0794415416798357,7.402012400028577,2,0.1686849945250383,1.184306285268481,Normal,0.0769418308203278
13555,74,13,8999.19,4.31748811353631,2.6390573296152584,9.105000967206632,0,1.8621528910726182,1.0024707736588039,Normal,0.05959153666581807
13556,429,2,200.82,6.063785208687608,1.0986122886681098,5.307376211036383,1,-1.5299152551126654,0.2649966929223608,Normal,0.11824546796885971
13557,28,13,3032.26,3.367295829986474,2.6390573296152584,8.017393227720415,0,1.6962461388222956,0.15280960491399181,Normal,0.1108405955060015
13558,6,4,605.06,1.9459101490553132,1.6094379124341003,6.406978991069148,3,0.6699630430897358,-1.490121040307104,Normal,0.05311887539165505
13559,513,2,990.0,6.2422232654551655,1.0986122886681098,6.898714534329988,1,-0.8952278686147414,0.8397782394031604,Normal,0.1186454424224585
13560,7,1,174.37,2.0794415416798357,0.6931471805599453,5.166898027681201,3,-0.6116498364228047,-2.1230792495858966,Normal,0.013434558673202202
13561,216,11,1820.72,5.37989735354046,2.4849066497880004,7.507536388732624,2,0.7059065262089292,1.0538341062244014,Normal,0.051529895464499154
13562,82,8,4838.18,4.418840607796598,2.1972245773362196,8.484500563869632,2,1.222401807435228,0.7109017232886918,Normal,0.10704306151799642
13563,84,2,777.53,4.442651256490317,1.0986122886681098,6.657407526177046,3,-0.4181940231090661,-0.22503049708710793,Normal,0.14392670881333114
13564,144,37,17249.55,4.976733742420574,3.6375861597263857,9.755599306009191,0,2.6935981886270453,1.9263364087323633,Anomaly,-0.06896613167247556
13565,19,3,414.8,2.995732273553991,1.3862943611198906,6.030204375423913,3,-0.0037056244993454836,-1.105544471508708,Normal,0.09003699783310476
13566,41,5,1708.1200000000001,3.7376696182833684,1.791759469228055,7.4437338971514055,2,0.6806168335651303,-0.12477050710948401,Normal,0.14694586487177885
13567,428,4,1083.69,6.061456918928017,1.6094379124341003,6.989049510864743,2,-0.4078485255717632,0.9540961856658765,Normal,0.13779359808474
13568,173,1,192.85,5.159055299214529,0.6931471805599453,5.267084664116938,1,-1.5640840987044284,-0.3944929662192974,Normal,0.11589267481077231
13569,17,4,893.78,2.8903717578961645,1.6094379124341003,6.796577878002746,3,0.5340162927266835,-0.8525674005775334,Normal,0.12814689028949844
13570,243,1,239.49,5.497168225293202,0.6931471805599453,5.482678508639762,1,-1.5796325758656764,-0.1434656390289875,Normal,0.13562867998521833
13571,13,26,4546.54,2.6390573296152584,3.295836866004329,8.422341706395374,0,2.6089017216327735,0.11276592209204837,Normal,0.049962579129069984
13572,206,1,1384.25,5.332718793265369,0.6931471805599453,7.233635907747459,1,-0.7645955820110889,0.28997390025028885,Normal,0.07130777150156964
13573,50,6,916.47,3.9318256327243257,1.9459101490553132,6.821619881846465,2,0.46470868869243287,-0.14748481890517867,Normal,0.11692365599475962
13574,411,1,421.25,6.021023349349527,0.6931471805599453,6.04559755568791,1,-1.5041319991026947,0.3139805794852291,Normal,0.16055021077865944
13575,23,5,732.0699999999999,3.1780538303479458,1.791759469228055,6.597241195280628,3,0.49329793415416784,-0.6868277873247868,Normal,0.11026194615081647
13576,10,28,11551.74,2.3978952727983707,3.367295829986474,9.354677917252715,0,3.147065767352438,0.2849986197587325,Normal,0.03859130965247071
13577,25,11,3489.28,3.258096538021482,2.4849066497880004,8.157737241204641,0,1.6750567004187062,0.07816645166057645,Normal,0.12024180718896249
13578,409,1,147.66,6.016157159698354,0.6931471805599453,5.001661819297148,1,-1.9567795198361613,-0.0012022359228241004,Normal,0.15405850163304935
13579,15,5,1539.04,2.772588722239781,1.791759469228055,7.3395636690963295,3,0.9474237473649114,-0.6882547941437593,Normal,0.12678101053634883
13580,406,1,107.75,6.008813185442595,0.6931471805599453,4.689051669968793,1,-2.0904224434479746,-0.09883173312927822,Normal,0.13425132054230038
13581,309,2,280.53000000000003,5.736572297479192,1.0986122886681098,5.640239013837417,1,-1.2792560433711297,0.1841601298254315,Normal,0.12658946199745125
13582,390,2,241.68,5.968707559985366,1.0986122886681098,5.491743703074097,1,-1.4189455422625654,0.26774535966463836,Normal,0.12385868936129907
13583,156,2,1445.031,5.056245805348308,1.0986122886681098,7.276577840939809,2,-0.3472422817130699,0.2987511508136636,Normal,0.1113190654048059
13584,307,3,392.45,5.730099782973574,1.3862943611198906,5.974953994980992,1,-0.9121097907042399,0.38608777372916575,Normal,0.12062250130942209
13585,531,3,684.54,6.2766434893416445,1.3862943611198906,6.530206848868181,2,-0.8472828792544043,0.8537532856311066,Normal,0.1270281368858826
13586,541,1,131.53,6.295266001439646,0.6931471805599453,4.886809034892587,1,-2.0970234548213518,0.11836258418484613,Normal,0.13582899387344233
13587,64,4,1673.5,4.174387269895637,1.6094379124341003,7.423269892234259,2,0.39140945582979425,0.04324409484410673,Normal,0.1492248562159657
13588,16,9,2478.95,2.833213344056216,2.302585092994046,7.815993677665464,0,1.5247228431278472,-0.3252186249333911,Normal,0.12133327756657097
13589,15,6,1120.74,2.772588722239781,1.9459101490553132,7.022636330174057,3,0.9270987936020672,-0.7267013951366241,Normal,0.10909369932663399
13590,11,18,6349.59,2.4849066497880004,2.9444389791664403,8.756303000956382,0,2.53605290366088,-0.000911393528661358,Normal,0.08672017366236756
13591,65,7,2093.94,4.189654742026425,2.0794415416798357,7.647280192327978,2,0.8424140324657655,0.29075969757922293,Normal,0.1469428661249671
13592,36,4,247.95999999999998,3.6109179126442243,1.6094379124341003,5.5172922409900265,3,-0.25565000769095514,-0.8380920856233457,Normal,0.05402563917223824
13593,108,14,5523.6900000000005,4.6913478822291435,2.70805020110221,8.616982416214523,0,1.581519160410052,1.0878443844687176,Normal,0.06675531064751283
13594,53,2,533.32,3.9889840465642745,1.0986122886681098,6.28099491041738,3,-0.43524533900928386,-0.5879336773160704,Normal,0.1259576507786358
13595,517,3,818.22,6.249975242259483,1.3862943611198906,6.708352668049725,2,-0.7611455977307828,0.8923714923332607,Normal,0.13250993734556865
13596,6,2,697.04,1.9459101490553132,1.0986122886681098,6.54827640771067,3,0.34183251358133177,-1.6348042919703905,Normal,0.05031714368816076
13597,400,2,396.71,5.993961427306569,1.0986122886681098,5.985723096478868,1,-1.2121805216504395,0.42954556193608046,Normal,0.1566154962463845
13598,47,5,789.59,3.871201010907891,1.791759469228055,6.672779502161291,3,0.3019834624898038,-0.28190248479971414,Normal,0.13201903689471456
13599,1,33,10167.630000000001,0.6931471805599453,3.5263605246161616,9.227062770037238,0,3.764218572809362,-0.635252337372595,Anomaly,-0.04777313770546199
13600,312,2,518.42,5.746203190540153,1.0986122886681098,6.252712804455737,1,-1.015880680800871,0.3728142219247503,Normal,0.14365070061677981
13601,45,4,1185.14,3.828641396489095,1.6094379124341003,7.078459616435901,3,0.3532039438530878,-0.25067379477134105,Normal,0.1421053204023659
13602,65,4,1025.17,4.189654742026425,1.6094379124341003,6.933588704013108,2,0.17340896589316623,-0.09491945125592063,Normal,0.15180272960562913
13603,26,1,164.34,3.295836866004329,0.6931471805599453,5.108003959824529,3,-1.0306883166688174,-1.469792426271266,Normal,0.061881418330830607
13604,659,1,717.62,6.492239835020471,0.6931471805599453,6.5773327061874705,1,-1.4251749996193959,0.7330585633471415,Normal,0.08684988791598836
13605,387,2,522.67,5.961005339623274,1.0986122886681098,6.260861714939627,1,-1.0818075662626818,0.49373012246352815,Normal,0.15685463060306504
13606,29,3,280.53999999999996,3.4011973816621555,1.3862943611198906,5.640274533399819,3,-0.3045037387098898,-0.9986298608970363,Normal,0.07473423571055815
13607,40,2,1078.31,3.713572066704308,1.0986122886681098,6.984077227052902,3,-0.04025561520079491,-0.5293748281822431,Normal,0.12418069420037947
13608,541,1,236.2,6.295266001439646,0.6931471805599453,5.468903667123571,1,-1.8437513301841841,0.29261074488688527,Normal,0.14460316151292107
13609,593,1,167.35,6.386879319362645,0.6931471805599453,5.126045145607083,1,-2.0225607854878267,0.2405075061839576,Normal,0.1365472520024666
13610,12,14,2175.88,2.5649493574615367,2.70805020110221,7.685647937988142,0,1.864022857033584,-0.3637867159532973,Normal,0.09032173063763854
13611,89,10,3319.53,4.499809670330265,2.3978952727983707,8.107879687723873,2,1.1853975347169674,0.7162734190819482,Normal,0.11536640174881879
13612,633,1,818.29,6.452048954437226,0.6931471805599453,6.708438111531965,1,-1.3551316584881175,0.7501368119097966,Normal,0.08705557149649418
13613,453,5,1039.8500000000001,6.118097198041348,1.791759469228055,6.947792966013668,2,-0.3050606376205419,1.0397228715885372,Normal,0.11093923810934003
13614,24,6,2359.19,3.2188758248682006,1.9459101490553132,7.766497403253599,3,1.106415584986261,-0.2578742795421448,Normal,0.1310566175019342
13615,319,8,6272.53,5.768320995793772,2.1972245773362196,8.744094473607927,2,0.8988958337958693,1.53293147026207,Normal,0.05336768559524552
13616,568,2,288.1,6.343880434126331,1.0986122886681098,5.666772649022301,1,-1.464130134550311,0.527070547346374,Normal,0.11774128473735956
13617,40,8,1278.75,3.713572066704308,2.1972245773362196,7.154420025337693,2,0.8717793852786883,-0.0762524447465561,Normal,0.11088816333231521
13618,174,1,177.34,5.1647859739235145,0.6931471805599453,5.183691840706733,1,-1.6022221570982949,-0.41629552203710585,Normal,0.120162299677332
13619,545,2,231.69,6.302618975744905,1.0986122886681098,5.449707095598856,1,-1.5452313702694627,0.4393344471212988,Normal,0.10241865398367128
13620,528,1,112.34,6.270988431858299,0.6931471805599453,4.730392150741473,1,-2.157229192502341,0.05814912414216302,Normal,0.1298379268916292
13621,117,1,213.85,4.770684624465665,0.6931471805599453,5.3699401102210045,1,-1.3937221879077286,-0.5779137485609072,Normal,0.11660396487174007
13622,696,1,658.95,6.546785410760524,0.6931471805599453,6.492164074574964,1,-1.4798737094262593,0.7376488347989422,Normal,0.08832386761990174
13623,31,10,2566.49,3.4657359027997265,2.3978952727983707,7.850684046955791,0,1.4079364296306576,0.06892766852163976,Normal,0.12708340258594075
13624,388,1,462.08,5.963579343618446,0.6931471805599453,6.137899825337528,1,-1.4453919832105027,0.30992707791066143,Normal,0.1536487765210634
13625,597,1,301.26,6.393590753950631,0.6931471805599453,5.711287574141974,1,-1.7700896895954419,0.4193997171264383,Normal,0.14119138113186547
13626,253,2,707.04,5.537334267018537,1.0986122886681098,6.562500589272956,1,-0.813536994159575,0.3503441886720092,Normal,0.14380656536071484
13627,59,7,2245.9,4.0943445622221,2.0794415416798357,7.717306767412185,2,0.9037086786486803,0.25915252250162374,Normal,0.14904975654547764
13628,676,1,310.14,6.517671272912275,0.6931471805599453,5.740242971658976,1,-1.7976218761846015,0.49650543351559573,Normal,0.1195701017984302
13629,23,19,13370.86,3.1780538303479458,2.995732273553991,9.500907777847132,0,2.6749741110051986,0.6230719636627523,Normal,0.05537933896915559
13630,5,7,2031.78,1.791759469228055,2.0794415416798357,7.617159593311352,0,1.6048491456414398,-1.040843015775068,Normal,0.08815083280920294
13631,100,11,3070.42,4.61512051684126,2.4849066497880004,8.029895274358873,2,1.1805357559834435,0.788379264618511,Normal,0.10365703514154734
13632,25,8,3648.15,3.258096538021482,2.1972245773362196,8.202249542744216,0,1.4750074070539854,-0.013810710242905205,Normal,0.11642856796998624
13634,33,16,5073.47,3.5263605246161616,2.833213344056216,8.531977364958895,0,2.0167824655070357,0.46565058703651246,Normal,0.09687628516640295
13635,68,4,2999.16,4.23410650459726,1.6094379124341003,8.006420899561409,2,0.6258264846790196,0.25074729614014235,Normal,0.11719659292250606
13636,37,5,949.12,3.6375861597263857,1.791759469228055,6.856588292406893,3,0.45751656000710855,-0.35573282168505604,Normal,0.12985825810908946
13637,52,3,810.5,3.970291913552122,1.3862943611198906,6.698884386954646,3,-0.027957332929780313,-0.36784788359409143,Normal,0.139395219484781
13638,16,1,122.64,2.833213344056216,0.6931471805599453,4.817374117263916,3,-1.0075184420326702,-1.8119567635562417,Normal,0.04057186184771322
13639,74,2,1346.27,4.31748811353631,1.0986122886681098,7.20583560175816,2,-0.13908941116053608,-0.1298954566317043,Normal,0.1276680445287725
13640,611,1,405.0,6.416732282512326,0.6931471805599453,6.0063531596017325,1,-1.6491898221644787,0.5204906248481049,Normal,0.13382377112912724
13641,641,5,1016.47,6.464588303689961,1.791759469228055,6.925074432852604,2,-0.4270096740302305,1.2240332325918613,Normal,0.05921261063827088
13642,216,4,514.72,5.37989735354046,1.6094379124341003,6.245563982542637,2,-0.5109087771693417,0.35561430525431126,Normal,0.12247064663338286
13643,31,10,2156.77,3.4657359027997265,2.3978952727983707,7.676830559971189,0,1.332291956058708,0.016885184943674504,Normal,0.11857962444233988
13644,16,4,2624.26,2.833213344056216,1.6094379124341003,7.87293521773988,3,1.0208309511321974,-0.5618896525018525,Normal,0.10191563129340847
13645,120,1,252.1,4.795790545596741,0.6931471805599453,5.533784667551078,1,-1.3305525446346316,-0.5150199517324119,Normal,0.12694650119741435
13646,400,2,326.25,5.993961427306569,1.0986122886681098,5.7907244047900095,1,-1.2970253736914517,0.37117332916722623,Normal,0.15586813455515636
13647,10,8,3071.68,2.3978952727983707,2.1972245773362196,8.03030542393901,0,1.678404822788037,-0.5397353496292049,Normal,0.10845014566060263
13648,400,8,1764.02,5.993961427306569,2.1972245773362196,7.475917300747956,2,0.2741280613182026,1.2777612294505392,Normal,0.07027933678520781
13649,257,6,1678.88,5.552959584921617,1.9459101490553132,7.426477641274734,2,0.20356892906631818,0.9277321439675084,Normal,0.11298374256387966
13650,17,10,3288.0,2.8903717578961645,2.3978952727983707,8.098338846189057,0,1.7017796992111742,-0.17428625152149083,Normal,0.12107855217050634
13651,35,3,226.85,3.58351893845611,1.3862943611198906,5.428687517709892,3,-0.45553370861479103,-0.9614062422746779,Normal,0.051434355364173845
13652,46,5,2570.85,3.8501476017100584,1.791759469228055,7.85238076328356,2,0.8220427559227111,0.05959512283555456,Normal,0.1325081393925282
13653,488,1,152.2,6.192362489474872,0.6931471805599453,5.0317442573064906,1,-2.000679824229178,0.10499088428823804,Normal,0.14807115966493045
13654,43,11,6308.0,3.784189633918261,2.4849066497880004,8.74973246437081,0,1.7624846413880633,0.5455509088486292,Normal,0.10878704508943393
13655,114,6,2280.51,4.74493212836325,1.9459101490553132,7.7325927834391575,2,0.5980978422720614,0.57369006384243,Normal,0.1369664720761104
13656,165,4,1078.85,5.111987788356544,1.6094379124341003,6.984577421583421,2,-0.10271172524456741,0.42906706211997814,Normal,0.14041627545382523
13657,11,2,382.14,2.4849066497880004,1.0986122886681098,5.948400457636955,3,-0.09350161552741768,-1.517085628161119,Normal,0.07303974403581348
13658,10,9,6025.5,2.3978952727983707,2.302585092994046,8.703921690028398,0,2.0518575267382935,-0.2995248197642493,Normal,0.09458198663607004
13659,206,12,4894.88,5.332718793265369,2.5649493574615367,8.49614931408787,2,1.2123644783812082,1.3530487980049586,Normal,0.047260329666776846
13660,400,1,314.59,5.993961427306569,0.6931471805599453,5.754443902791644,1,-1.622061810561512,0.21189835894257278,Normal,0.17008886752983338
13661,603,1,325.24,6.403574197934815,0.6931471805599453,5.787633306826145,1,-1.7401002020084348,0.4477600485128821,Normal,0.14016000757841462
13662,86,11,2250.11,4.465908118654584,2.4849066497880004,7.719178706882918,2,1.0936006195502759,0.6130674742267157,Normal,0.10451609896229724
13663,179,5,2047.51,5.19295685089021,1.791759469228055,7.6248679785957085,2,0.2887519752678628,0.7321315016235561,Normal,0.12461300963471167
13665,386,3,1711.6599999999999,5.958424693029782,1.3862943611198906,7.4458029964289425,2,-0.3459825630840895,0.9523168853925538,Normal,0.12846931473021933
13666,60,5,127.89999999999999,4.110873864173311,1.791759469228055,4.859036909945141,3,-0.5647008460058028,-0.6926462429947803,Normal,0.027570184442722634
13667,149,1,305.02,5.0106352940962555,0.6931471805599453,5.723650459293667,1,-1.317427334266585,-0.33968418957775653,Normal,0.13183608509507216
13668,3,35,13089.94,1.3862943611198906,3.58351893845611,9.479675666868092,0,3.6935451497330862,-0.15639833067631012,Anomaly,-0.015974964213180565
13669,51,3,413.55,3.9512437185814275,1.3862943611198906,6.0271935945622275,3,-0.31405249618464753,-0.5794226143811337,Normal,0.1102720924732496
13670,75,1,349.7,4.330733340286331,0.6931471805599453,5.859931157146132,1,-1.0382332583549776,-0.673896598241013,Normal,0.12351868875795635
13671,395,1,194.95,5.981414211254481,0.6931471805599453,5.27785952464564,1,-1.8253678342181752,0.062313795641538286,Normal,0.15819146627594627
13672,301,3,419.92,5.71042701737487,1.3862943611198906,6.042442791872611,1,-0.8763824202145781,0.39543959260240136,Normal,0.12385961709615245
13673,19,2,396.92,2.995732273553991,1.0986122886681098,5.986250980055095,3,-0.24224676055229355,-1.224003555969061,Normal,0.09402670431920424
13674,433,1,240.68,6.073044534100405,0.6931471805599453,5.487614537078416,1,-1.763738029860351,0.17564302470749502,Normal,0.16168551424330818
13675,151,2,486.82000000000005,5.0238805208462765,1.0986122886681098,6.189946485351331,1,-0.8095729567032497,-0.044379897441689055,Normal,0.13850801483984287
13676,539,2,243.9,6.29156913955832,1.0986122886681098,5.500849963958122,1,-1.5194050666695103,0.4485492387943575,Normal,0.10448057184747478
13677,405,2,556.1899999999999,6.0063531596017325,1.0986122886681098,6.32290629486736,1,-1.069478322490417,0.5373150704773914,Normal,0.15797495577021714
13678,152,1,232.6,5.030437921392435,0.6931471805599453,5.453610250954072,1,-1.4413277814458967,-0.40959749696404635,Normal,0.12265820047644327
13679,494,3,281.26,6.20455776256869,1.3862943611198906,5.642828631985861,1,-1.2100709641536724,0.5483597668531298,Normal,0.08722012904223331
13680,1,12,11435.67,0.6931471805599453,2.5649493574615367,9.34458013864456,0,3.082076992052788,-0.9519842578475326,Anomaly,-0.013427848614559035
13681,18,4,827.83,2.9444389791664403,1.6094379124341003,6.720015067761323,3,0.48321672854083153,-0.8456648459153764,Normal,0.12813230559132344
13682,187,1,59.5,5.236441962829949,0.6931471805599453,4.102643365036796,1,-2.0957668378913814,-0.7003812454065177,Normal,0.03411099379385063
13683,458,1,258.6,6.129050210060545,0.6931471805599453,5.559141984829935,1,-1.750729769008848,0.22794509956999806,Normal,0.1604228583198255
13684,286,4,596.98,5.659482215759621,1.6094379124341003,6.393557308575288,2,-0.5369410848762651,0.554123819735948,Normal,0.1267594043383256
13685,3,7,3119.44,1.3862943611198906,2.0794415416798357,8.045729296501372,0,1.9224596460024477,-1.1361909079098145,Normal,0.0521617282255431
13686,183,3,409.04,5.214935757608986,1.3862943611198906,6.016254715915201,1,-0.7275224155807073,0.11430647792434535,Normal,0.11692629682309713
13687,438,1,11880.84,6.0844994130751715,0.6931471805599453,9.382766463078516,2,-0.07264382505220966,1.347962325279002,Anomaly,-0.0017282137809104814
13688,635,1,375.5,6.455198563340122,0.6931471805599453,5.930918047239948,1,-1.6944529760817353,0.519125877425344,Normal,0.12589194113756536
13689,63,2,1259.5,4.1588830833596715,1.0986122886681098,7.139263746627974,3,-0.11675821209136367,-0.237303922851469,Normal,0.1299794186373332
13690,59,1,172.25,4.0943445622221,0.6931471805599453,5.1547356380700124,1,-1.2686129770179062,-1.015377513736586,Normal,0.09600913945583317
13691,396,1,212.78,5.983936280687191,0.6931471805599453,5.3649474488457995,1,-1.7882911687755465,0.08977436222675385,Normal,0.15814795001691861
13692,25,5,3114.4,3.258096538021482,1.791759469228055,8.044112833892505,3,1.096950758862467,-0.20956294505414746,Normal,0.10702581965986846
13693,374,9,2011.82,5.926926025970411,2.302585092994046,7.607292002863751,2,0.43332986411870494,1.318679354340157,Normal,0.06370175850488147
13694,4,143,196482.81,1.6094379124341003,4.969813299576001,12.18833531503955,0,5.857260272176944,1.2849401798962263,Anomaly,-0.15128823199318586
13695,31,16,2770.73,3.4657359027997265,2.833213344056216,7.92722695296845,0,1.7732602590155735,0.2511822967644865,Normal,0.09072710200150752
13696,422,3,2020.4,6.0473721790462776,1.3862943611198906,7.611545619640562,2,-0.3026350590931925,1.0509913980031471,Normal,0.12050925603859114
13697,39,1,151.29999999999998,3.6888794541139363,0.6931471805599453,5.025852259901116,3,-1.193552946088617,-1.2775971973740077,Normal,0.08136526764181717
13698,597,2,465.53000000000003,6.393590753950631,1.0986122886681098,6.145322326901356,1,-1.2719884989969321,0.6977411462546717,Normal,0.12083009830199276
13699,155,2,764.15,5.049856007249537,1.0986122886681098,6.640071893037045,2,-0.6221224025570377,0.10469077204702992,Normal,0.1368986073387301
13700,26,13,2613.46,3.295836866004329,2.6390573296152584,7.868812854218742,0,1.654709774953998,0.06891854845885367,Normal,0.10920155281185362
13701,447,1,161.0,6.104793232414985,0.6931471805599453,5.087596335232384,1,-1.948056181346362,0.07341021229102282,Normal,0.15195034788805678
13702,446,1,135.18,6.102558594613569,0.6931471805599453,4.9139775400548205,1,-2.0228758003225034,0.020205443245324407,Normal,0.14697681130574947
13703,318,2,425.56,5.765191102784844,1.0986122886681098,6.055753036990344,1,-1.1077199831733096,0.32432794477560817,Normal,0.13984435386576716
13704,5,9,2308.06,1.791759469228055,2.302585092994046,7.744595794291895,0,1.8304901357644714,-0.92101699438521,Normal,0.08006454343140063
13705,8,7,2035.33,2.1972245773362196,2.0794415416798357,7.618904447051197,0,1.4744705420567634,-0.8166818415439698,Normal,0.11068836392022097
13706,303,2,631.17,5.717027701406222,1.0986122886681098,6.449158345318021,1,-0.9209701976392323,0.4155274939444068,Normal,0.14038716997705974
13707,267,5,3365.86,5.5909869805108565,1.791759469228055,8.12173583825502,2,0.3762083932194025,1.1004053129180378,Normal,0.0950569134818029
13708,271,1,296.88,5.605802066295998,0.6931471805599453,5.696690720842445,1,-1.5216498169128685,-0.019483548469640965,Normal,0.14791436468646713
13709,4,18,7591.75,1.6094379124341003,2.9444389791664403,8.934949123608634,0,2.8969316812481782,-0.43030891550177597,Normal,0.050780951108260974
13710,32,3,509.52,3.4965075614664802,1.3862943611198906,6.23542981411449,3,-0.0763746167288954,-0.7679026312999684,Normal,0.1160127763877466
13711,219,9,1792.26,5.393627546352362,2.302585092994046,7.4917904714583035,2,0.5555569852533206,0.9899575443733298,Normal,0.0728928171342238
13712,247,2,766.42,5.5134287461649825,1.0986122886681098,6.643034239500869,1,-0.770764764924851,0.36126631859504577,Normal,0.14036697168816442
13713,408,3,743.26,6.013715156042802,1.3862943611198906,6.612390436150933,2,-0.7264866570091922,0.7333335882739788,Normal,0.15380576011059827
13714,465,1,161.35,6.144185634125646,0.6931471805599453,5.089754498548855,1,-1.9598576656266373,0.09578357543878062,Normal,0.149866501431133
13715,281,17,8483.29,5.641907070938114,2.8903717578961645,9.04597149709001,0,1.599796878125197,1.8072886562816715,Normal,0.010507962260577375
13716,269,1,138.28,5.598421958998375,0.6931471805599453,4.936486295459933,1,-1.8500314383805256,-0.25111888584325603,Normal,0.12867193864371324
13717,32,8,1763.3,3.4965075614664802,2.1972245773362196,7.47550929013402,0,1.081691060224391,-0.0998597818438993,Normal,0.1287321671996825
13718,246,2,306.55,5.5093883366279774,1.0986122886681098,5.728637675654378,1,-1.1673162580985446,0.08531610724951541,Normal,0.13494498708810165
13719,15,11,2815.25,2.772588722239781,2.4849066497880004,7.943161491746454,0,1.7387194368539896,-0.2538534274637429,Normal,0.11483466692472083
13720,117,4,799.9,4.770684624465665,1.6094379124341003,6.685736095329637,2,-0.1223528161010751,0.15136025666385466,Normal,0.14814597451452444
13721,36,2,741.54,3.6109179126442243,1.0986122886681098,6.61007674127968,3,-0.16978401172588847,-0.6979507313252353,Normal,0.11751541548155758
13722,132,10,5635.41,4.890349128221754,2.3978952727983707,8.637002617001478,2,1.2893109608831876,1.090071117429138,Normal,0.08022061631739852
13723,217,6,1209.2,5.384495062789089,1.9459101490553132,7.098540914188221,2,0.11536784965350722,0.7366468277328806,Normal,0.10324949579854997
13724,637,1,213.01,6.45833828334479,0.6931471805599453,5.366022742902049,1,-1.9412570577334451,0.35175802836413633,Normal,0.11927498828540628
13725,50,8,1980.56,3.9318256327243257,2.1972245773362196,7.5916396922628975,2,0.9914269365150324,0.17500807817884675,Normal,0.13568413592003414
13726,39,2,1079.6599999999999,3.6888794541139363,1.0986122886681098,6.985327244577021,3,-0.031725503516695966,-0.5426201286873068,Normal,0.12176891134710904
13727,29,8,1080.05,3.4011973816621555,2.1972245773362196,6.9856880700385595,3,0.8993932856781581,-0.299055598323776,Normal,0.10020014575192648
13728,37,16,2855.17,3.6375861597263857,2.833213344056216,7.957236845497527,0,1.7307369318104222,0.35495161112197965,Normal,0.08785285835281453
13729,436,3,724.73,6.07993319509559,1.3862943611198906,6.587178044826087,2,-0.7588732969015978,0.7623096468223328,Normal,0.1483585511117197
13730,136,2,752.6,4.919980925828125,1.0986122886681098,6.624861723262153,2,-0.5867354925705177,0.028503589143293612,Normal,0.13859106732282028
13731,219,2,610.59,5.393627546352362,1.0986122886681098,6.416062123365316,1,-0.8307746295353171,0.22724523954583664,Normal,0.13709600692152069
13732,28,1,491.86,3.367295829986474,0.6931471805599453,6.200225158054739,3,-0.578569371653254,-1.1034255162902094,Normal,0.08551588366077961
13733,411,2,487.03000000000003,6.021023349349527,1.0986122886681098,6.1903768793734475,1,-1.1318872123050316,0.5057343238996886,Normal,0.15895919108104478
13734,509,4,6701.640000000001,6.234410725718371,1.6094379124341003,8.81025675762043,2,0.3286296624230162,1.594663356938163,Normal,0.0380803851339393
13735,25,13,9813.22,3.258096538021482,2.6390573296152584,9.191587633353961,0,2.242461519304443,0.4440708309445752,Normal,0.07317025470020877
13736,5,7,2766.21,1.791759469228055,2.0794415416798357,7.925594871377632,0,1.7390507923556529,-0.9485139047975514,Normal,0.08575180164532664
13737,200,1,339.59999999999997,5.303304908059076,0.6931471805599453,5.830708768228588,1,-1.3655026050558807,-0.14621139859390556,Normal,0.13791221481902205
13738,396,1,440.93,5.983936280687191,0.6931471805599453,6.091151498494956,1,-1.4723163557630596,0.3071612147059657,Normal,0.15866313077565286
13739,18,2,292.2,2.9444389791664403,1.0986122886681098,5.680854970012496,3,-0.3585364426464178,-1.343714267407553,Normal,0.07761419622745075
13740,241,5,1597.77,5.488937726156687,1.791759469228055,7.376989862588066,2,0.08517124237126136,0.8211815760502865,Normal,0.1228515932458994
13741,72,3,668.4300000000001,4.290459441148391,1.3862943611198906,6.50642660402637,3,-0.21524699971609332,-0.24886748911078926,Normal,0.14358723118497907
13742,17,12,3131.02,2.8903717578961645,2.5649493574615367,8.049433442786347,0,1.8079138585276915,-0.1277782450835904,Normal,0.11972589587860388
13743,3,7,1341.6,1.3862943611198906,2.0794415416798357,7.2023633115046515,3,1.5555071213791363,-1.3886498098603623,Normal,0.041208210848072135
13744,95,2,1156.36,4.564348191467836,1.0986122886681098,7.053896828321335,2,-0.28503955926012203,-0.039219378113445745,Normal,0.129097036545187
13745,162,2,777.36,5.093750200806762,1.0986122886681098,6.657189142089955,2,-0.628871112707246,0.13402510363455916,Normal,0.13502575527095612
13746,414,1,176.69,6.028278520230698,0.6931471805599453,5.1800404589569835,1,-1.883086489313213,0.05888051083634011,Normal,0.16242175997049196
13747,374,2,249.39999999999998,5.926926025970411,1.0986122886681098,5.523059639225943,1,-1.3918066125927884,0.2540746079077851,Normal,0.12481699780354627
13748,96,9,2268.35,4.574710978503383,2.302585092994046,7.727248725858954,2,0.9228645701703836,0.6087585393106073,Normal,0.11452450854507645
13750,54,11,3602.1800000000003,4.007333185232471,2.4849066497880004,8.189572067868243,0,1.446585868373962,0.5009460361422422,Normal,0.12152404742716266
13751,288,1,296.25,5.666426688112432,0.6931471805599453,5.694573535570891,1,-1.5421785691854581,0.013320873494099548,Normal,0.1493866019431364
13752,124,7,1590.73,4.8283137373023015,2.0794415416798357,7.372576754031013,2,0.5163305969921952,0.5607876835831136,Normal,0.11949706503856455
13753,288,4,2094.57,5.666426688112432,1.6094379124341003,7.647580871722489,2,0.006444472016880949,0.9333420523736748,Normal,0.1317021717228516
13754,152,3,447.05,5.030437921392435,1.3862943611198906,6.104904833330228,1,-0.6292790064527986,0.039081741720826776,Normal,0.12246333978844287
13755,4,9,2161.35,1.6094379124341003,2.302585092994046,7.67895087223838,0,1.860895179752347,-1.0412291041649446,Normal,0.07112669902816238
13756,2,23,9207.5,1.0986122886681098,3.1780538303479458,9.127882249535661,0,3.32427130091916,-0.5687953747262853,Normal,0.00729836023422914
13757,675,1,195.55,6.516193076042964,0.6931471805599453,5.280916851867869,1,-1.9969987543133334,0.35819231697932313,Normal,0.1090877494381517
13758,12,15,9416.98,2.5649493574615367,2.772588722239781,9.150375907208126,0,2.550556825740593,0.0982982756456411,Normal,0.08322028662512476
13759,33,2,659.4100000000001,3.5263605246161616,1.0986122886681098,6.492860854269306,3,-0.1934371736227994,-0.779677513028434,Normal,0.11646158236065196
13760,54,5,1363.6399999999999,4.007333185232471,1.791759469228055,7.218645936570799,2,0.4954638963199441,-0.04341388128109672,Normal,0.1421122552455103
13761,50,6,1952.17,3.9318256327243257,1.9459101490553132,7.577208972659349,2,0.793469071947276,0.07869835137429992,Normal,0.14054306932496363
13762,219,5,2472.48,5.393627546352362,1.791759469228055,7.813381344926563,2,0.30587299062134093,0.8992445605997585,Normal,0.11900156081688756
13763,63,3,5217.4400000000005,4.1588830833596715,1.3862943611198906,8.55995378563724,2,0.7208075421138698,0.2932768590827297,Normal,0.0759035401733602
13764,71,6,2953.26,4.276666119016055,1.9459101490553132,7.991003475467276,2,0.8619827723923491,0.3927670715476866,Normal,0.13049659533896013
13765,653,1,352.821,6.483107351457199,0.6931471805599453,5.86879113553233,1,-1.7305111055567954,0.5159217928804297,Normal,0.11901987976993728
13766,495,1,190.35,6.206575926724928,0.6931471805599453,5.254104211871711,1,-1.9085269469746655,0.17939320509704673,Normal,0.151250877972255
13767,2,73,35540.53,1.0986122886681098,4.30406509320417,10.478457150866426,0,4.770728224049816,0.2476546924808688,Anomaly,-0.10725566232568906
13768,727,2,875.97,6.590301048196686,1.0986122886681098,6.776472784261436,1,-1.060993098904325,0.9951717943755768,Normal,0.07928216042836778
13769,2,20,5800.42,1.0986122886681098,3.044522437723423,8.665857994155335,0,3.021397187216643,-0.7559780487323438,Normal,0.005419398546893883
13770,422,4,785.37,6.0473721790462776,1.6094379124341003,6.66742741958036,2,-0.5432324515089713,0.8500510471660346,Normal,0.13998434748106653
13771,64,9,5728.82,4.174387269895637,2.302585092994046,8.653439395602803,0,1.4553294438883593,0.6652076840011139,Normal,0.10985051262998463
13772,34,8,3114.22,3.5553480614894135,2.1972245773362196,8.044055054730865,0,1.310037484252647,0.1027867108643884,Normal,0.12702931391112943
13773,397,2,301.54,5.986452005284438,1.0986122886681098,5.7122135001340535,1,-1.3287570998815184,0.34352943524081797,Normal,0.14976011188440946
13774,82,1,345.0,4.418840607796598,0.6931471805599453,5.846438775057725,1,-1.0726000038022103,-0.6293389414540317,Normal,0.12787607492267855
13775,591,1,1049.66,6.3835066348840055,0.6931471805599453,6.9571738171118644,1,-1.2247372366833846,0.7867897572338577,Normal,0.09231060149888803
13776,428,2,623.98,6.061456918928017,1.0986122886681098,6.43771964922439,1,-1.0373444562345604,0.6020771803123122,Normal,0.15150185677882944
13777,1,61,56478.42,0.6931471805599453,4.127134385045092,10.941631602992583,0,4.968449324030676,0.09790274661625054,Anomaly,-0.13147065600065422
13778,103,4,1124.49,4.6443908991413725,1.6094379124341003,7.025973775367289,2,0.06653283042056467,0.1835505846527032,Normal,0.14454692070958697
13779,516,1,161.13,6.248042874508429,0.6931471805599453,5.088398482561978,1,-1.9940377653408823,0.15266128982940494,Normal,0.14894891346249933
13780,7,3,735.82,2.0794415416798357,1.3862943611198906,6.602343628980946,3,0.541586751689258,-1.439666919073017,Normal,0.07885402586495177
13781,251,3,778.83,5.529429087511423,1.3862943611198906,6.659075947211416,2,-0.5495430561151192,0.4801952978051762,Normal,0.14520801333688804
13782,13,13,1793.72,2.6390573296152584,2.6390573296152584,7.492604299896914,0,1.7034389741157143,-0.4059524433238658,Normal,0.08533500837485936
13783,488,4,1542.09,6.192362489474872,1.6094379124341003,7.341542178594752,2,-0.2968155137477182,1.1318161801849889,Normal,0.10667830033678832
13784,10,14,2910.23,2.3978952727983707,2.70805020110221,7.976330951273708,0,2.0445299777848502,-0.3689122548331517,Normal,0.09967419123115856
13785,429,4,542.49,6.063785208687608,1.6094379124341003,6.298011307127966,2,-0.7092755414068019,0.7485203108447104,Normal,0.12374924365339546
13786,367,6,3358.94,5.908082938168931,1.9459101490553132,8.119678395654953,2,0.39032786718704393,1.3311118605248127,Normal,0.08486987998691692
13787,76,6,1222.5,4.343805421853684,1.9459101490553132,7.109470882882726,2,0.4567092068808498,0.16591455850755277,Normal,0.12074180168387699
13788,505,1,3.75,6.226536669287466,0.6931471805599453,1.55814461804655,1,-3.5231122433393223,-0.9159708691554832,Anomaly,-0.031314935386140164
13789,388,1,239.45999999999998,5.963579343618446,0.6931471805599453,5.482553755546763,1,-1.7305361544123101,0.11375133437788552,Normal,0.15983048972672836
13790,4,1,348.8,1.6094379124341003,0.6931471805599453,5.857361562584502,3,-0.15921468233264033,-2.1756270133351094,Normal,0.0030029161557585393
13791,128,2,1516.0,4.859812404361672,1.0986122886681098,7.324489979348532,2,-0.26286389246997516,0.2047484357937134,Normal,0.11052636808464444
13792,66,3,383.95,4.204692619390966,1.3862943611198906,5.953113455724059,3,-0.4282569785431185,-0.46180566373654136,Normal,0.11303182644682103
13793,647,1,96.0,6.473890696352274,0.6931471805599453,4.574710978503383,1,-2.290590593618407,0.12345949932375204,Normal,0.07794230227511928
13794,547,1,126.03,6.306275286948016,0.6931471805599453,4.844423279035369,1,-2.119026382270358,0.11174683986063823,Normal,0.13648313595628903
13795,388,4,836.3,5.963579343618446,1.6094379124341003,6.7301824292103865,2,-0.4888267018773913,0.8226196736136463,Normal,0.14134372849557947
13796,499,1,289.7,6.214608098422191,0.6931471805599453,5.6722918075648305,1,-1.7291693583138334,0.3090065552310452,Normal,0.15389514640003943
13797,437,3,1179.45,6.082218910376446,1.3862943611198906,7.073651000694222,2,-0.5479458742687067,0.9091944775430432,Normal,0.13704770345678546
13798,1,110,75836.87,0.6931471805599453,4.709530201312334,11.236353051091461,0,5.540880727709569,0.39930405924071244,Anomaly,-0.15585181599775988
13799,117,9,2803.57,4.770684624465665,2.302585092994046,7.939005508522796,2,0.9516180518595843,0.7802387297185114,Normal,0.1064764827078356
13800,310,3,1679.56,5.739792912179234,1.3862943611198906,7.426882350187425,2,-0.2835039097730002,0.8260642236764237,Normal,0.12577506949922856
13801,67,1,324.8,4.219507705176107,0.6931471805599453,5.786283696167945,1,-1.0343043983094005,-0.7572904841346781,Normal,0.11653720357505998
13802,139,19,26259.11,4.941642422609304,2.995732273553991,10.17580633672844,0,2.3982359560590467,1.7978278801134213,Anomaly,-0.036627752212407105
13803,255,3,1338.91,5.545177444479562,1.3862943611198906,7.200357726510238,2,-0.3191222184845675,0.6509124459927141,Normal,0.13320778720253873
13804,31,9,3208.52,3.4657359027997265,2.302585092994046,8.07387667223265,0,1.43235496153633,0.100852780276086,Normal,0.1291533753980953
13805,52,2,924.6,3.970291913552122,1.0986122886681098,6.830442175879467,3,-0.19013272347969082,-0.4337682581051872,Normal,0.12884269168308804
13806,64,1,256.38,4.174387269895637,0.6931471805599453,5.550553592065519,1,-1.1222785762748686,-0.8527422200009852,Normal,0.10893913663535665
13807,367,3,534.8,5.908082938168931,1.3862943611198906,6.283760957110508,1,-0.8353107320566395,0.5766967657214743,Normal,0.14290943625735886
13808,6,5,1747.66,1.9459101490553132,1.791759469228055,7.466605059322925,3,1.27006907372325,-1.106189261349358,Normal,0.08697032402886506
13809,305,3,679.7,5.723585101952381,1.3862943611198906,6.523121680453905,2,-0.671492426244773,0.5465867658979462,Normal,0.14297169583204394
13810,29,3,1499.01,3.4011973816621555,1.3862943611198906,7.313227053734746,3,0.4234058068881816,-0.4978368910444527,Normal,0.13297960084546534
13811,184,3,814.5,5.220355825078324,1.3862943611198906,6.703801422061068,2,-0.4301205839639296,0.3231108780474134,Normal,0.14530739744559246
13812,42,3,539.0,3.7612001156935624,1.3862943611198906,6.29156913955832,3,-0.13755648034908674,-0.6051033378109432,Normal,0.1265082504147969
13813,40,8,2765.47,3.713572066704308,2.1972245773362196,7.9253274182526185,0,1.2072048341506947,0.15451621012351016,Normal,0.12903300782506982
13814,92,3,2257.32,4.532599493153256,1.3862943611198906,7.7223764530033225,2,0.23550423173623683,0.2486782765266087,Normal,0.12437946805039246
13815,22,8,7475.74,3.1354942159291497,2.1972245773362196,8.919552147090508,0,1.8267618892945157,0.13328882827736258,Normal,0.10290539917245084
13816,24,2,571.6700000000001,3.2188758248682006,1.0986122886681098,6.3503096345809205,3,-0.1560134579158114,-0.99194642079839,Normal,0.10399458714957016
13817,29,2,382.98,3.4011973816621555,1.0986122886681098,5.950590467898009,3,-0.3889006155634196,-1.0110395580165792,Normal,0.10980171722763848
13818,430,1,61.28,6.066108090103747,0.6931471805599453,4.131640346965797,1,-2.351485382796127,-0.23408937290730508,Normal,0.0721635665895678
13819,302,6,2642.35,5.713732805509369,1.9459101490553132,7.879802331111146,2,0.3488144673287009,1.1521097203881845,Normal,0.10380434695755969
13820,418,3,660.65,6.037870919922137,1.3862943611198906,6.494736715219059,2,-0.7854909393858884,0.7114377086390464,Normal,0.15039606728045124
13821,145,6,1410.73,4.983606621708336,1.9459101490553132,7.252571181638358,2,0.3120447331402804,0.5616407486446285,Normal,0.12225974822138341
13822,6,2,632.0,1.9459101490553132,1.0986122886681098,6.450470422144176,3,0.2992766671690108,-1.6640821999718667,Normal,0.04543039083025591
13823,19,7,3403.4500000000003,2.995732273553991,2.0794415416798357,8.132838678370764,0,1.4398279198866968,-0.22241134360998727,Normal,0.12019188545201215
13824,33,12,3314.76,3.5263605246161616,2.5649493574615367,8.106442137278835,0,1.627023559516601,0.24007390897772968,Normal,0.11471793098175775
13825,622,2,255.59,6.434546518787453,1.0986122886681098,5.5474794802608,1,-1.545358889127236,0.5413684225565041,Normal,0.087107805681991
13826,176,1,189.5,5.176149732573829,0.6931471805599453,5.249652194566756,1,-1.5771978260095258,-0.39028269234652907,Normal,0.11939549279754036
13827,58,3,412.05,4.07753744390572,1.3862943611198906,6.023568651008515,3,-0.35647635070785455,-0.5108489996131084,Normal,0.11227329147242826
13828,22,1,209.49,3.1354942159291497,0.6931471805599453,5.349438146055751,3,-0.8737802430376214,-1.4859586760158967,Normal,0.06167489914378432
13829,421,1,102.0,6.045005314036012,0.6931471805599453,4.634728988229636,1,-2.1257639599928173,-0.09513087651617899,Normal,0.12706545142851872
13830,582,1,156.85000000000002,6.368187186350492,0.6931471805599453,5.061645215004001,1,-2.044535985137228,0.21091973657653898,Normal,0.13594161877688016
13831,16,18,7023.58,2.833213344056216,2.9444389791664403,8.857170705937795,0,2.467289615513419,0.22139551977759425,Normal,0.09209279928347636
13832,19,2,613.6899999999999,2.995732273553991,1.0986122886681098,6.421118075682378,3,-0.053034032679875505,-1.0938274860189376,Normal,0.10593411419879273
13833,159,2,701.36,5.075173815233827,1.0986122886681098,6.55444609309113,1,-0.6675670200113156,0.09302328635329743,Normal,0.1349743329974139
13834,577,2,324.19,6.359573868672378,1.0986122886681098,5.7844096268933525,1,-1.418021388247762,0.5709406902674783,Normal,0.12907127972629134
13835,25,7,1095.27,3.258096538021482,2.0794415416798357,6.999668787533656,3,0.8619250257974085,-0.4169121430151215,Normal,0.10448275568646997
13836,399,2,620.37,5.991464547107982,1.0986122886681098,6.4319267177117725,1,-1.0172276629391033,0.561738001994812,Normal,0.15432727545284258
13837,212,2,271.24,5.3612921657094255,1.0986122886681098,5.606684030192651,1,-1.1724807718164774,-0.032874440268796684,Normal,0.11731059700070345
13838,6,10,1966.09,1.9459101490553132,2.3978952727983707,7.5843105722991195,0,1.7835866354327572,-0.8490874290462918,Normal,0.07899487248425557
13839,486,1,139.95000000000002,6.18826412308259,0.6931471805599453,4.948405217560122,1,-2.035615517537042,0.07778310985361635,Normal,0.14092031294253793
13840,416,1,651.4,6.0330862217988015,0.6931471805599453,6.4806578707468585,1,-1.318736642356503,0.45086790253513487,Normal,0.13878171875364104
13841,253,1,85.0,5.537334267018537,0.6931471805599453,4.454347296253507,1,-2.0400550711345407,-0.42913925463261265,Normal,0.08769333597486395
13842,59,18,5629.91,4.0943445622221,2.9444389791664403,8.636026342175372,0,1.9631865314459112,0.8507878248313471,Normal,0.07063263870302472
13843,381,1,319.75,5.945420608606575,0.6931471805599453,5.770662003495746,1,-1.5993058946908039,0.1899799588040498,Normal,0.1647515003659537
13844,11,1,361.62,2.4849066497880004,0.6931471805599453,5.893355453997663,3,-0.42670257571586073,-1.6819776917523448,Normal,0.048778757835868825
13845,65,1,312.98,4.189654742026425,0.6931471805599453,5.749329289612172,1,-1.0407282225433343,-0.7848184060305095,Normal,0.11600934537760571
13846,25,4,1307.79,3.258096538021482,1.6094379124341003,7.176858325232496,3,0.5805465026832914,-0.5359089148074283,Normal,0.12847449777735853
13847,720,1,310.72,6.580639137284949,0.6931471805599453,5.74210534897536,1,-1.8171769666136366,0.5317935666587901,Normal,0.11286117906263327
13848,92,8,3335.0,4.532599493153256,2.1972245773362196,8.112527763478637,2,1.0237621483064412,0.6622978563378032,Normal,0.11736125205949932
13849,52,5,3469.3,3.970291913552122,1.791759469228055,8.15199632453527,2,0.913549155497555,0.2155510314414337,Normal,0.11741085491773212
13850,129,1,1595.48,4.867534450455582,0.6931471805599453,7.375556484672672,2,-0.5523927412018116,0.07587969368821582,Normal,0.0684078348503685
13851,96,8,4606.46,4.574710978503383,2.1972245773362196,8.435432008008735,2,1.150639378083421,0.7821852711684852,Normal,0.1039196936771778
13852,611,1,187.35000000000002,6.416732282512326,0.6931471805599453,5.23830193413805,1,-1.9833725390842536,0.29057695454150856,Normal,0.1329583164685152
13853,57,1,1090.14,4.060443010546419,0.6931471805599453,6.994978300240205,3,-0.45695007048747144,-0.4832055601773462,Normal,0.08033512764371165
13854,9,39,12253.96,2.302585092994046,3.6888794541139363,9.413686031982998,0,3.4488399479936023,0.3678040431093739,Normal,0.004916736311039616
13855,501,4,1310.3400000000001,6.218600119691729,1.6094379124341003,7.178804794152059,2,-0.37610923999809487,1.0975729273955974,Normal,0.10492603469631678
13856,169,11,1142.03,5.135798437050262,2.4849066497880004,7.041437910169532,2,0.5820527156877883,0.7796735088511747,Normal,0.029634312018439024
13857,393,6,1001.01,5.976350909297934,1.9459101490553132,6.90976326163493,2,-0.1581915337974831,1.0065816169498998,Normal,0.09264446338664867
13858,57,1,216.17,4.060443010546419,0.6931471805599453,5.38068045697316,1,-1.1593386889745119,-0.9664404406236101,Normal,0.09858067224756023
13859,326,2,515.86,5.7899601708972535,1.0986122886681098,6.247772044800624,1,-1.0321825564926028,0.3954698778816974,Normal,0.14437334876394414
13860,1,5,1245.9,0.6931471805599453,1.791759469228055,7.1284157500025405,3,1.5280969278067327,-1.8984007044262339,Anomaly,-0.017070825581878002
13861,429,2,273.26,6.063785208687608,1.0986122886681098,5.614076561571708,1,-1.3964684835639767,0.35680645890942203,Normal,0.13699191717445386
13862,18,9,2556.09,2.9444389791664403,2.302585092994046,7.846625172168836,0,1.502077532836643,-0.2547014306015934,Normal,0.1250952621701496
13863,248,4,1239.55,5.517452896464707,1.6094379124341003,7.123310108647671,2,-0.17348627533962638,0.6942351047770043,Normal,0.13185722428964552
13864,387,1,662.4000000000001,5.961005339623274,0.6931471805599453,6.497378126512952,1,-1.2881487771864784,0.4161160331387313,Normal,0.13715379708930464
13865,58,4,501.56,4.07753744390572,1.6094379124341003,6.219715035790337,3,-0.10093923498603066,-0.37045480513602463,Normal,0.1149790209026948
13866,74,1,145.67000000000002,4.31748811353631,0.6931471805599453,4.988185165258664,1,-1.413250212591837,-0.9421565185520471,Normal,0.09635766330456391
13867,31,3,1015.29,3.4657359027997265,1.3862943611198906,6.923914020481024,3,0.2331404565663906,-0.5787795486291457,Normal,0.13452555367974767
13868,7,2,3192.54,2.0794415416798357,1.0986122886681098,8.068885298365506,3,0.9602691547673782,-1.10596415181861,Normal,0.01778428354948325
13869,123,10,8111.57,4.820281565605037,2.3978952727983707,9.001169989634596,0,1.4704235490488913,1.1604368969307586,Normal,0.07300998006146608
13870,2,15,5712.08,1.0986122886681098,2.772588722239781,8.650513561777128,0,2.8073153104678163,-0.8601086782740504,Normal,0.0196106305023237
13871,23,17,7885.85,3.1780538303479458,2.8903717578961645,8.972952094578869,0,2.3648990148256925,0.4264644619619464,Normal,0.0926267003730693
13872,527,3,919.57,6.269096283706261,1.3862943611198906,6.8249930434091866,2,-0.716579053723389,0.9378338407717388,Normal,0.12254471886800639
13873,120,8,1038.92,4.795790545596741,2.1972245773362196,6.946899066099764,2,0.43146886973563453,0.4585366415697913,Normal,0.07975772748192667
13874,358,7,2049.15,5.883322388488279,2.0794415416798357,7.625668240187314,2,0.2852350876152615,1.2184517400510224,Normal,0.09049386795943459
13875,54,14,4814.37,4.007333185232471,2.70805020110221,8.479568164478277,0,1.7429574371128431,0.6694338407696308,Normal,0.09690394227461463
13876,64,1,122.7,4.174387269895637,0.6931471805599453,4.8178592793984425,1,-1.441077333390228,-1.072071911892769,Normal,0.0849225535508843
13877,86,3,449.68,4.465908118654584,1.3862943611198906,6.110757553295965,3,-0.44414906763941353,-0.2705390512743469,Normal,0.12100413111248814
13878,55,4,2473.06,4.02535169073515,1.6094379124341003,7.813615804881473,2,0.6094527289245337,0.07789063528233839,Normal,0.13102070959261658
13879,646,1,395.5,6.472346294500901,0.6931471805599453,5.982676041074902,1,-1.6774788437456456,0.5440774915420584,Normal,0.12085617771962609
13880,21,17,4391.66,3.091042453358316,2.8903717578961645,8.38769024512352,0,2.1383905262110425,0.20327609765408788,Normal,0.09614363173597573
13881,4,43,45179.1,1.6094379124341003,3.784189633918261,10.718412003388291,0,4.313407562155121,0.4109433087551941,Anomaly,-0.08344342068641875
13882,3,5,1191.13,1.3862943611198906,1.791759469228055,7.083496902081326,3,1.2843709789784399,-1.529533864744535,Normal,0.04591844006495449
13883,11,15,6560.02,2.4849066497880004,2.772588722239781,8.788901357656037,0,2.4191654025290963,-0.0540564301491705,Normal,0.0952022615619138
13884,7,10,1888.48,2.0794415416798357,2.3978952727983707,7.544056937922727,0,1.7228846175556773,-0.7874864782562636,Normal,0.08124421385377673
13885,189,2,506.8,5.247024072160486,1.0986122886681098,6.230087669270578,1,-0.8642776759021435,0.09071358208397293,Normal,0.13516005159775824
13886,71,1,243.56,4.276666119016055,0.6931471805599453,5.499460677582579,1,-1.177588943362619,-0.8116236661308749,Normal,0.11552863059928942
13887,204,1,349.55,5.3230099791384085,0.6931471805599453,5.859503349652977,1,-1.3593470711611906,-0.12672327860876875,Normal,0.13887838993102353
13888,120,7,2169.05,4.795790545596741,2.0794415416798357,7.682505487743709,2,0.6617008862515201,0.6356253221624428,Normal,0.12952894726860814
13889,93,6,1991.23,4.543294782270004,1.9459101490553132,7.597009893326727,2,0.604319766760258,0.42188840604389954,Normal,0.13511838896201356
13890,1,14,2927.38,0.6931471805599453,2.70805020110221,7.982204648081087,0,2.59844483325651,-1.3074270385084223,Anomaly,-0.0061393363290664915
13891,378,3,863.5600000000001,5.937536205082426,1.3862943611198906,6.76222070699491,2,-0.6366565750156882,0.7361674387487991,Normal,0.15130025781411532
13892,27,6,1267.6499999999999,3.332204510175204,1.9459101490553132,7.145708621949827,3,0.7996540547220843,-0.38119769383037716,Normal,0.13154299922631973
13893,298,1,821.1,5.700443573390687,0.6931471805599453,6.711862042158088,1,-1.1105534653911004,0.33660532141811855,Normal,0.11369411913366445
13894,24,3,564.62,3.2188758248682006,1.3862943611198906,6.337922474636114,3,0.05801363633463971,-0.8903527008213068,Normal,0.10903570350833042
13895,28,6,4008.52,3.367295829986474,1.9459101490553132,8.296426812387779,0,1.2889875447209782,-0.01737888161375449,Normal,0.11104472218161499
13896,626,1,388.55,6.440946540632921,0.6931471805599453,5.964992226776867,1,-1.6750176705196669,0.5214650097321993,Normal,0.12700341434715962
13897,50,3,1160.72,3.9318256327243257,1.3862943611198906,7.05765694451998,3,0.140587282046362,-0.28166698094325376,Normal,0.13632748032594744
13898,326,2,686.4,5.7899601708972535,1.0986122886681098,6.532916364415733,1,-0.9081149158405226,0.48082691516812115,Normal,0.14466337710150995
13899,16,2,388.52,2.833213344056216,1.0986122886681098,5.9649152118744455,3,-0.19896727107594106,-1.3200295000417739,Normal,0.0847727541457573
13900,183,6,1610.59,5.214935757608986,1.9459101490553132,7.38497654828429,2,0.2948371681124123,0.7288680668602288,Normal,0.11696417904588502
13901,72,15,5676.34,4.290459441148391,2.772588722239781,8.644238092164732,0,1.772259729251219,0.8985121112325702,Normal,0.07175715736461274
13902,632,5,34095.26,6.450470422144176,1.791759469228055,10.436942979837246,2,1.1055870072446723,2.2675129385239243,Anomaly,-0.05428232605444627
13903,400,1,165.45000000000002,5.993961427306569,0.6931471805599453,5.114694964021034,1,-1.9004195963665353,0.020391566542492037,Normal,0.1559200907284744
13904,37,2,332.64,3.6375861597263857,1.0986122886681098,5.810062567373411,3,-0.5264991524578932,-0.9227232349572191,Normal,0.10717611820159417
13905,733,1,312.65,6.598509028614515,0.6931471805599453,5.748277714542752,1,-1.8202709215989048,0.5434975847937781,Normal,0.109980625767505
13906,409,1,42.0,6.016157159698354,0.6931471805599453,3.7612001156935624,1,-2.4965102677363618,-0.3725304672892869,Normal,0.05501536026163745
13907,692,1,136.8,6.541029999189903,0.6931471805599453,4.925803358579558,1,-2.1595432098882172,0.265589317383871,Normal,0.09926093639483607
13908,80,4,2369.55,4.394449154672439,1.6094379124341003,7.770877274716226,2,0.4714814221373257,0.2686768665377843,Normal,0.13900834271821266
13909,423,2,286.6,6.049733455231958,1.0986122886681098,5.661570625846892,1,-1.3712588949526958,0.36327325142608285,Normal,0.14180731826988374
13911,57,20,4234.99,4.060443010546419,3.044522437723423,8.351372346000852,0,1.9266311042630084,0.7835128535558409,Normal,0.06229351139629402
13912,424,1,124.95,6.052089168924417,0.6931471805599453,4.835885002798619,1,-2.0405311277253104,-0.031008288760230956,Normal,0.1464122019760115
13913,507,1,42.22,6.230481447578482,0.6931471805599453,3.76630335107874,1,-2.563607788274721,-0.25278984956158546,Normal,0.04876370240632588
13914,12,2,626.45,2.5649493574615367,1.0986122886681098,6.441663986556317,3,0.09523181525453894,-1.325280314193659,Normal,0.0831786124418693
13915,394,1,70.80000000000001,5.978885764901122,0.6931471805599453,4.273884476054179,1,-2.261384356931888,-0.23961750736653653,Normal,0.09978737665777382
13916,464,4,1275.81,6.142037405587356,1.6094379124341003,7.152120058745075,2,-0.36295755235706867,1.0473559081441106,Normal,0.11143296734648833
13917,50,2,272.04,3.9318256327243257,1.0986122886681098,5.609618304598452,3,-0.7088779776264876,-0.820434478821682,Normal,0.10466269159522334
13918,50,2,1212.8400000000001,3.9318256327243257,1.0986122886681098,7.101544167216986,3,-0.0597339860759969,-0.3738312581929017,Normal,0.12346814216635177
13919,59,4,1360.68,4.0943445622221,1.6094379124341003,7.216474510499718,2,0.3273196693300301,-0.06280789830099522,Normal,0.14975917392253563
13920,432,4,1774.68,6.07073772800249,1.6094379124341003,7.481938727137536,2,-0.19639175016134477,1.1067599263070382,Normal,0.12401228130543235
13921,402,4,730.7,5.998936561946683,1.6094379124341003,6.595370593889984,2,-0.5589193980657774,0.8017658561423276,Normal,0.13704767241739374
13922,352,3,865.2,5.8664680569332965,1.3862943611198906,6.764115828780526,2,-0.6128467397977995,0.6975362979423199,Normal,0.14488860344479632
13923,54,1,351.13,4.007333185232471,0.6931471805599453,5.864000425598742,3,-0.9318668097843256,-0.8510534823198213,Normal,0.1067046506435268
13924,2,6,1838.8500000000001,1.0986122886681098,1.9459101490553132,7.517439325540823,3,1.6837967545576427,-1.5018843061213156,Normal,0.02388103845804601
13925,93,4,678.25,4.543294782270004,1.6094379124341003,6.520989248306457,2,-0.120491250433114,-0.023375618030320518,Normal,0.13467243795498912
13926,23,1,223.85000000000002,3.1780538303479458,0.6931471805599453,5.415433513216716,3,-0.8588302160057775,-1.4427289387723332,Normal,0.07040375945462185
13927,75,2,708.26,4.330733340286331,1.0986122886681098,6.56422217299034,3,-0.42254229084054856,-0.3146548237853368,Normal,0.13708270282898882
13928,11,4,464.57,2.4849066497880004,1.6094379124341003,6.143262461351643,3,0.38089346599051477,-1.2717741324694805,Normal,0.07195576526440584
13929,169,11,3494.1,5.135798437050262,2.4849066497880004,8.159117266561877,2,1.0683602842211852,1.1142472384861248,Normal,0.07296963891172947
13930,58,2,337.34,4.07753744390572,1.0986122886681098,5.824051307047146,3,-0.6627040957679582,-0.6758756530096447,Normal,0.11786223630244569
13931,96,11,5257.38,4.574710978503383,2.4849066497880004,8.567578273503825,0,1.427553648602703,0.9270446083637557,Normal,0.09482031938572177
13932,295,1,307.4,5.69035945432406,0.6931471805599453,5.731397641689174,1,-1.5338966960140852,0.037544438914944515,Normal,0.15178836069988838
13933,109,2,608.7900000000001,4.700480365792417,1.0986122886681098,6.413114635600407,1,-0.6078755495124555,-0.15595023416034506,Normal,0.13586877192547614
13934,264,1,922.1,5.579729825986222,0.6931471805599453,6.8277375709961055,1,-1.0210935586054422,0.30471125905307495,Normal,0.1032336420300724
13935,597,3,6116.92,6.393590753950631,1.3862943611198906,8.718977448456672,2,0.06723780990146022,1.5734583267454592,Normal,0.02274005564457271
13936,180,3,939.66,5.198497031265826,1.3862943611198906,6.846581756547317,2,-0.36092649224936274,0.353795248611427,Normal,0.1377872594027269
13937,169,2,880.13,5.135798437050262,1.0986122886681098,6.781205174641707,2,-0.5885106272450453,0.19434108451714754,Normal,0.13137797858638917
13938,35,1,71.66,3.58351893845611,0.6931471805599453,4.2857910267930555,1,-1.4814807966271677,-1.5572449351405926,Normal,0.028315010361372073
13939,23,7,1560.96,3.1780538303479458,2.0794415416798357,7.353696721877114,3,1.0418521137785843,-0.35508347570666327,Normal,0.13593790487858265
13940,17,4,839.14,2.8903717578961645,1.6094379124341003,6.73356854461668,3,0.5066006340776821,-0.8714290423822407,Normal,0.12641851829795836
13941,22,15,11122.300000000001,3.1354942159291497,2.772588722239781,9.316797286369194,0,2.438438738344828,0.46280643942500793,Normal,0.07106037266373877
13942,535,1,320.0,6.284134161070802,0.6931471805599453,5.771441123130016,1,-1.7085155315125353,0.3770344695240074,Normal,0.15247798566215898
13943,578,1,246.54,6.361302477572996,0.6931471805599453,5.511572185111876,1,-1.8465439436285833,0.34180659278692976,Normal,0.1460718648203344
13944,653,1,200.43,6.483107351457199,0.6931471805599453,5.3054419264903325,1,-1.975627008000158,0.34728501447158105,Normal,0.11358753426090679
13945,395,2,854.15,5.981414211254481,1.0986122886681098,6.7512768921457,1,-0.8750263572982366,0.6517910759802533,Normal,0.14902011148383104
13946,79,6,1876.23,4.382026634673881,1.9459101490553132,7.537552565041232,2,0.6306078504339482,0.3151407781326172,Normal,0.1329251529148754
13947,65,1,90.6,4.189654742026425,0.6931471805599453,4.517431271680085,1,-1.5767328703480359,-1.153583125564936,Normal,0.05933534261302287
13948,361,4,548.76,5.8916442118257715,1.6094379124341003,6.3094818193558355,2,-0.6486098613750699,0.657007661681632,Normal,0.12166871020152004
13949,3,6,2427.32,1.3862943611198906,1.9459101490553132,7.794954939211736,0,1.7115013610265273,-1.2601366026472007,Normal,0.052423425808320934
13950,11,4,745.06,2.4849066497880004,1.6094379124341003,6.61480602592395,3,0.5860642987818755,-1.1306190792048711,Normal,0.10498616630556035
13951,176,3,674.45,5.176149732573829,1.3862943611198906,6.5153791354156905,2,-0.49780662890923527,0.2423249016460652,Normal,0.14216965772248302
13952,218,14,12823.521,5.389071729816501,2.70805020110221,9.459114320413606,0,1.7222729734728743,1.7247713333585144,Anomaly,-0.0122228087267785
13953,7,12,6640.68,2.0794415416798357,2.5649493574615367,8.801120222516522,0,2.3972519231748337,-0.35004093483117127,Normal,0.08676619336492697
13954,2,2,439.92,1.0986122886681098,1.0986122886681098,6.088863453095115,3,0.41597758917532063,-2.2396647864989223,Anomaly,-0.015063972493013056
13955,154,3,545.17,5.043425116919247,1.3862943611198906,6.302930282595254,2,-0.5473175894541575,0.10552325897108841,Normal,0.13626194967545713
13956,5,5,1026.42,1.791759469228055,1.791759469228055,6.934806084458451,3,1.088537104038271,-1.3504051261132357,Normal,0.0696154224633907
13957,418,3,458.25,6.037870919922137,1.3862943611198906,6.129594724095235,1,-0.9443659448669202,0.6021336250323124,Normal,0.13593188091341474
13958,380,8,4709.2300000000005,5.942799375126701,2.1972245773362196,8.457492018089969,2,0.7177629760167168,1.5433734645599848,Normal,0.050088928098286245
13959,79,6,1076.18,4.382026634673881,1.9459101490553132,6.982101794110792,2,0.3889285957297381,0.14886837183296142,Normal,0.11879114362667559
13960,21,2,230.22,3.091042453358316,1.0986122886681098,5.443369638247176,3,-0.5092827497775269,-1.3339439383135394,Normal,0.06364655298387556
13961,392,1,538.4,5.973809611869261,0.6931471805599453,6.2904574107056295,1,-1.3823221877392555,0.3612373216085276,Normal,0.14396630692997864
13962,22,3,362.8,3.1354942159291497,1.3862943611198906,5.896604266084022,3,-0.10703825397548343,-1.0684499584734528,Normal,0.0855737829128666
13963,308,17,3011.87,5.733341276897746,2.8903717578961645,8.01064839183372,2,1.1197507402261044,1.5477995747522109,Normal,0.01956983089565434
13964,387,2,438.9,5.961005339623274,1.0986122886681098,6.086547428354674,1,-1.1576525359178294,0.44154970000351934,Normal,0.15171384482192268
13965,477,3,996.61,6.169610732491456,1.3862943611198906,6.905362418373325,2,-0.6494337844249002,0.90701977641761,Normal,0.1306497278238562
13966,435,1,390.86,6.077642243349034,0.6931471805599453,5.970904633142621,1,-1.5549432426124414,0.3228502829311454,Normal,0.16104143256048004
13967,146,2,166.3,4.990432586778736,1.0986122886681098,5.119788607992779,1,-1.2643857868951214,-0.3831768104289614,Normal,0.08201693693435685
13968,423,1,123.66,6.049733455231958,0.6931471805599453,4.825590031380704,1,-2.0442486203036805,-0.03538937590803183,Normal,0.14579670822898388
13969,7,35,13365.87,2.0794415416798357,3.58351893845611,9.500534536480925,0,3.478439396576038,0.23215885772335837,Normal,0.00040379445997484886
13970,386,2,846.55,5.958424693029782,1.0986122886681098,6.742349834564496,1,-0.8714751633996095,0.6364386616165729,Normal,0.14708310687478987
13971,19,14,4667.57,2.995732273553991,2.70805020110221,8.448608093921028,0,2.056664200505002,0.10220613970239115,Normal,0.11352844633975523
13972,71,2,190.25,4.276666119016055,1.0986122886681098,5.253581472706645,1,-0.9753215280400663,-0.7368122989438173,Normal,0.07143269501113003
13973,287,1,264.7,5.662960480135946,0.6931471805599453,5.582367852765768,1,-1.5898787314887555,-0.022179363820208676,Normal,0.15012005589021354
13974,49,2,677.72,3.912023005428146,1.0986122886681098,6.520208671376317,3,-0.3062711301793261,-0.5587745364982432,Normal,0.1270869376925593
13975,31,12,5358.84,3.4657359027997265,2.5649493574615367,8.586689402873036,0,1.8555889687020541,0.3503961926378256,Normal,0.11327428700671505
13976,207,4,1192.36,5.337538079701318,1.6094379124341003,7.084528136845675,2,-0.1321714361303625,0.5833917976089232,Normal,0.13378175749866877
13977,411,1,519.8100000000001,6.021023349349527,0.6931471805599453,6.255385291938897,1,-1.4128523639006558,0.3767798652980441,Normal,0.14862298518968103
13978,15,2,196.79000000000002,2.772588722239781,1.0986122886681098,5.287205861793318,3,-0.47423425623110077,-1.556337814366849,Normal,0.0450386919778375
13979,73,7,3416.23,4.30406509320417,2.0794415416798357,8.136585560356334,2,1.0183098728680535,0.500336010549508,Normal,0.12235769141289182
13980,60,5,799.92,4.110873864173311,1.791759469228055,6.6857610669244485,2,0.2301154652028515,-0.14582222703766365,Normal,0.13584980827831816
13981,416,1,331.14,6.0330862217988015,0.6931471805599453,5.805556566778607,1,-1.6124764092841466,0.24877849302940241,Normal,0.1690570583110026
13982,39,9,4445.59,3.6888794541139363,2.302585092994046,8.39989278927356,0,1.5020357763780605,0.32152200389742874,Normal,0.11994778907048925
13983,30,21,7108.45,3.4339872044851463,3.091042453358316,8.86918016396832,0,2.390024669161829,0.6100161555750947,Normal,0.06581330024899257
13984,27,12,2048.6,3.332204510175204,2.5649493574615367,7.62539993114247,0,1.4805148492400757,-0.01101347384861203,Normal,0.09730513891226455
13985,4,22,10020.86,1.6094379124341003,3.1354942159291497,9.212523986154487,0,3.163424766414144,-0.2772848213749959,Normal,0.03307188467720312
13986,17,1,320.46,2.8903717578961645,0.6931471805599453,5.7728731191409945,3,-0.6102628065311803,-1.4944048343024816,Normal,0.06318212800575118
13987,380,2,682.54,5.942799375126701,1.0986122886681098,6.527285176763272,1,-0.9599971842112074,0.5634414257759869,Normal,0.15346546739453754
13988,20,8,4757.8,3.044522437723423,2.1972245773362196,8.46775081460237,0,1.6596035973147234,-0.05213296244143264,Normal,0.11179102203242802
13989,66,5,2026.06,4.204692619390966,1.791759469228055,7.614341746408589,2,0.6038019183823751,0.18389221392879482,Normal,0.14949529294288416
13990,213,1,311.3,5.365976015021851,0.6931471805599453,5.7439642642890325,1,-1.4235149892051133,-0.1376111309887405,Normal,0.13987208333434348
13991,12,6,855.97,2.5649493574615367,1.9459101490553132,6.753402912150755,3,0.8771099484748183,-0.921821390857472,Normal,0.10241540331274546
13992,30,3,219.5,3.4339872044851463,1.3862943611198906,5.395897694886901,3,-0.4214383239928589,-1.0536976865467427,Normal,0.04682225024056341
13993,43,19,6775.71,3.784189633918261,2.995732273553991,8.821247012424738,0,2.1832106621829057,0.7539387394073533,Normal,0.07708799456306503
13994,4,6,2313.14,1.6094379124341003,1.9459101490553132,7.746793407219949,0,1.618375712941374,-1.151476257839721,Normal,0.07055419649603023
13995,15,14,3902.01,2.772588722239781,2.70805020110221,8.269503329309027,0,2.0509052091997315,-0.07448564188538845,Normal,0.10732194470578044
13996,386,2,895.76,5.958424693029782,1.0986122886681098,6.798788267730199,1,-0.846918534481241,0.6533333255208543,Normal,0.14517341361591823
13997,519,3,382.31,6.253828811575473,1.3862943611198906,5.948844061271341,1,-1.092857723885766,0.6671405071849446,Normal,0.10912074034592106
13998,447,3,566.7,6.104793232414985,1.3862943611198906,6.341593110176681,1,-0.8737688348513029,0.7025064187523852,Normal,0.1391898095326819
13999,10,29,9502.26,2.3978952727983707,3.4011973816621555,9.159390176618166,0,3.0879520612987923,0.23894902373494553,Normal,0.042126559955699805
14000,211,5,2046.3400000000001,5.356586274672012,1.791759469228055,7.624296668595673,2,0.23558145028822342,0.8222121377836714,Normal,0.12450582473427019
14001,46,9,4530.09,3.8501476017100584,2.302585092994046,8.418717807634733,0,1.4580683826856429,0.4161064801880674,Normal,0.11899935885161517
14002,134,2,529.73,4.90527477843843,1.0986122886681098,6.274253417348632,1,-0.7345304783416972,-0.0845612240395601,Normal,0.13688010628009922
14003,733,1,209.41,6.598509028614515,0.6931471805599453,5.3490580082512205,1,-1.9939733019523453,0.42399244647856354,Normal,0.10137384065822813
14004,43,11,6258.45,3.784189633918261,2.4849066497880004,8.74184760080936,0,1.7590538999997964,0.5431906002374616,Normal,0.10878704508943393
14005,10,5,2874.72,2.3978952727983707,1.791759469228055,7.964058356660503,3,1.3403297917851102,-0.7079807150327478,Normal,0.09803862597353163
14006,116,7,2196.67,4.762173934797756,2.0794415416798357,7.69515298720424,2,0.6780763456895957,0.6208696893508876,Normal,0.13157435356861302
14007,513,1,79.48,6.2422232654551655,0.6931471805599453,4.388008706351429,1,-2.2968984554426313,-0.06020801378604769,Normal,0.10292981923611422
14008,432,1,509.04,6.07073772800249,0.6931471805599453,6.234489154015341,1,-1.4380232752045132,0.39794520024376995,Normal,0.14803861928300438
14009,198,3,1099.91,5.293304824724492,1.3862943611198906,7.0038923895122585,2,-0.3231431605294169,0.4531779907223774,Normal,0.13539197312031076
14010,565,2,445.15,6.338594078203183,1.0986122886681098,6.10065521834616,1,-1.2736360358639793,0.6540361532165406,Normal,0.12915049883082946
14011,480,2,457.82,6.175867270105761,1.0986122886681098,6.128657976284189,1,-1.2088218873077559,0.5726648808627899,Normal,0.14111512756540057
14012,278,1,328.8,5.631211781821365,0.6931471805599453,5.7984864101254985,1,-1.4855761841675723,0.025003679999906176,Normal,0.15383793071361285
14013,110,5,1084.57,4.709530201312334,1.791759469228055,6.989860473650979,2,0.16880976608938156,0.27540461602425004,Normal,0.13339870034553325
14014,77,3,1948.21,4.356708826689592,1.3862943611198906,7.575179441266062,2,0.2283456616107292,0.1076008404956932,Normal,0.1267396303776614
14015,53,1,917.34,3.9889840465642745,0.6931471805599453,6.8225676924206855,3,-0.5088550818953455,-0.5742301208241799,Normal,0.07870470022425974
14016,162,11,11403.41,5.093750200806762,2.4849066497880004,9.341755401683734,0,1.5965312005077363,1.4450739907329375,Normal,0.03332568845672923
14017,571,1,229.75,6.349138991379798,0.6931471805599453,5.441334873382962,1,-1.873170546928956,0.3140723707247169,Normal,0.14577231919823525
14018,645,1,367.15000000000003,6.470799503782602,0.6931471805599453,5.908490463814726,1,-1.7092570671842566,0.5210171271057635,Normal,0.12465918621379163
14019,47,3,1421.61,3.871201010907891,1.3862943611198906,7.260248491657529,3,0.2483433763242853,-0.2544600458374741,Normal,0.13967091847090196
14020,17,4,1249.01,2.8903717578961645,1.6094379124341003,7.130906830264347,3,0.679484399420052,-0.752487101300857,Normal,0.12546676176305493
14021,155,7,1716.58,5.049856007249537,2.0794415416798357,7.448671602342143,2,0.4777873824302998,0.7057605723835889,Normal,0.11066327731058834
14022,225,2,792.15,5.420534999272286,1.0986122886681098,6.676012358854464,1,-0.7263716131439295,0.3199016180047376,Normal,0.13705688909359331
14023,7,2,584.07,2.0794415416798357,1.0986122886681098,6.371731498193053,3,0.22182951797108244,-1.6140016971488302,Normal,0.05645609311325028
14024,122,3,645.74,4.812184355372417,1.3862943611198906,6.471944359021592,2,-0.3989895831936593,0.028573627908061137,Normal,0.13773033168060744
14025,465,8,4057.9,6.144185634125646,2.1972245773362196,8.308667279925409,2,0.5878751567534689,1.6099001213392277,Normal,0.04359908876248331
14026,471,2,713.11,6.156978985585555,1.0986122886681098,6.571037012097961,1,-1.0102317239306453,0.6946715794424093,Normal,0.13945592490046282
14027,61,1,104.82,4.127134385045092,0.6931471805599453,4.661739537475985,1,-1.4937229778543046,-1.1448687178783663,Normal,0.0760820027702942
14028,550,3,10396.5,6.311734809152915,1.3862943611198906,9.249320671617067,2,0.32446696037579453,1.6870662987062013,Normal,0.005454576649796428
14029,63,2,467.66,4.1588830833596715,1.0986122886681098,6.149877558850261,3,-0.5472448168290174,-0.5334735040474325,Normal,0.12090843970622794
14030,18,20,8262.29,2.9444389791664403,3.044522437723423,9.019578092297357,0,2.578314859934425,0.3679934773967577,Normal,0.07867584013537193
14031,7,44,40999.17,2.0794415416798357,3.8066624897703196,10.621331492019312,0,4.136296344220923,0.6493442341237411,Anomaly,-0.07841981053760871
14032,2,16,4850.2699999999995,1.0986122886681098,2.833213344056216,8.486995805323419,0,2.782406717158215,-0.8868664460518376,Normal,0.017726540042716454
14033,555,1,109.44,6.320768294250582,0.6931471805599453,4.704472387061954,1,-2.1846070862251206,0.07784677113016576,Normal,0.1258019219573822
14034,22,3,651.8199999999999,3.1354942159291497,1.3862943611198906,6.481301440435488,3,0.1473662490342284,-0.8934227351370347,Normal,0.1175002633955819
14035,29,9,2856.72,3.4011973816621555,2.302585092994046,7.9577793830815615,0,1.4027138927275842,0.03050247928919628,Normal,0.12614767905901464
14036,285,1,626.65,5.655991810819852,0.6931471805599453,6.441982686264217,1,-1.2136024100272673,0.2312999305664746,Normal,0.12304629434890552
14037,176,6,836.95,5.176149732573829,1.9459101490553132,6.7309584328308825,2,0.022815189709682524,0.5116969722163672,Normal,0.11117780964178126
14038,78,5,3069.88,4.3694478524670215,1.791759469228055,8.029719444457568,2,0.7312486564382671,0.39910680404087945,Normal,0.12200889833403067
14039,33,2,267.28000000000003,3.5263605246161616,1.0986122886681098,5.592031211231537,3,-0.5853924073515004,-1.0493379766606064,Normal,0.09234059484829277
14040,41,35,12645.57,3.7376696182833684,3.58351893845611,9.445141311143818,0,2.918024124459776,1.130191489590543,Anomaly,-0.02273827464926248
14041,266,1,141.41,5.58724865840025,0.6931471805599453,4.958710221231336,1,-1.8367479717785145,-0.25062898504713343,Normal,0.12717847682890315
14042,725,1,431.98,6.587550014824796,0.6931471805599453,6.070691537559284,1,-1.6764427182744794,0.6339665605795177,Normal,0.10126239166461937
14043,491,2,304.25,6.198478716492308,1.0986122886681098,5.721131112990814,1,-1.3934518716365614,0.46314462027548203,Normal,0.13910030594370393
14044,27,10,3123.1,3.332204510175204,2.3978952727983707,8.046901520690538,0,1.536499050876411,0.054013992685621855,Normal,0.12610766720254013
14045,109,16,11313.029999999999,4.700480365792417,2.833213344056216,9.333798827481695,0,1.9859183527421491,1.353272323053727,Normal,0.03027816039518927
14046,284,1,154.99,5.652489180268651,0.6931471805599453,5.049791902630777,1,-1.8182183571015085,-0.18737982955816976,Normal,0.1343892778875997
14047,9,14,4255.03,2.302585092994046,2.70805020110221,8.356092079868818,0,2.2405915915664667,-0.307801384997178,Normal,0.10028047284274727
14048,305,3,748.69,5.723585101952381,1.3862943611198906,6.619659787751255,2,-0.6294882396575511,0.575485138607118,Normal,0.1453907102506916
14049,17,13,13239.03,2.8903717578961645,2.6390573296152584,9.49100009534946,0,2.4916689054162107,0.330876236983252,Normal,0.0657670404729861
14050,32,2,746.36,3.4965075614664802,1.0986122886681098,6.616546996753798,3,-0.1299655360099655,-0.7591182019306366,Normal,0.11947043531500368
14051,1,37,22434.0,0.6931471805599453,3.6375861597263857,10.018377518410084,0,4.193355803526358,-0.3576623040232784,Anomaly,-0.07562346942292297
14052,20,2,480.81,3.044522437723423,1.0986122886681098,6.177549845465586,3,-0.1747917087449264,-1.1398280884643988,Normal,0.10148104187618012
14053,124,4,572.3,4.8283137373023015,1.6094379124341003,6.351409139914337,2,-0.28645878461275176,0.08306654292370391,Normal,0.12739458998524889
14054,65,1,92.46,4.189654742026425,0.6931471805599453,4.53753353727228,1,-1.5679862796140818,-1.1475655768513209,Normal,0.06208692703057317
14055,106,3,1520.96,4.672828834461906,1.3862943611198906,7.327754256867339,2,0.018448490292421273,0.2078944644401325,Normal,0.1340303994067425
14056,1,23,8214.65,0.6931471805599453,3.1780538303479458,9.013796150895738,0,3.4057696980824566,-0.8265855402088408,Anomaly,-0.018682292870283668
14057,24,22,8408.84,3.2188758248682006,3.1354942159291497,9.037157727815742,0,2.566588649156308,0.5579235020939945,Normal,0.06337149597426983
14058,463,2,469.19,6.139884552226255,1.0986122886681098,6.153136868334086,1,-1.1865332734428577,0.5601458843934399,Normal,0.1492608731547535
14059,267,1,183.6,5.5909869805108565,0.6931471805599453,5.218191322068752,1,-1.725055587952986,-0.17089223620617403,Normal,0.13967644319724343
14060,5,30,9519.08,1.791759469228055,3.4339872044851463,9.161158531111447,0,3.309770309792678,-0.08284043974806753,Normal,0.0315235637972604
14061,507,3,917.4300000000001,6.230481447578482,1.3862943611198906,6.822665690537023,2,-0.7051026692368215,0.9158387063488117,Normal,0.13039171390968257
14062,10,24,25604.2,2.3978952727983707,3.2188758248682006,10.150550734840564,0,3.3801529809533934,0.4689136421485694,Anomaly,-0.01155104634635118
14063,438,9,22710.2,6.0844994130751715,2.302585092994046,10.030613473862132,2,1.4367652173533043,2.131004242842687,Anomaly,-0.03795972128849068
14064,29,15,3332.42,3.4011973816621555,2.772588722239781,8.111754082970078,0,1.8281835402283544,0.24863220317337525,Normal,0.09911692328997396
14065,389,3,891.02,5.966146739123692,1.3862943611198906,6.793488553853314,2,-0.632305166387265,0.7613078314415429,Normal,0.1498361636638611
14066,267,1,152.55,5.5909869805108565,0.6931471805599453,5.034026246886832,1,-1.8051866822675267,-0.2260214606297183,Normal,0.1305458526907809
14067,64,2,374.7,4.174387269895637,1.0986122886681098,5.928790952579924,3,-0.6484550946614693,-0.5911035612339798,Normal,0.12367532468173592
14068,320,4,1528.3700000000001,5.771441123130016,1.6094379124341003,7.332611164882233,2,-0.1645646926553526,0.8969787782971073,Normal,0.125472187965261
14069,515,2,230.06,6.246106765481563,1.0986122886681098,5.442677417054872,1,-1.5300125208505975,0.40606018783807707,Normal,0.11036057696236545
14070,685,1,326.55,6.530877627725885,0.6931471805599453,5.791640715177885,1,-1.7795297484354382,0.5191752972356276,Normal,0.11884865817441043
14071,4,8,1438.82,1.6094379124341003,2.1972245773362196,7.272273384756895,0,1.603588799548375,-1.201532367037583,Normal,0.05162142150851823
14072,667,1,390.85,6.504288173536645,0.6931471805599453,5.9708791134988735,1,-1.692942564205289,0.5581640231076198,Normal,0.11212160432941803
14073,32,1,151.04,3.4965075614664802,0.6931471805599453,5.024143644121048,3,-1.1320783772201086,-1.3842135551920105,Normal,0.06952869169118303
14074,623,1,219.39999999999998,6.436150368369428,0.6931471805599453,5.39544407727876,1,-1.9212795563293104,0.34832721542688894,Normal,0.12633077960888733
14075,5,6,1734.87,1.791759469228055,1.9459101490553132,7.459264007623663,3,1.4343028530028425,-1.1369857482039443,Normal,0.07538256642709495
14076,129,1,122.47,4.867534450455582,0.6931471805599453,4.815998211579652,1,-1.6660686386659698,-0.6903158638739224,Normal,0.10065469988101144
14077,41,6,615.0799999999999,3.7376696182833684,1.9459101490553132,6.423376825230995,3,0.3542262795637699,-0.3737865419558704,Normal,0.0984701302031975
14078,102,9,1692.6299999999999,4.634728988229636,2.302585092994046,7.4346294334096354,2,0.7761331724458589,0.5542675037230497,Normal,0.09690405273191222
14079,125,2,618.73,4.836281906951478,1.0986122886681098,6.4292838993175305,1,-0.644761922016544,-0.0762071437870646,Normal,0.13724741673653662
14080,33,5,1115.68,3.5263605246161616,1.791759469228055,7.018115276378225,3,0.5637709321510278,-0.3687279919617806,Normal,0.13630415785311506
14081,302,10,5370.1,5.713732805509369,2.3978952727983707,8.588788008238932,2,1.0020291932605816,1.52978479174706,Normal,0.04950719562625494
14082,365,2,413.36,5.902633333401366,1.0986122886681098,6.026735161189901,1,-1.1647981345513736,0.3914493506949282,Normal,0.1436541384450643
14083,4,11,1407.26,1.6094379124341003,2.4849066497880004,7.250110178761505,0,1.8133622899744921,-1.1028650750825617,Normal,0.031962022182262184
14084,512,1,150.5,6.240275845170769,0.6931471805599453,5.020585624949423,1,-2.0210314039168242,0.12807773574119785,Normal,0.1501587970142958
14085,2,33,10104.97,1.0986122886681098,3.5263605246161616,9.220881617313903,0,3.6303913263654937,-0.4134637877483039,Anomaly,-0.018575757425138506
14086,463,1,39.95,6.139884552226255,0.6931471805599453,3.7123518102990785,1,-2.55778100292194,-0.3189098106306146,Normal,0.04975762409308471
14087,3,3,846.22,1.3862943611198906,1.3862943611198906,6.741960401185134,3,0.8265162147811232,-1.780186238927285,Normal,0.03446637874284819
14088,10,16,64036.8,2.3978952727983707,2.833213344056216,11.06722881299151,0,3.4848569047660285,0.6021522250862724,Anomaly,-0.04804787354143292
14089,57,1,161.0,4.060443010546419,0.6931471805599453,5.087596335232384,1,-1.286860975043711,-1.0541742322041476,Normal,0.09330428864426299
14090,325,1,76.32000000000001,5.786897381366708,0.6931471805599453,4.34795265434013,1,-2.1670629836183375,-0.323338796204512,Normal,0.09071143211419952
14091,654,2,9530.08,6.484635235635252,1.0986122886681098,9.162313316565184,2,0.011272418100710745,1.6510843317189037,Anomaly,-0.009002168951744327
14092,8,24,7229.45,2.1972245773362196,3.2188758248682006,8.886056553879842,0,2.8948676295955265,-0.020290821761836823,Normal,0.05093061011147759
14093,12,1,442.85,2.5649493574615367,0.6931471805599453,6.095486667514328,3,-0.36464219084393673,-1.5773219023998373,Normal,0.05063926560341736
14094,440,1,335.22,6.089044875446846,0.6931471805599453,5.817765707604913,1,-1.6252626158102588,0.2832978873297351,Normal,0.1650573944819848
14095,723,1,2.95,6.584791392385716,0.6931471805599453,1.3737155789130306,1,-3.7192269399967435,-0.7735796733115252,Anomaly,-0.06759305113383896
14096,4,17,65164.79,1.6094379124341003,2.8903717578961645,11.084689916963537,0,3.7910566698906547,0.19341858592455316,Anomaly,-0.0709936899063196
14097,481,2,422.85999999999996,6.1779441140506,1.0986122886681098,6.049403212028428,1,-1.2439777141893185,0.5500857281695173,Normal,0.1385171846586538
14098,37,1,147.35,3.6375861597263857,0.6931471805599453,4.999574346736831,3,-1.1883970255148206,-1.313754801969212,Normal,0.0742021845249512
14099,16,20,5765.71,2.833213344056216,3.044522437723423,8.659857006240394,0,2.4577717341301017,0.19896436960748654,Normal,0.0783955955391969
14100,138,1,194.9,4.9344739331306915,0.6931471805599453,5.277604324950495,1,-1.4868715804912895,-0.5152143273649656,Normal,0.11609652048717584
14101,74,13,9961.93,4.31748811353631,2.6390573296152584,9.206626484023987,0,1.9063706335778752,1.0328920460865345,Normal,0.048511381856824576
14102,5,5,1360.28,1.791759469228055,1.791759469228055,7.216180712571818,3,1.2109645341077286,-1.2661765338840616,Normal,0.06978824573698905
14104,155,5,771.5799999999999,5.049856007249537,1.791759469228055,6.6497355632804975,2,-0.08925026887034632,0.36129985564356293,Normal,0.12411063730513922
14105,239,5,5988.83,5.480638923341991,1.791759469228055,8.697818310072366,2,0.6625539855500919,1.2119900359860698,Normal,0.0654084409343032
14106,737,1,214.79999999999998,6.6039438246004725,0.6931471805599453,5.374352052824034,1,-1.9847254958319946,0.43456176065593966,Normal,0.0980889279936204
14107,52,11,4877.3,3.970291913552122,2.4849066497880004,8.492552077499786,0,1.5903939977027575,0.5712115984437319,Normal,0.11930729636439719
14108,31,4,1044.96,3.4657359027997265,1.6094379124341003,6.952690402975883,3,0.4158540935399589,-0.48848702738588545,Normal,0.13776865721813242
14109,73,1,144.2,4.30406509320417,0.6931471805599453,4.978112102390695,1,-1.4132917013716553,-0.9525754760084457,Normal,0.09544109005214074
14110,4,33,12987.95,1.6094379124341003,3.5263605246161616,9.471854274988836,0,3.5743766293037225,-0.056584288098348756,Normal,0.0022726318123154066
14111,14,4,692.85,2.70805020110221,1.6094379124341003,6.54225579881702,3,0.4823270142257484,-1.0292594120371235,Normal,0.10384914363031345
14112,23,13,5834.59,3.1780538303479458,2.6390573296152584,8.671730653576422,0,2.0421571524111704,0.24430485277892913,Normal,0.10909545851909308
14113,4,16,7092.610000000001,1.6094379124341003,2.833213344056216,8.866949657786243,0,2.782512347330808,-0.49137683953523237,Normal,0.05332183053820283
14114,274,7,1364.09,5.616771097666572,2.0794415416798357,7.218975639511439,2,0.19449072797121889,0.9496902411015323,Normal,0.07143606803757763
14115,502,2,622.6700000000001,6.220590170099739,1.0986122886681098,6.435621382327133,1,-1.0897251900300946,0.6892208120614957,Normal,0.1382458260219424
14116,20,5,1382.74,3.044522437723423,1.791759469228055,7.2325452572578,3,0.812909204444524,-0.570302301633172,Normal,0.13503394291080795
14117,144,1,90.0,4.976733742420574,0.6931471805599453,4.51085950651685,1,-1.8341537779053962,-0.7214280540137507,Normal,0.06951083820049297
14118,429,1,458.45,6.063785208687608,0.6931471805599453,6.130030121946894,1,-1.4812252708205305,0.3628409835976551,Normal,0.15630744476085567
14119,376,2,183.37,5.932245187448011,1.0986122886681098,5.216944608082299,1,-1.5267190619250546,0.16537389896628787,Normal,0.1078544207631072
14121,4,4,2780.15,1.6094379124341003,1.6094379124341003,7.930619790211972,3,1.4417300898859746,-1.2196091158770734,Normal,0.046495937530046216
14122,406,3,362.42,6.008813185442595,1.3862943611198906,5.895559190220911,1,-1.0367978960363322,0.5160487172934004,Normal,0.1262318104562929
14123,733,1,436.18,6.598509028614515,0.6931471805599453,6.0803450096018565,1,-1.6757868726397258,0.6429008642426595,Normal,0.09791857093968798
14124,84,1,419.58000000000004,4.442651256490317,0.6931471805599453,6.041634711020558,1,-0.9953703032928244,-0.5577746321480116,Normal,0.12579891971469997
14125,11,3,2740.43,2.4849066497880004,1.3862943611198906,7.916234961051038,3,0.9821292801689058,-0.8227189061376983,Normal,0.07383530327986099
14126,8,4,1172.46,2.1972245773362196,1.6094379124341003,7.067711928642815,3,0.8761695450300869,-1.1537174450613037,Normal,0.09409244909181441
14127,123,6,1900.0800000000002,4.820281565605037,1.9459101490553132,7.55017742471711,2,0.49435812056777884,0.5606444441934307,Normal,0.12940080332781428
14128,61,3,924.21,4.127134385045092,1.3862943611198906,6.830020738772716,3,-0.021626157842115173,-0.24208440156476746,Normal,0.1467888123665233
14129,2,9,2591.34,1.0986122886681098,2.302585092994046,7.860316221709267,0,2.1050221863393674,-1.2686896083879664,Normal,0.03919829120620166
14130,319,4,1882.67,5.768320995793772,1.6094379124341003,7.540977280558469,2,-0.07289448221213109,0.9576315650947869,Normal,0.12314714339675481
14131,649,1,187.87,6.476972362889683,0.6931471805599453,5.241058947707755,1,-2.001656133865076,0.32462835411914864,Normal,0.11862282988919193
14132,2,11,3586.0299999999997,1.0986122886681098,2.4849066497880004,8.185079841032296,0,2.3853860935256628,-1.1047365459567928,Normal,0.03474186093399745
14133,130,4,911.14,4.875197323201151,1.6094379124341003,6.815793487064996,2,-0.09956631325597715,0.24793767851428988,Normal,0.14878296232645416
14134,383,15,11123.35,5.950642552587727,2.772588722239781,9.316891678361227,2,1.5279887562260703,2.015561541972177,Anomaly,-0.01989065061745321
14135,2,24,9643.92,1.0986122886681098,3.2188758248682006,9.174186630852345,0,3.3755537309458674,-0.5399920181509259,Normal,0.0010940397657167589
14136,401,5,1570.81,5.996452088619021,1.791759469228055,7.359983100544423,2,-0.08637161961187292,1.0960159325755887,Normal,0.11349580885198834
14137,696,1,332.7,6.546785410760524,0.6931471805599453,5.810242385757328,1,-1.7765810580253334,0.5335177649694742,Normal,0.11564062591644186
14138,2,2,982.3800000000001,1.0986122886681098,1.0986122886681098,6.890995617166797,3,0.7649890835016045,-1.9995490965573355,Anomaly,-0.017368264312076054
14139,46,4,1086.8,3.8501476017100584,1.6094379124341003,6.99191258698886,3,0.30859126501826123,-0.2647193800958528,Normal,0.14358831824367058
14140,4,2,935.05,1.6094379124341003,1.0986122886681098,6.841668893854277,3,0.5783127069833259,-1.7325632531956594,Normal,0.03800904359531132
14141,3,4,915.13,1.3862943611198906,1.6094379124341003,6.820158276001622,3,1.030733376559695,-1.6750995525099046,Normal,0.03551001306055945
14142,373,2,983.15,5.924255797414532,1.0986122886681098,6.891778324458996,2,-0.7954070257402394,0.6623233605498688,Normal,0.13690872457743802
14143,134,1,115.8,4.90527477843843,0.6931471805599453,4.760463070394127,1,-1.7024384293676922,-0.6861240262547365,Normal,0.09922481946640133
14144,486,1,30.599999999999998,6.18826412308259,0.6931471805599453,3.4531571205928664,1,-2.686205028948828,-0.3698146109691739,Normal,0.02028507991968409
14145,47,7,7600.05,3.871201010907891,2.0794415416798357,8.936041674626237,0,1.5061563327622254,0.5008995621730297,Normal,0.1022604412371213
14146,9,12,9450.3,2.302585092994046,2.5649493574615367,9.153907577164,0,2.4785810299820734,-0.12135782711888068,Normal,0.07825365642959703
14147,78,9,2590.2,4.3694478524670215,2.302585092994046,7.85987636785712,2,1.046958834432249,0.5352450039746822,Normal,0.11783729409890464
14148,234,2,466.29,5.459585514144159,1.0986122886681098,6.146950049948197,1,-0.9691990597251725,0.1830672654905118,Normal,0.13943203085668582
14149,221,1,446.62,5.402677381872279,0.6931471805599453,6.103944658191983,1,-1.2787559808205782,-0.009609101725604106,Normal,0.1279027151655962
14150,36,2,658.64,3.6109179126442243,1.0986122886681098,6.49169423166057,3,-0.22129280096896514,-0.7333881557889537,Normal,0.11486012593288408
14151,673,2,679.45,6.513230110912307,1.0986122886681098,6.5227543440063265,1,-1.1464604764927246,0.876712647707154,Normal,0.09452216241485267
14152,75,7,1997.3400000000001,4.330733340286331,2.0794415416798357,7.600072114901368,2,0.7762451440158491,0.35444160462529933,Normal,0.13833084996520456
14153,483,1,233.4,6.182084906716632,0.6931471805599453,5.457029057702858,1,-1.8123123648677573,0.22662980810384734,Normal,0.15016897685726255
14154,239,8,6460.7,5.480638923341991,2.1972245773362196,8.77364772005142,2,1.0047983391345847,1.3831038449352742,Normal,0.05679825914959202
14155,266,1,118.75,5.58724865840025,0.6931471805599453,4.785406236291025,1,-1.9121533544148261,-0.3025069769510343,Normal,0.11729220370716015
14156,10,156,313946.37,2.3978952727983707,5.056245805348308,12.656980639377052,0,5.872085348282444,1.8917475556506365,Anomaly,-0.14639500639687952
14157,20,5,1002.78,3.044522437723423,1.791759469228055,6.911528152734635,3,0.673233145595057,-0.6663977419959671,Normal,0.12677800730378525
14158,40,1,507.66,3.713572066704308,0.6931471805599453,6.231779816930511,3,-0.6768343916757782,-0.9029871627526033,Normal,0.095305451308763
14159,20,20,7938.01,3.044522437723423,3.044522437723423,8.979543861328803,0,2.5285262238115114,0.41121152024875374,Normal,0.08032628100163086
14160,610,7,8421.47,6.415096959171596,2.0794415416798357,9.038658413386564,2,0.7280442757842284,1.93473208320259,Anomaly,-0.0044310162232954475
14161,216,7,3318.88,5.37989735354046,2.0794415416798357,8.10768391667899,2,0.6577829320238482,1.0850718249968292,Normal,0.08145134193472364
14162,174,2,289.36,5.1647859739235145,1.0986122886681098,5.67112153241664,1,-1.0808885762936764,-0.12197048923386959,Normal,0.12268377602565955
14163,87,5,2594.62,4.477336814478207,1.791759469228055,7.861580688064839,2,0.6231966363899925,0.4082823817378891,Normal,0.13588569202746864
14164,71,2,1631.77,4.276666119016055,1.0986122886681098,7.398033237980444,2,-0.042260433332533334,-0.09487754276670829,Normal,0.1184153000245623
14165,276,1,122.53999999999999,5.6240175061873385,0.6931471805599453,4.816564990267753,1,-1.9104880201695225,-0.27289943081291296,Normal,0.1233246950893056
14166,505,2,256.85,6.226536669287466,1.0986122886681098,5.552378020496968,1,-1.4759517998119558,0.4281046040489018,Normal,0.11965354404286727
14167,39,8,1296.49,3.6888794541139363,2.1972245773362196,7.168186907881249,2,0.8857556440696919,-0.08575086186423421,Normal,0.11066869798696177
14168,421,2,370.45,6.045005314036012,1.0986122886681098,5.917414265597815,1,-1.2584109166185442,0.43725136454179614,Normal,0.15779055226897065
14169,431,2,624.4300000000001,6.068425588244111,1.0986122886681098,6.438439413172899,1,-1.0392851296260484,0.6061362875750271,Normal,0.15150185677882944
14170,375,3,597.33,5.929589143389895,1.3862943611198906,6.3941424412081105,1,-0.7942388842434015,0.6216010991471569,Normal,0.1434498087422193
14171,98,2,498.79,4.59511985013459,1.0986122886681098,6.214188010197488,1,-0.6603531756040015,-0.27361106316013684,Normal,0.1297729694330792
14172,605,3,402.72,6.406879986069314,1.3862943611198906,6.0007215683706585,1,-1.1197862440763386,0.7670869756616637,Normal,0.09085344916033955
14173,11,6,586.0,2.4849066497880004,1.9459101490553132,6.375024819828097,3,0.7383637139416829,-1.0792361179512797,Normal,0.06301109787294379
14174,33,1,134.46,3.5263605246161616,0.6931471805599453,4.908676393786758,3,-1.1919739360275645,-1.4023125672922168,Normal,0.06847277176432587
14175,60,8,7678.88,4.110873864173311,2.1972245773362196,8.946359201019646,0,1.5229630127679348,0.6792950903746021,Normal,0.10787423619692366
14176,297,5,916.01,5.697093486505405,1.791759469228055,6.8211183773224136,2,-0.22401396974732296,0.7695938898519473,Normal,0.11611249316359523
14177,86,13,2229.34,4.465908118654584,2.6390573296152584,7.7099093192000625,2,1.2071390939267328,0.6667172939195397,Normal,0.08460463096465548
14178,9,7,1620.93,2.302585092994046,2.0794415416798357,7.391372077147292,3,1.3413938444500777,-0.8266801446379551,Normal,0.11110496238379358
14179,41,2,719.78,3.7376696182833684,1.0986122886681098,6.580333958961338,3,-0.22371998385161712,-0.6369428035880248,Normal,0.12429201956872943
14180,11,33,6319.25,2.4849066497880004,3.5263605246161616,8.751514043320572,0,2.977804185605651,0.21065884018553696,Normal,0.02312415037122517
14181,411,2,310.55,6.021023349349527,1.0986122886681098,5.741559838990231,1,-1.327169627048406,0.3713823827406174,Normal,0.1560138773235673
14182,444,4,678.77,6.09807428216624,1.6094379124341003,6.521754505661576,2,-0.623013782949198,0.8344096451028762,Normal,0.12763503447543884
14183,411,2,286.29,6.021023349349527,1.0986122886681098,5.660492158557335,1,-1.3624425578156134,0.34711503268161975,Normal,0.14209639899359555
14184,67,1,452.89,4.219507705176107,0.6931471805599453,6.1178548779353035,3,-0.8900362105873876,-0.658035714608067,Normal,0.10757206303370265
14185,331,1,197.65,5.805134968916488,0.6931471805599453,5.291544482260608,1,-1.7624002239915235,-0.030818462410178583,Normal,0.140574777933134
14186,427,5,1550.63,6.059123195581797,1.791759469228055,7.34706127025902,2,-0.11226340967295399,1.12671478070372,Normal,0.11378409272724616
14187,474,1,123.5,6.163314804034641,0.6931471805599453,4.824305715904762,1,-2.081542548430721,0.026873243579506816,Normal,0.13621216940098518
14188,31,6,2054.36,3.4657359027997265,1.9459101490553132,7.628206294069428,2,0.9664036000825055,-0.1631128165138288,Normal,0.13913308135627755
14189,2,16,5814.39,1.0986122886681098,2.833213344056216,8.668263130631585,0,2.86127698681203,-0.8326046537565385,Normal,0.01564880072169006
14190,666,1,79.9,6.502790045915623,0.6931471805599453,4.393213824064446,1,-2.3789076526148385,0.08506867092539382,Normal,0.06114311135939554
14191,2,15,4817.66,1.0986122886681098,2.772588722239781,8.48025116009442,0,2.7332333350770956,-0.9110761819876921,Normal,0.023297452505226968
14192,388,1,293.74,5.963579343618446,0.6931471805599453,5.686093611785117,1,-1.6419750013223853,0.1746803373531562,Normal,0.16463218215032915
14193,68,3,1210.19,4.23410650459726,1.3862943611198906,7.0993586263743325,2,0.06096650713209303,-0.10245728879475256,Normal,0.15093105151225966
14194,5,36,18670.59,1.791759469228055,3.6109179126442243,9.83475839627326,0,3.7378028837371855,0.18356239317394285,Anomaly,-0.018867263244308985
14195,202,6,2615.6,5.313205979041787,1.9459101490553132,7.869631044076776,2,0.4739295232507982,0.9281498853731976,Normal,0.10469235979887087
14196,107,1,335.52,4.68213122712422,0.6931471805599453,5.818657582682612,1,-1.1698426595724227,-0.4924342387640354,Normal,0.12683831052142314
14197,411,1,390.05,6.021023349349527,0.6931471805599453,5.968835429047621,1,-1.5375315630727995,0.2910020831411163,Normal,0.1638443399859903
14198,18,9,1569.73,2.9444389791664403,2.302585092994046,7.359295758431025,0,1.2900382024918422,-0.40058192717026925,Normal,0.11433639681500607
14199,218,4,1091.7,5.389071729816501,1.6094379124341003,6.9964069765767,2,-0.18718067123920645,0.5854369774981819,Normal,0.1373819067974998
14200,617,1,379.2,6.42648845745769,0.6931471805599453,5.940697430054329,1,-1.680912337065633,0.5062179212757069,Normal,0.1369591459045722
14201,60,10,1193.54,4.110873864173311,2.3978952727983707,7.0855164530197605,2,0.8663542592740683,0.1957103299207496,Normal,0.07976306844429754
14202,381,3,847.76,5.945420608606575,1.3862943611198906,6.743776460835899,2,-0.6472317716366786,0.7349949446077603,Normal,0.15157842359006662
14203,397,1,339.34,5.986452005284438,0.6931471805599453,5.82994511794329,1,-1.586782135780496,0.2303574989840978,Normal,0.16858524273558467
14204,2,4,1062.96,1.0986122886681098,1.6094379124341003,6.9697530752099555,3,1.1888665286524789,-1.7889931241297936,Normal,0.015211540073272412
14205,17,9,2414.2,2.8903717578961645,2.302585092994046,7.789537378392629,0,1.4947250877712677,-0.3016118648030819,Normal,0.12356390719393234
14206,239,3,1185.01,5.480638923341991,1.3862943611198906,7.078350011225329,2,-0.35133494162842815,0.5787928779042943,Normal,0.13353321131128137
14207,688,1,157.8,6.535241271013659,0.6931471805599453,5.067645548813036,1,-2.0959547798630127,0.3048564835996856,Normal,0.10506703132880924
14208,95,2,567.05,4.564348191467836,1.0986122886681098,6.342209443015913,3,-0.5946981030314875,-0.2522607136932319,Normal,0.1328146792973997
14209,11,15,4993.27,2.4849066497880004,2.772588722239781,8.51604653425612,0,2.300444979742971,-0.13573464617032266,Normal,0.09804663367417804
14210,106,16,5861.52,4.672828834461906,2.833213344056216,8.676334824262575,0,1.7087958719350351,1.1412110686674724,Normal,0.0627622683597786
14211,53,18,4402.29,3.9889840465642745,2.9444389791664403,8.390107267770315,0,1.8902622687738844,0.7190599569823508,Normal,0.07800129624726632
14212,90,2,2190.14,4.51085950651685,1.0986122886681098,7.692177235317669,2,0.00997887169550889,0.12234552596786027,Normal,0.09358430640186438
14213,405,1,1192.2,6.0063531596017325,0.6931471805599453,7.084394052640594,1,-1.0474020204127807,0.6168494694422247,Normal,0.09976266625204078
14214,31,5,1004.38,3.4657359027997265,1.791759469228055,6.913120858480547,3,0.5376949198271979,-0.43359592870240937,Normal,0.1320628723254238
14215,12,9,3416.33,2.5649493574615367,2.302585092994046,8.136614823395947,0,1.7509900604638875,-0.37720574392849743,Normal,0.11356650097674165
14216,3,5,2150.04,1.3862943611198906,1.791759469228055,7.673706725096686,3,1.541174061466769,-1.3528564477160734,Normal,0.05397848488583279
14217,2,23,3416.89,1.0986122886681098,3.1780538303479458,8.136778680594764,0,2.8930374555234977,-0.8654790484638037,Anomaly,-0.011838527517955444
14218,43,1,169.48000000000002,3.784189633918261,0.6931471805599453,5.1386179877903615,3,-1.1753137976306696,-1.1912717328293878,Normal,0.08477427203766419
14219,4,3,633.83,1.6094379124341003,1.3862943611198906,6.4533572465147895,3,0.6287732806825138,-1.7435013224919518,Normal,0.044944703626075166
14220,247,4,1515.0,5.5134287461649825,1.6094379124341003,7.323830566202317,2,-0.08493736363911979,0.7520406949147158,Normal,0.12925554614010376
14221,42,17,6517.49,3.7612001156935624,2.8903717578961645,8.78239803300639,0,2.093383602501748,0.6910636320522088,Normal,0.08703274037193587
14222,177,1,683.17,5.181783550292085,0.6931471805599453,6.528206424753791,1,-1.0227149607227528,-0.004444189589164315,Normal,0.10639137303820373
14223,92,3,991.13,4.532599493153256,1.3862943611198906,6.89985414708588,2,-0.12237910964202228,0.0024588630384566783,Normal,0.14512832250157776
14224,110,9,1897.9,4.709530201312334,2.302585092994046,7.549030050131371,2,0.8017167937184511,0.6297704148640724,Normal,0.09862074147983374
14225,435,4,2037.02,6.077642243349034,1.6094379124341003,7.6197340272772065,2,-0.13866946109514888,1.1518167707213105,Normal,0.12286299502604464
14226,29,6,3002.53,3.4011973816621555,1.9459101490553132,8.007543542587262,0,1.1523284393343047,-0.08515637808584876,Normal,0.1236451989729156
14227,26,15,6368.71,3.295836866004329,2.772588722239781,8.759309221627205,0,2.1440141289513246,0.384362974590801,Normal,0.09687606050697589
14228,438,3,745.5,6.0844994130751715,1.3862943611198906,6.615395616979245,2,-0.7480725297518339,0.773275035596524,Normal,0.14959780140860923
14229,52,7,2594.04,3.970291913552122,2.0794415416798357,7.86135720973938,2,1.0065075095682914,0.2338509214123525,Normal,0.14063367536131377
14230,436,3,979.8000000000001,6.07993319509559,1.3862943611198906,6.888368565181947,2,-0.6278238784956353,0.8524700628216221,Normal,0.14453363427756655
14231,184,4,1235.6200000000001,5.220355825078324,1.6094379124341003,7.120137130372299,2,-0.0787780532720795,0.5294180401190873,Normal,0.13079308976718768
14232,43,5,2048.07,3.784189633918261,1.791759469228055,7.625141310661702,2,0.7445022920798247,-0.04480814005071545,Normal,0.14171276759817286
14233,49,7,2904.27,3.912023005428146,2.0794415416798357,7.974281608168437,2,1.0744871056784129,0.23551560370118474,Normal,0.1343469260083719
14234,22,4,775.46,3.1354942159291497,1.6094379124341003,6.654745128061633,3,0.3930253139628767,-0.7598245202194781,Normal,0.12878145584723144
14235,75,9,4717.99,4.330733340286331,2.302585092994046,8.459350072631114,0,1.3203139401464037,0.6933421080280667,Normal,0.1076821778511392
14236,81,5,1744.64,4.406719247264253,1.791759469228055,7.464876529573371,2,0.4734283121332477,0.25058034815480534,Normal,0.14087201856862985
14237,373,2,632.14,5.924255797414532,1.0986122886681098,6.450691566726245,1,-0.9873259579800463,0.5302854547021832,Normal,0.14546587823789486
14238,326,3,434.23,5.7899601708972535,1.3862943611198906,6.075874626989435,1,-0.8875591290590107,0.4493147139018918,Normal,0.12604203715402718
14239,43,21,4263.17,3.784189633918261,3.091042453358316,8.358002833718864,0,2.054344565237167,0.650154965259204,Normal,0.061661795945730846
14240,30,3,1247.49,3.4339872044851463,1.3862943611198906,7.129690100076217,3,0.3329429429483451,-0.5346924923474577,Normal,0.13126088805920133
14241,184,2,333.70000000000005,5.220355825078324,1.0986122886681098,5.813234608217281,1,-1.0370272182893387,-0.04877921715689499,Normal,0.12863377935247294
14242,235,2,280.55,5.4638318050256105,1.0986122886681098,5.640310051700627,1,-1.191013875819783,0.033748297074427454,Normal,0.1245323409045333
14243,9,17,7431.05,2.302585092994046,2.8903717578961645,8.913557008135198,0,2.622204937690288,-0.07418993227827883,Normal,0.08398743943917542
14244,661,1,366.41999999999996,6.495265555937008,0.6931471805599453,5.906505607880791,1,-1.7180336350863141,0.5339174941241299,Normal,0.11765359107543732
14245,220,2,1693.45,5.3981627015177525,1.0986122886681098,7.435113483382488,2,-0.3888473535015889,0.534796410911834,Normal,0.10329976552278453
14246,111,3,1474.06,4.718498871295094,1.3862943611198906,7.296453945912696,2,-0.009941282154788652,0.22371464117815978,Normal,0.12911595861944813
14247,278,5,772.66,5.631211781821365,1.791759469228055,6.651132500593759,2,-0.2766677976616247,0.6823713650083764,Normal,0.12091909505072518
14248,318,3,1032.95,5.765191102784844,1.3862943611198906,6.941141697999771,2,-0.503066387610735,0.6946679765413256,Normal,0.142750461126045
14249,411,12,5625.461,6.021023349349527,2.5649493574615367,8.63523592668109,2,1.0502664035199338,1.7743260777712933,Normal,0.020787683450763983
14250,7,3,1904.05,2.0794415416798357,1.3862943611198906,7.552263533935522,3,0.9549013903088996,-1.155311443025766,Normal,0.07684972671304502
14251,2,5,2879.7000000000003,1.0986122886681098,1.791759469228055,7.965788599152331,0,1.7613040130174005,-1.4240969706026327,Normal,0.020060096801953087
14252,381,1,350.99,5.945420608606575,0.6931471805599453,5.863602766103642,1,-1.5588669297739106,0.21780147792131335,Normal,0.16379551952012944
14253,493,2,363.40000000000003,6.202535517187923,1.0986122886681098,5.898252165385803,1,-1.3176977381339592,0.5184028132989367,Normal,0.1437165744972036
14254,433,1,601.03,6.073044534100405,0.6931471805599453,6.400307277954197,1,-1.36662110621416,0.44885466861868684,Normal,0.13854517959635276
14255,546,1,1000.63,6.304448802421981,0.6931471805599453,6.909383951973957,1,-1.2199615055380821,0.7288787744074643,Normal,0.09636730329183907
14256,260,5,2473.9900000000002,5.564520407322694,1.791759469228055,7.813991634590588,2,0.25086740367470245,0.9936851356102073,Normal,0.1203527004875462
14257,64,9,5954.45,4.174387269895637,2.302585092994046,8.692062045685008,0,1.4721343414149806,0.6767692503953427,Normal,0.11033892591226213
14258,9,25,32051.34,2.302585092994046,3.258096538021482,10.375125470604086,0,3.5386061302681564,0.4979261263242947,Anomaly,-0.02061529461992284
14259,142,1,120.0,4.962844630259907,0.6931471805599453,4.795790545596741,1,-1.7056868421254197,-0.6437955581841889,Normal,0.10157629504157223
14260,471,3,824.28,6.156978985585555,1.3862943611198906,6.71572272269298,2,-0.7278614816047554,0.8432845592997197,Normal,0.1379736130346157
14261,51,2,1163.45,3.9512437185814275,1.0986122886681098,7.060004151519799,3,-0.08408854932145261,-0.37555586415026526,Normal,0.12635665487435171
14262,8,8,2618.23,2.1972245773362196,2.1972245773362196,7.870635660430322,0,1.6738337952964328,-0.6982141686356624,Normal,0.10537686219574349
14263,423,1,322.93,6.049733455231958,0.6931471805599453,5.780527443067584,1,-1.628750840799195,0.25046807468253857,Normal,0.17137324724285496
14264,155,6,1517.3600000000001,5.049856007249537,1.9459101490553132,7.325386083989173,2,0.3223000936071189,0.6199782525765137,Normal,0.12168962273925787
14265,109,4,1373.35,4.700480365792417,1.6094379124341003,7.225736171057181,2,0.13530962292164622,0.27428559548305703,Normal,0.13893805859676783
14266,428,1,40.56,6.061456918928017,0.6931471805599453,3.727138166231027,1,-2.525981884888192,-0.35774120897126327,Normal,0.05219724579277818
14267,163,3,1516.24,5.099866427824199,1.3862943611198906,7.3246481738226015,2,-0.1210178728895986,0.4425020740911439,Normal,0.12753001063731656
14268,471,1,354.85,6.156978985585555,0.6931471805599453,5.87450929374528,1,-1.62254484402818,0.3377537231848734,Normal,0.15500829671081173
14269,439,1,295.73,6.0867747269123065,0.6931471805599453,5.692822634419859,1,-1.6788917130947223,0.24464445315693828,Normal,0.1627659874186646
14270,332,1,492.65000000000003,5.808142489980444,0.6931471805599453,6.201826764057459,1,-1.3673048117971198,0.24333045050502203,Normal,0.13339846307055503
14271,226,2,219.13,5.424950017481403,1.0986122886681098,5.39421828092524,1,-1.285514202324512,-0.06136417387854133,Normal,0.10258703668630115
14272,74,4,920.81,4.31748811353631,1.6094379124341003,6.826339128567769,2,0.08539958345262501,-0.056516328364167326,Normal,0.1510180925448083
14273,51,4,559.97,3.9512437185814275,1.6094379124341003,6.329667428156979,3,-0.012251805131632128,-0.4071996392180237,Normal,0.11911353562025428
14274,686,1,256.6,6.532334292222349,0.6931471805599453,5.551407994230199,1,-1.8845272629141314,0.44806584267441574,Normal,0.11463324545380582
14275,396,6,1189.3799999999999,5.983936280687191,1.9459101490553132,7.082027862862419,2,-0.08569169525214541,1.0623322698984248,Normal,0.09694146132672526
14276,99,7,2102.68,4.605170185988092,2.0794415416798357,7.6514434710358,2,0.7098371610619283,0.5211881957687061,Normal,0.1315339210143393
14277,15,9,17225.81,2.772588722239781,2.302585092994046,9.754222170187196,0,2.387662772500442,0.2215456615614152,Normal,0.03625979798616652
14278,410,1,205.83,6.018593214496234,0.6931471805599453,5.331897199811232,1,-1.8138804280461318,0.09899629930962182,Normal,0.1595243398311516
14279,521,2,191.86,6.257667587882639,1.0986122886681098,5.261964537082238,1,-1.6123806146929016,0.3583408690860486,Normal,0.10282491721449027
14280,197,1,134.04,5.288267030694535,0.6931471805599453,4.905571030847647,1,-1.763170770901952,-0.43144272331332684,Normal,0.11409886472460173
14281,408,1,245.15,6.013715156042802,0.6931471805599453,5.50594110620421,1,-1.736575413085894,0.14840523611591896,Normal,0.16500798974995384
14282,3,25,7849.66,1.3862943611198906,3.258096538021482,8.96835288367535,0,3.2228646151313467,-0.42857723201141307,Normal,0.015541831157270036
14283,463,4,628.4399999999999,6.139884552226255,1.6094379124341003,6.444830535200694,2,-0.6700062777984511,0.8344436277975399,Normal,0.12024801455990608
14284,31,3,1299.65,3.4657359027997265,1.3862943611198906,7.170619418491279,3,0.34048314082038506,-0.5049290792066872,Normal,0.1310705607767721
14285,21,8,3284.42,3.091042453358316,2.1972245773362196,8.097249776627379,0,1.4833510810517696,-0.13738261972076257,Normal,0.1231990040388386
14286,24,7,8479.76,3.2188758248682006,2.0794415416798357,9.04555534741159,0,1.7647849168181007,0.17388480801966874,Normal,0.0806346119803551
14287,8,3,176.63,2.1972245773362196,1.3862943611198906,5.179702735211794,3,-0.11550507207854449,-1.8005653435305011,Normal,0.007128773385221887
14288,213,1,426.6,5.365976015021851,0.6931471805599453,6.05818817915089,1,-1.2867946792722587,-0.043549210157376374,Normal,0.12951277917149373
14289,9,6,911.26,2.302585092994046,1.9459101490553132,6.815925037163848,3,0.9891689412915674,-1.0478155653358163,Normal,0.08865057900801637
14290,11,8,4516.56,2.4849066497880004,2.1972245773362196,8.41572730406053,0,1.8179619965853384,-0.37636843902159894,Normal,0.09921081731006992
14291,2,23,7904.1,1.0986122886681098,3.1780538303479458,8.975263399784938,0,3.2578661183324424,-0.614481337772534,Normal,0.006108976981425429
14292,8,16,9226.25,2.1972245773362196,2.833213344056216,9.129916341608387,0,2.706825136460601,-0.08845823554920267,Normal,0.06974226194249389
14293,3,9,3267.9300000000003,1.3862943611198906,2.302585092994046,8.092217993218712,0,2.112879994577488,-1.0405962622281018,Normal,0.056946424479412894
14294,407,1,375.34,6.0112671744041615,0.6931471805599453,5.930492990116498,1,-1.5510591426244629,0.2741432686228726,Normal,0.16790065626014017
14295,40,5,2362.91,3.713572066704308,1.791759469228055,7.768072306735277,2,0.829531773124539,-0.04097212135399942,Normal,0.1404110123732349
14296,421,2,456.40000000000003,6.045005314036012,1.0986122886681098,6.125558281588681,1,-1.1678464718675738,0.4995586079680717,Normal,0.15605590973951133
14297,18,4,1305.33,2.9444389791664403,1.6094379124341003,7.174976957856922,3,0.681172796425906,-0.7094734637086024,Normal,0.12725979290988043
14298,8,82,91194.49,2.1972245773362196,4.418840607796598,11.420760723085259,0,4.912949575743263,1.1776941374027678,Anomaly,-0.1296598503813836
14299,8,27,14499.49,2.1972245773362196,3.332204510175204,9.58193772094114,0,3.2840852669353526,0.22950126567313658,Normal,0.02553681357650117
14300,19,1,43.2,2.995732273553991,0.6931471805599453,3.7887247890836524,3,-1.5076514076757024,-2.030240489552505,Anomaly,-0.009299957379488744
14301,117,4,1992.18,4.770684624465665,1.6094379124341003,7.597486632240913,2,0.2743541501486405,0.4242898548410188,Normal,0.13636576403734518
14302,431,3,742.9000000000001,6.068425588244111,1.3862943611198906,6.611906617197296,2,-0.7443919235285275,0.7633649151546087,Normal,0.152674704886822
14303,407,2,277.94,6.0112671744041615,1.0986122886681098,5.630996704930548,1,-1.3721207722630582,0.3329045348316302,Normal,0.13862249944244465
14304,223,3,1725.01,5.4116460518550396,1.3862943611198906,7.453567665369348,2,-0.1657619063976639,0.6530592817503756,Normal,0.12512915245931538
14305,71,3,1858.96,4.276666119016055,1.3862943611198906,7.528310261099659,2,0.23384052099761754,0.04942224272018401,Normal,0.1429318132065157
14306,51,6,3151.4,3.9512437185814275,1.9459101490553132,8.055919346479495,2,0.9954779111461206,0.23270903046925134,Normal,0.12795927070205343
14307,89,10,5071.03,4.499809670330265,2.3978952727983707,8.531496410926067,0,1.3697151723939294,0.8430817261396854,Normal,0.10207776433879967
14308,549,2,1147.02,6.309918278226516,1.0986122886681098,7.045793998330545,2,-0.8531271993659165,0.9211439536309913,Normal,0.09983569299948492
14309,8,11,3780.81,2.1972245773362196,2.4849066497880004,8.237958009987105,0,2.053074291099508,-0.48295562516048046,Normal,0.09226305105395066
14310,433,1,492.1,6.073044534100405,0.6931471805599453,6.2007119932300805,1,-1.453465957601791,0.38910646047136227,Normal,0.14798477185741116
14311,243,2,516.45,5.497168225293202,1.0986122886681098,6.248912902114182,1,-0.9369897520878128,0.23431868679564405,Normal,0.14070446534575864
14312,47,11,3090.29,3.871201010907891,2.4849066497880004,8.0363437585012,0,1.4239441378005775,0.37999239570673793,Normal,0.12390264458160882
14314,107,2,229.8,4.68213122712422,1.0986122886681098,5.441551534633945,1,-1.0246726637062278,-0.45690520608321694,Normal,0.09511709091164938
14315,45,8,3197.82,3.828641396489095,2.1972245773362196,8.070537270782818,0,1.2331699594981356,0.26145210153524473,Normal,0.12775058540749062
14316,422,5,1370.34,6.0473721790462776,1.791759469228055,7.223543642981688,2,-0.1622059332440002,1.0832587694104496,Normal,0.11068733417388621
14317,65,1,508.58000000000004,4.189654742026425,0.6931471805599453,6.233586857019973,3,-0.8300254670499088,-0.6398574568057287,Normal,0.10399399247690205
14318,460,1,158.02,6.133398042996649,0.6931471805599453,5.069029980473338,1,-1.9653860181740515,0.08362973976722428,Normal,0.15068581488689137
14319,424,1,494.85,6.052089168924417,0.6931471805599453,6.206273461632134,1,-1.4442686347750384,0.37921309995769065,Normal,0.15182100097799756
14320,207,5,1346.75,5.337538079701318,1.791759469228055,7.2061918143317785,2,0.05982272680048096,0.6865475440295753,Normal,0.11612296545923517
14321,11,7,2218.06,2.4849066497880004,2.0794415416798357,7.704838961773891,0,1.4188173072327837,-0.6322833254160037,Normal,0.12438239156027153
14322,429,4,474.1,6.063785208687608,1.6094379124341003,6.163525308192876,2,-0.7677910349335078,0.7082623585169229,Normal,0.12124661616355087
14323,115,2,605.0600000000001,4.7535901911063645,1.0986122886681098,6.406978991069148,1,-0.6277222747930242,-0.1284935959331029,Normal,0.13523551683142954
14324,410,2,701.61,6.018593214496234,1.0986122886681098,6.554801972579857,1,-0.9725381646609844,0.6134834381015127,Normal,0.1581669636072714
14325,570,1,245.48000000000002,6.3473892096560105,0.6931471805599453,5.507280854288412,1,-1.8439112148580943,0.3328479766792414,Normal,0.14687044697702506
14326,242,3,940.98,5.493061443340548,1.3862943611198906,6.847984042928468,2,-0.4555860238570151,0.5166853454957638,Normal,0.13934715574141532
14327,163,6,1894.93,5.099866427824199,1.9459101490553132,7.54746476230219,2,0.4027529252646087,0.7140406045231407,Normal,0.12098180235180728
14328,438,1,445.05,6.0844994130751715,0.6931471805599453,6.1004310533597925,1,-1.5008034694816206,0.3654057506571163,Normal,0.15432899130929706
14329,17,15,9927.22,2.8903717578961645,2.772588722239781,9.203136486187676,0,2.4682632663502058,0.2935823845035066,Normal,0.08333300375383879
14330,624,1,200.63,6.437751649736401,0.6931471805599453,5.3064343346499845,1,-1.96052601127494,0.3225656393445767,Normal,0.1244583751703886
14331,124,2,462.65999999999997,4.8283137373023015,1.0986122886681098,6.139151525006747,1,-0.7684227787476968,-0.1674522731705184,Normal,0.13176276635599377
14332,23,5,1943.51,3.1780538303479458,1.791759469228055,7.572765296292786,3,0.9177530794475718,-0.3948077773302142,Normal,0.13668004347095836
14333,68,1,415.2,4.23410650459726,0.6931471805599453,6.031165913959534,1,-0.9324766139099648,-0.6759336452282168,Normal,0.11596760912677911
14334,17,12,4318.48,2.8903717578961645,2.5649493574615367,8.37089030362269,0,1.9477812574266873,-0.03155116507925635,Normal,0.11944022537805304
14335,16,2,468.26,2.833213344056216,1.0986122886681098,6.151156985841575,3,-0.11793259530842366,-1.2642786224992721,Normal,0.09003636514490637
14336,17,4,1614.91,2.8903717578961645,1.6094379124341003,7.387653544460817,3,0.7911961077876843,-0.6756307960922658,Normal,0.12628215431578277
14338,161,3,928.1,5.087596335232384,1.3862943611198906,6.834216375647267,2,-0.3304386032469444,0.2889251806022439,Normal,0.14064693193281202
14339,243,2,620.27,5.497168225293202,1.0986122886681098,6.431765770051603,1,-0.8574296053449838,0.28905510619032637,Normal,0.13897785313655864
14340,219,1,134.7,5.393627546352362,0.6931471805599453,4.9104465668408235,1,-1.7951256906227508,-0.3718704653802015,Normal,0.11625510555328533
14341,45,18,4467.32,3.828641396489095,2.9444389791664403,8.40476777803629,0,1.9485000445819123,0.6350097348651583,Normal,0.08203194480491321
14342,21,6,918.44,3.091042453358316,1.9459101490553132,6.823764789060503,3,0.7375727559888055,-0.6105862023848252,Normal,0.11689737293255537
14343,421,4,1088.91,6.045005314036012,1.6094379124341003,6.993850403006858,2,-0.40043876446145116,0.9464592489185294,Normal,0.13779359808474
14344,127,20,3333.7000000000003,4.852030263919617,3.044522437723423,8.112137999281039,0,1.5665195237921232,1.1485077055646529,Normal,0.04224258126322389
14345,39,1,108.97999999999999,3.6888794541139363,0.6931471805599453,4.700298531079668,1,-1.3352029116039177,-1.3750506616662495,Normal,0.0623671982508871
14346,121,5,2315.75,4.804021044733257,1.791759469228055,7.747920620466801,2,0.46808455933337006,0.5544449804306814,Normal,0.14137305346631857
14347,737,1,82.6,6.6039438246004725,0.6931471805599453,4.426043520090656,1,-2.3973390187851336,0.15068864371355462,Normal,0.05107443076366447
14348,260,1,409.57,5.564520407322694,0.6931471805599453,6.017546438106483,1,-1.3686924329144319,0.05379421608025557,Normal,0.14451190213507642
14349,10,1,133.5,2.3978952727983707,0.6931471805599453,4.901564199041894,3,-0.8300939293450081,-2.0268593293828694,Normal,0.023557750469666128
14350,274,3,972.03,5.616771097666572,1.3862943611198906,6.880414914187569,2,-0.4814860682818679,0.5946268792230813,Normal,0.14254685185744537
14351,165,1,51.0,5.111987788356544,0.6931471805599453,3.9512437185814275,1,-2.1213898727533618,-0.8143463488097623,Normal,0.022986459659201208
14352,157,4,1078.96,5.062595033026967,1.6094379124341003,6.984679282395341,2,-0.08669252337402256,0.40185442200734983,Normal,0.14117000305143007
14353,215,3,376.5,5.375278407684165,1.3862943611198906,5.933570568689079,1,-0.8153575972133044,0.17799404254864865,Normal,0.11303066842255921
14354,6,2,163.62,1.9459101490553132,1.0986122886681098,5.103639787544498,3,-0.2867357051562612,-2.067251629582804,Normal,0.0024850839834887894
14355,366,3,1014.45,5.905361848054571,1.3862943611198906,6.923087142979119,2,-0.5562568178214905,0.7665761604243714,Normal,0.14463893265803945
14356,80,2,701.23,4.394449154672439,1.0986122886681098,6.5542609856927125,3,-0.447483776279759,-0.28249349650352085,Normal,0.13615211238160968
14357,43,1,225.77,3.784189633918261,0.6931471805599453,5.423936287972195,3,-1.0511704572120226,-1.1058626150184738,Normal,0.09213501949538305
14358,389,2,400.06,5.966146739123692,1.0986122886681098,5.994111042048887,1,-1.199534904564069,0.4167149612522832,Normal,0.15506698459037094
14359,19,3,912.18,2.995732273553991,1.3862943611198906,6.816933013408364,3,0.33860372285117163,-0.8700397776842622,Normal,0.12813232879957936
14360,32,4,2128.23,3.4965075614664802,1.6094379124341003,7.663515690998327,3,0.7151851924049137,-0.2587313021287465,Normal,0.12612685238952193
14361,579,1,214.70999999999998,6.363028103540465,0.6931471805599453,5.373934913006625,1,-1.9069886826217297,0.30155710542921715,Normal,0.14360494478792724
14362,22,1,161.2,3.1354942159291497,0.6931471805599453,5.088830141681313,3,-0.9871720170046671,-1.563970846051602,Normal,0.05603494692894617
14363,402,2,227.47000000000003,5.998936561946683,1.0986122886681098,5.431404910686392,1,-1.454976069138542,0.2663562830413236,Normal,0.12259922912275317
14364,109,8,3717.35,4.700480365792417,2.1972245773362196,8.221035300483413,2,1.0166773175938248,0.7873758300196082,Normal,0.10871052900360906
14365,395,2,634.68,5.981414211254481,1.0986122886681098,6.454695292066289,1,-1.0040704127166973,0.5630103254795369,Normal,0.15339184197481892
14366,525,1,136.0,6.26530121273771,0.6931471805599453,4.919980925828125,1,-2.0728988284525802,0.11176506582042692,Normal,0.14321700654169062
14367,8,16,9261.52,2.1972245773362196,2.833213344056216,9.133731428846275,0,2.708485098942496,-0.08731620142397481,Normal,0.06974226194249389
14368,320,1,155.0,5.771441123130016,0.6931471805599453,5.049856007249537,1,-1.8566625689045382,-0.12175135305702972,Normal,0.1321757797047205
14369,642,2,469.13,6.466144724237619,1.0986122886681098,6.153009252203234,1,-1.292109693178996,0.740060164090268,Normal,0.10566269327106148
14370,451,6,1175.78,6.113682179832232,1.9459101490553132,7.070537173901474,2,-0.132654494169183,1.1304553844574488,Normal,0.08967010484425669
14371,295,1,100.5,5.69035945432406,0.6931471805599453,4.620058798481842,1,-2.0174454773044124,-0.2951312784394922,Normal,0.10898060029751755
14372,443,2,860.08,6.095824562432225,1.0986122886681098,6.758187415326246,1,-0.9090227930029374,0.7169640397481668,Normal,0.14130580916408314
14373,358,1,76.55,5.883322388488279,0.6931471805599453,4.350922889622548,1,-2.196956936430347,-0.269265364536928,Normal,0.10098062960893461
14374,541,1,108.0,6.295266001439646,0.6931471805599453,4.6913478822291435,1,-2.1820695258173406,0.05985191520690146,Normal,0.12187185224268093
14375,185,3,1132.99,5.225746673713202,1.3862943611198906,7.033497665906664,2,-0.2884117290684367,0.4247777743466293,Normal,0.13504203872089893
14376,683,1,215.46,6.52795791762255,0.6931471805599453,5.377405772867,1,-1.9588210199164895,0.3935649971199278,Normal,0.11133100066992202
14377,191,2,617.05,5.2574953720277815,1.0986122886681098,6.426569360333832,1,-0.782174250316185,0.15530530961504105,Normal,0.13508911367245713
14378,622,1,131.25,6.434546518787453,0.6931471805599453,4.8846940707384086,1,-2.142990571234427,0.19455121819638174,Normal,0.1116502324015689
14379,44,4,1268.91,3.8066624897703196,1.6094379124341003,7.146701310799781,3,0.39000476867586,-0.24236857662508282,Normal,0.13974088397508627
14380,682,1,48.96,6.52649485957079,0.6931471805599453,3.911222685257377,1,-2.5962910180019683,-0.046139172582627896,Normal,0.019904123345323987
14381,52,2,631.34,3.970291913552122,1.0986122886681098,6.449427224173901,3,-0.3559141291029331,-0.5478238615389709,Normal,0.1263135362744447
14382,26,2,1246.8,3.295836866004329,1.0986122886681098,7.129137279676686,3,0.15796695884811393,-0.7163581327597387,Normal,0.10861037367488074
14383,38,3,1247.69,3.6635616461296463,1.3862943611198906,7.129850280760371,3,0.25876238575585786,-0.40802016771152566,Normal,0.1314600544048828
14384,501,1,58.5,6.218600119691729,0.6931471805599453,4.085976312551584,1,-2.420673846763012,-0.16365005463846247,Normal,0.060882405662496364
14385,9,3,202.11,2.302585092994046,1.3862943611198906,5.3137477042033945,3,-0.09125776123022947,-1.702326630226303,Normal,0.014879509809758384
14386,297,1,142.4,5.697093486505405,0.6931471805599453,4.96563792816552,1,-1.8692603236912437,-0.1879690431707035,Normal,0.13048378152987844
14387,33,3,1770.56,3.5263605246161616,1.3862943611198906,7.479615793333997,3,0.4553213684348511,-0.3789938111267374,Normal,0.1254825663035789
14388,10,16,6701.0,2.3978952727983707,2.833213344056216,8.810161268297255,0,2.502796152370239,-0.07349370337021673,Normal,0.0918519675249928
14389,65,5,1898.01,4.189654742026425,1.791759469228055,7.549087976727858,2,0.580273329474457,0.15606439628977756,Normal,0.1491792182204415
14390,10,13,6399.83,2.3978952727983707,2.6390573296152584,8.764182948439066,0,2.334706835779932,-0.15832510934671465,Normal,0.09797542731210085
14391,577,1,135.6,6.359573868672378,0.6931471805599453,4.91705694713669,1,-2.104661256128603,0.16288692984852227,Normal,0.1332348060957052
14392,432,1,266.4,6.07073772800249,0.6931471805599453,5.588745664667843,1,-1.7189893182872824,0.20464395836001226,Normal,0.1655125183438585
14393,218,1,67.95,5.389071729816501,0.6931471805599453,4.233381604239311,1,-2.0882463869821226,-0.5770605018411505,Normal,0.05315297981065903
14394,565,1,93.8,6.338594078203183,0.6931471805599453,4.551769409260976,1,-2.2568141882743995,0.04196763700461992,Normal,0.108067167254904
14395,2,20,8208.01,1.0986122886681098,3.044522437723423,9.012987610522698,0,3.1724349233402083,-0.6520659117222647,Normal,0.01022472009127151
14396,65,7,2121.93,4.189654742026425,2.0794415416798357,7.660552488950523,2,0.8481888714322804,0.2947327169934487,Normal,0.14723381863099788
14397,3,19,2612.96,1.3862943611198906,2.995732273553991,7.868621591848266,0,2.544259569048778,-0.8538128327321194,Normal,0.01986424903104722
14398,401,2,707.79,5.996452088619021,1.0986122886681098,6.563559290839203,1,-0.9615668070906931,0.6038927252884377,Normal,0.1577572828435373
14399,394,8,2113.16,5.978885764901122,2.1972245773362196,7.65641284946965,2,0.35753838255953185,1.3234768411047533,Normal,0.07678222392879075
14400,149,3,1732.47,5.0106352940962555,1.3862943611198906,7.45788045894706,2,-0.03418824279964162,0.4331682920322893,Normal,0.12893781297735146
14401,4,22,6795.9,1.6094379124341003,3.1354942159291497,8.824221904865304,0,2.9944726962804338,-0.39352180367131245,Normal,0.03897414833059709
14402,652,1,285.6,6.481577129276431,0.6931471805599453,5.6580875153940715,1,-1.8216943331315312,0.45200432884507313,Normal,0.1226834042462146
14403,130,6,1880.51,4.875197323201151,1.9459101490553132,7.539829924927686,2,0.4720947124250969,0.5878363593997136,Normal,0.13303809728524274
14404,34,13,2899.11,3.5553480614894135,2.6390573296152584,7.9725039462896845,0,1.6158936937386794,0.24309447382481064,Normal,0.10800509782673295
14405,387,1,195.0,5.961005339623274,0.6931471805599453,5.278114659230517,1,-1.8186560723105538,0.05113342580754,Normal,0.15608289599122477
14406,119,1,156.75,4.787491742782046,0.6931471805599453,5.061011501421323,1,-1.5335743375560822,-0.6611203806599799,Normal,0.10657671754906084
14407,107,6,2157.73,4.68213122712422,1.9459101490553132,7.677275364797242,2,0.5943403915152379,0.5224924259723791,Normal,0.13678548261720958
14408,11,11,4109.77,2.4849066497880004,2.4849066497880004,8.321365637874722,0,1.9963215958751028,-0.299313524499922,Normal,0.10792475047873384
14409,71,9,3756.09,4.276666119016055,2.302585092994046,8.231400000570517,2,1.2386185105467495,0.5952845989767266,Normal,0.11889359631722085
14410,92,11,2651.14,4.532599493153256,2.4849066497880004,7.8831221402592995,2,1.1433634838647508,0.6989277955649473,Normal,0.1047911536515605
14411,311,1,1063.0,5.7430031878094825,0.6931471805599453,6.96979066990159,1,-1.0120923698754836,0.43728966446327117,Normal,0.0992203361224322
14412,43,3,1426.19,3.784189633918261,1.3862943611198906,7.26346275507474,3,0.2778836247237775,-0.3014899736860885,Normal,0.13425319772787914
14413,362,4,770.37,5.8944028342648505,1.6094379124341003,6.648168154688608,2,-0.50213804585055,0.7599138789511048,Normal,0.13896550419175907
14414,92,8,2399.33,4.532599493153256,2.1972245773362196,7.783361506883779,2,0.8805403548892482,0.5637629934461805,Normal,0.1254020167969051
14415,1,23,12091.6,0.6931471805599453,3.1780538303479458,9.400348974251534,0,3.573960657824839,-0.7108721926629734,Anomaly,-0.02871206780444946
14416,22,2,490.22,3.1354942159291497,1.0986122886681098,6.1968920926164115,3,-0.19579840798354556,-1.0838615375407215,Normal,0.10249477251771394
14417,388,1,604.2,5.963579343618446,0.6931471805599453,6.405558981914201,1,-1.3289322196065223,0.39004998773683763,Normal,0.13783027105280066
14418,4,3,1937.25,1.6094379124341003,1.3862943611198906,7.569540783099068,3,1.1144300109502987,-1.4093753617177076,Normal,0.04565107353470643
14419,11,7,1260.91,2.4849066497880004,2.0794415416798357,7.140381725185672,3,1.1732192967690938,-0.8012517883160774,Normal,0.1048840345736774
14420,99,4,1639.17,4.605170185988092,1.6094379124341003,7.4025551739826545,2,0.24307015900781315,0.2746463910718868,Normal,0.1375271990684125
14421,57,6,2469.37,4.060443010546419,1.9459101490553132,7.812123215974338,2,0.8540832159147117,0.21995954322608147,Normal,0.14142324830126407
14422,1,19,10271.52,0.6931471805599453,2.995732273553991,9.237227647701399,0,3.3639280759161982,-0.8264381533279161,Anomaly,-0.019054470817957858
14423,218,3,916.6099999999999,5.389071729816501,1.3862943611198906,6.8217724637505475,2,-0.43335786983852853,0.45148229287736813,Normal,0.13892659922982137
14424,18,1,322.08,2.9444389791664403,0.6931471805599453,5.777899970574095,3,-0.6255623234454494,-1.463078676171248,Normal,0.06426865231899848
14425,435,3,661.39,6.077642243349034,1.3862943611198906,6.495854506338738,2,-0.7978676475094403,0.7337086382577953,Normal,0.14785731087646026
14426,24,17,11727.94,3.2188758248682006,2.8903717578961645,9.3698145709828,0,2.5243728750638024,0.5677798030088839,Normal,0.06564007597016841
14427,50,4,1263.52,3.9318256327243257,1.6094379124341003,7.142447882513212,3,0.34767311676259843,-0.17460668221555767,Normal,0.14103395041828376
14428,7,5,1244.83,2.0794415416798357,1.791759469228055,7.127557253441968,3,1.079360300147152,-1.134031387217869,Normal,0.09456744731917338
14429,404,1,516.28,6.003887067106539,0.6931471805599453,6.248584313977123,1,-1.4102691891004016,0.3652923044332483,Normal,0.1493228144425658
14430,512,3,1220.9,6.240275845170769,1.3862943611198906,7.108162303322477,2,-0.5840495031238143,1.0067034120311136,Normal,0.11453121680757794
14431,303,4,2614.2,5.717027701406222,1.6094379124341003,7.869095855410001,2,0.08646102467239938,1.0275614122242944,Normal,0.11108711645937519
14432,10,6,2255.51,2.3978952727983707,1.9459101490553132,7.72157465089916,3,1.3523956145255898,-0.724142853266434,Normal,0.11105137853909214
14433,466,1,289.6,6.1463292576688975,0.6931471805599453,5.671947751136183,1,-1.7072359335467653,0.27124359759374816,Normal,0.15575313833444004
14434,22,6,1372.8,3.1354942159291497,1.9459101490553132,7.225335901779781,3,0.8979214062081311,-0.4658593066165349,Normal,0.13033791472843986
14435,502,1,90.42,6.220590170099739,0.6931471805599453,4.515464272903598,1,-2.2344452393192076,-0.033986576806685355,Normal,0.10746222154520907
14436,99,2,271.70000000000005,4.605170185988092,1.0986122886681098,5.608372289851543,1,-0.9271969937009744,-0.4494166792852674,Normal,0.10885004851304769
14437,366,5,958.84,5.905361848054571,1.791759469228055,6.866766603904783,2,-0.27151153142331785,0.8981313060834389,Normal,0.11794601867857607
14438,306,1,131.9,5.726847747587197,0.6931471805599453,4.8895969657192,1,-1.9119693955899666,-0.1943203627175669,Normal,0.12337667457674362
14439,320,5,9443.04,5.771441123130016,1.791759469228055,9.15313913368987,2,0.7666133498521054,1.5086841000859161,Normal,0.02838014565214353
14440,8,13,6638.7300000000005,2.1972245773362196,2.6390573296152584,8.80082657899313,0,2.4155526935436398,-0.2580381436464764,Normal,0.08573744361809882
14441,1,11,4611.6900000000005,0.6931471805599453,2.4849066497880004,8.436566479912322,0,2.6259469159620425,-1.2530936852808399,Normal,0.003801814851399077
14442,205,7,5367.0199999999995,5.327876168789581,2.0794415416798357,8.58821440442699,2,0.8836890006728829,1.2002242131417642,Normal,0.064130041245688
14443,54,5,2386.47,4.007333185232471,1.791759469228055,7.777989506830913,2,0.7388369264043426,0.12402382200914987,Normal,0.14312701964107433
14444,456,1,132.04,6.124683390894205,0.6931471805599453,4.890649834884672,1,-2.0401815206670193,0.025425550707528555,Normal,0.143989226504052
14445,456,1,221.65,6.124683390894205,0.6931471805599453,5.405601031767711,1,-1.8161238219743674,0.17957453944545815,Normal,0.15085174257321282
14446,1,5,1241.31,0.6931471805599453,1.791759469228055,7.12472782877268,3,1.5264922958557363,-1.8995046718149287,Anomaly,-0.017070825581878002
14447,19,6,1711.73,2.995732273553991,1.9459101490553132,7.445843867687404,3,1.0390680546801312,-0.47693823160308424,Normal,0.13338870525070595
14448,9,2,375.35,2.302585092994046,1.0986122886681098,5.930519561480541,3,-0.04231421820668578,-1.6229997300234886,Normal,0.06390024818447226
14449,19,8,2482.8,2.995732273553991,2.1972245773362196,7.817544924513932,0,1.3924759309263928,-0.27368077553344716,Normal,0.12697755090964635
14450,181,7,1128.44,5.204006687076795,2.0794415416798357,7.029477213647162,2,0.24553764658501223,0.6652996247106786,Normal,0.0741992551919588
14451,60,12,3308.77,4.110873864173311,2.5649493574615367,8.104633979551982,0,1.4371902413665338,0.5619275740396411,Normal,0.1143402608709726
14452,11,4,665.59,2.4849066497880004,1.6094379124341003,6.502175164260966,3,0.5370580787386382,-1.1643347663051655,Normal,0.0989390329333798
14453,190,1,119.93,5.25227342804663,0.6931471805599453,4.795211865797184,1,-1.7995473123219965,-0.48433106320967056,Normal,0.10472903098660669
14454,376,5,977.3,5.932245187448011,1.791759469228055,6.885816371463383,2,-0.2719176478505,0.9186616022283003,Normal,0.12119745667654153
14455,432,4,628.21,6.07073772800249,1.6094379124341003,6.444465064255539,2,-0.6478014425100627,0.7961955137112181,Normal,0.1283098051909783
14456,5,9,3062.4,1.791759469228055,2.302585092994046,8.027280689230453,0,1.9534876691200322,-0.8363961779854687,Normal,0.08177611065312435
14457,311,1,113.64,5.7430031878094825,0.6931471805599453,4.741796783519916,1,-1.9815030361786035,-0.2296531576504736,Normal,0.11608361814607243
14458,381,1,237.42,5.945420608606575,0.6931471805599453,5.474033824289855,1,-1.7283702169072621,0.10118526499125563,Normal,0.15527438433046925
14459,155,2,5375.741,5.049856007249537,1.0986122886681098,8.589837707526067,2,0.2262299151544188,0.6883469134415967,Normal,0.04237471821402983
14460,110,9,1093.5,4.709530201312334,2.302585092994046,6.9980529169629175,2,0.5619840399405469,0.4648371776762939,Normal,0.06473971488300945
14461,148,13,6713.5,5.003946305945459,2.6390573296152584,8.81202464602123,0,1.5126593536954718,1.2933930175987824,Normal,0.056558520773831056
14462,66,12,2270.01,4.204692619390966,2.5649493574615367,7.727979945442407,0,1.242962903973794,0.5009241909016706,Normal,0.10425935859193158
14463,98,4,786.5699999999999,4.59511985013459,1.6094379124341003,6.668952255638294,2,-0.07287340078174062,0.04950133478263588,Normal,0.14379794073398883
14464,568,2,111.0,6.343880434126331,1.0986122886681098,4.718498871295094,1,-1.876728535436062,0.24320783420358658,Normal,0.06817755697307293
14465,247,11,3946.03,5.5134287461649825,2.4849066497880004,8.280718676343362,2,0.999134321132669,1.3589344906236722,Normal,0.05925077492663433
14466,29,13,4646.9,3.4011973816621555,2.6390573296152584,8.444170783670355,0,1.8709744399174648,0.2992628806714475,Normal,0.10906688548305882
14467,18,12,2220.9900000000002,2.9444389791664403,2.5649493574615367,7.706158469739403,0,1.641066572201837,-0.20071512070032846,Normal,0.10832283467483822
14468,734,1,204.24,6.5998704992128365,0.6931471805599453,5.324180026073764,1,-2.005238163987069,0.4172962368052237,Normal,0.09625677852829578
14469,416,4,2112.21,6.0330862217988015,1.6094379124341003,7.655963397438722,2,-0.10849533276559123,1.1380865397495723,Normal,0.12340722999234977
14470,12,3,712.04,2.5649493574615367,1.3862943611198906,6.569537519822462,3,0.37028699979413593,-1.1817000056834885,Normal,0.10461761252543589
14471,591,2,400.95,6.3835066348840055,1.0986122886681098,5.99632770277397,1,-1.3335553015870862,0.6475780738061278,Normal,0.12621036494822208
14472,104,9,2228.22,4.653960350157523,2.302585092994046,7.709407027483593,2,0.8894702869798001,0.6471285697600522,Normal,0.11240534634185112
14473,74,2,234.34000000000003,4.31748811353631,1.0986122886681098,5.461031277035783,1,-0.898262016317285,-0.6521970336151433,Normal,0.09383638092314422
14474,46,2,1278.08,3.8501476017100584,1.0986122886681098,7.153896348489046,3,-0.01053853810781811,-0.40321024079093,Normal,0.11941009071230468
14475,72,4,1151.15,4.290459441148391,1.6094379124341003,7.0493850411128,2,0.19118967850523408,-0.004656219407013933,Normal,0.14545237571920516
14476,257,1,215.7,5.552959584921617,0.6931471805599453,5.378513908542313,1,-1.6429994397154981,-0.14387462363306897,Normal,0.1360288027362837
14477,20,7,1969.6,3.044522437723423,2.0794415416798357,7.586093343888374,0,1.186156453370779,-0.3591670395748265,Normal,0.1424944873956186
14478,382,4,1276.66,5.948034989180646,1.6094379124341003,7.152785558853802,2,-0.29992264131616475,0.9405509005137006,Normal,0.12983305268917744
14479,254,4,1299.11,5.541263545158426,1.6094379124341003,7.170204155254564,2,-0.160783427553357,0.7214057192814276,Normal,0.1311142520262764
14480,11,4,1299.52,2.4849066497880004,1.6094379124341003,7.170519463470955,3,0.8278578409719427,-0.9642680444962247,Normal,0.11083217609727603
14481,165,5,2311.4900000000002,5.111987788356544,1.791759469228055,7.746080145052906,2,0.36767942956529465,0.7237565742457749,Normal,0.13062884890696608
14482,18,12,4357.91,2.9444389791664403,2.5649493574615367,8.37997730508787,0,1.9342483309738847,0.000990385938443975,Normal,0.11687838640742132
14483,282,2,257.1,5.645446897643238,1.0986122886681098,5.553347106724568,1,-1.2875908351572336,0.10788807315819787,Normal,0.12451422420291136
14484,50,4,1070.98,3.9318256327243257,1.6094379124341003,6.977262684740291,3,0.2758002567806892,-0.22405434122731854,Normal,0.14258695374085667
14485,39,1,165.75,3.6888794541139363,0.6931471805599453,5.1164956847957335,3,-1.1541135636647306,-1.2504633789309731,Normal,0.08434556071821692
14486,512,2,175.5,6.240275845170769,1.0986122886681098,5.173320876373351,1,-1.6453249553717597,0.3222130616002064,Normal,0.10115770656109746
14487,27,7,1453.61,3.332204510175204,2.0794415416798357,7.282493102439006,3,0.9610148057476751,-0.2913745030147413,Normal,0.12991404628400133
14488,68,1,1064.28,4.23410650459726,0.6931471805599453,6.97099295438666,3,-0.523553428330777,-0.3945994357976717,Normal,0.08329758996425662
14489,207,4,1574.93,5.337538079701318,1.6094379124341003,7.362600853187739,2,-0.011180683472749729,0.6666319731424392,Normal,0.12929816233938118
14490,406,2,1273.47,6.008813185442595,1.0986122886681098,7.150285684896527,2,-0.7102772762121058,0.7863452915369622,Normal,0.12188096027654238
14491,175,2,468.13,5.170483995038151,1.0986122886681098,6.150879915538542,1,-0.8739863230632219,0.02478645148245515,Normal,0.1327291578352699
14492,430,7,1921.91,6.066108090103747,2.0794415416798357,7.561594942621463,2,0.19823891708724317,1.3000891212615568,Normal,0.07944760167140508
14493,7,10,5130.15,2.0794415416798357,2.3978952727983707,8.54308508458209,0,2.157566484156957,-0.48843060760208457,Normal,0.08501177448750225
14494,26,3,401.46,3.295836866004329,1.3862943611198906,5.997595713038222,3,-0.11495531678992864,-0.9497796939930977,Normal,0.09899493522195868
14495,51,3,174.8,3.9512437185814275,1.3862943611198906,5.169346985251076,3,-0.6873056088620556,-0.8362162447639574,Normal,0.046259319049939296
14496,312,7,2668.23,5.746203190540153,2.0794415416798357,7.889545320288934,2,0.4443971113601469,1.2218128557870263,Normal,0.08477466722845006
14497,309,2,697.0600000000001,5.736572297479192,1.0986122886681098,6.54830505895342,1,-0.8841522169092185,0.4559867872041426,Normal,0.14336876631999307
14498,43,10,3911.27,3.784189633918261,2.3978952727983707,8.271873047177955,0,1.4882016630790618,0.37065599506503477,Normal,0.12100435823015143
14499,26,7,2138.9700000000003,3.295836866004329,2.0794415416798357,7.668547089226045,0,1.1407509466421384,-0.19586946530913102,Normal,0.1443003667438652
14500,88,3,356.85,4.48863636973214,1.3862943611198906,5.880113904184607,3,-0.5518541074062785,-0.32704546422102243,Normal,0.11340265829342433
14501,184,2,251.21,5.220355825078324,1.0986122886681098,5.530262073815315,1,-1.1601499049344042,-0.1334861375072122,Normal,0.11116642438968288
14502,20,11,2470.67,3.044522437723423,2.4849066497880004,7.81264931452068,0,1.5939826456154054,-0.14293371824992382,Normal,0.11604209003215232
14503,3,6,3543.26,1.3862943611198906,1.9459101490553132,8.173084672465158,0,1.8760273944697925,-1.146944680100806,Normal,0.033635095297048334
14504,47,4,673.26,3.871201010907891,1.6094379124341003,6.513615793203887,3,0.09367285869384694,-0.3962837453349676,Normal,0.13264410836967166
14505,17,19,12001.84,2.8903717578961645,2.995732273553991,9.392898567435667,0,2.721022541441298,0.43206545819964465,Normal,0.06760707332907656
14506,17,7,3290.67,2.8903717578961645,2.0794415416798357,8.099150313758928,0,1.459246241746963,-0.2906086293537659,Normal,0.12027135211780221
14507,24,11,3284.43,3.2188758248682006,2.4849066497880004,8.09725282037362,0,1.6614246260117957,0.03842800720825923,Normal,0.12077897651915781
14508,22,5,874.94,3.1354942159291497,1.791759469228055,6.775297595439944,3,0.5845359841258168,-0.6570014109796473,Normal,0.12577064958530126
14509,534,1,110.95,6.282266746896006,0.6931471805599453,4.718052343044764,1,-2.1662459969903343,0.060675924281515296,Normal,0.1289021867634086
14510,376,3,1007.28,5.932245187448011,1.3862943611198906,6.916001187835988,2,-0.5680347106765448,0.7792828118262111,Normal,0.14528644885340697
14511,11,5,1314.81,2.4849066497880004,1.791759469228055,7.182207724562218,3,0.9720011806415857,-0.8940330861539579,Normal,0.11243127930520108
14512,188,7,1223.47,5.241747015059643,2.0794415416798357,7.110263376296262,2,0.2684818992428307,0.7102988072913649,Normal,0.0767737748430336
14513,101,6,788.01,4.624972813284271,1.9459101490553132,6.670778995036786,2,0.1748955603064753,0.18967459825075997,Normal,0.11485343731203645
14514,61,9,4598.9800000000005,4.127134385045092,2.302585092994046,8.433807234641648,0,1.3750492458309524,0.5733986391346767,Normal,0.11648048476967382
14515,18,12,3749.2599999999998,2.9444389791664403,2.5649493574615367,8.229580449894346,0,1.8688099487169993,-0.04403043016563468,Normal,0.11554309849496958
14516,516,1,163.92,6.248042874508429,0.6931471805599453,5.105460507838699,1,-1.9866139975320536,0.15776875235817922,Normal,0.1476329791035369
14517,33,2,330.45,3.5263605246161616,1.0986122886681098,5.8034769686874,3,-0.4933913592897634,-0.986042367519319,Normal,0.10712301799706464
14518,64,1,174.37,4.174387269895637,0.6931471805599453,5.166898027681201,1,-1.2892089249504253,-0.9675882823686288,Normal,0.09578600312708979
14519,684,2,206.09,6.529418838262226,1.0986122886681098,5.333153481383494,1,-1.6692972811151316,0.5295385212501946,Normal,0.06805998530804014
14520,2,2,270.6,1.0986122886681098,1.0986122886681098,5.604330395684541,3,0.20515496668011388,-2.3847082027722153,Anomaly,-0.025077580018339596
14521,491,1,199.45000000000002,6.198478716492308,0.6931471805599453,5.300564839088516,1,-1.8856928634514294,0.18883493708399846,Normal,0.14877873172690398
14522,24,8,1758.6200000000001,3.2188758248682006,2.1972245773362196,7.472853155629565,0,1.170328575788039,-0.25378580582148746,Normal,0.12403113050402947
14523,108,1,241.09,4.6913478822291435,0.6931471805599453,5.489309557845162,1,-1.3161244434594574,-0.5859399632216948,Normal,0.12422510425860855
14524,32,13,2933.71,3.4965075614664802,2.6390573296152584,7.984363919884673,0,1.6400845485718403,0.21419057680619555,Normal,0.1064084701854468
14525,20,17,8240.64,3.044522437723423,2.8903717578961645,9.016954632226062,0,2.427232198227897,0.3659857333389276,Normal,0.09076231846221616
14526,389,1,262.4,5.966146739123692,0.6931471805599453,5.573673789309181,1,-1.6917197586615227,0.14244390013190023,Normal,0.16352919041167147
14527,3,122,27792.3,1.3862943611198906,4.812184355372417,10.232550263437583,0,4.958234772514608,0.5187071057882588,Anomaly,-0.09754650487362804
14528,37,1,364.21999999999997,3.6375861597263857,0.6931471805599453,5.900499911733888,3,-0.7964000556884424,-1.0440656244062607,Normal,0.09834160188881447
14529,60,3,620.04,4.110873864173311,1.3862943611198906,6.431395492097425,3,-0.18981081721563453,-0.37038026416042347,Normal,0.1374454399286386
14530,26,16,6197.4,3.295836866004329,2.833213344056216,8.732046473212677,0,2.1783907333874457,0.3983927063408354,Normal,0.09604733861147613
14531,480,1,376.34,6.175867270105761,0.6931471805599453,5.933146637783467,1,-1.6031404134390388,0.3657246705701384,Normal,0.15645886688213073
14532,236,11,3859.1800000000003,5.4680601411351315,2.4849066497880004,8.258469093495986,2,1.0041267910225813,1.3272505830871035,Normal,0.0599535725784649
14533,25,11,3466.37,3.258096538021482,2.4849066497880004,8.151151660498439,0,1.6721912831393255,0.07619507920381194,Normal,0.11927730883290089
14534,3,26,6271.11,1.3862943611198906,3.295836866004329,8.743868100141757,0,3.15397499500114,-0.4819617417493898,Normal,0.009121336999174945
14535,60,9,6030.7300000000005,4.110873864173311,2.302585092994046,8.704789147412766,0,1.4982138251460901,0.6455475315082684,Normal,0.11081875194423685
14536,260,1,171.8,5.564520407322694,0.6931471805599453,5.152134856369956,1,-1.745237100835449,-0.2052639645284158,Normal,0.1376422532818985
14537,58,2,641.4,4.07753744390572,1.0986122886681098,6.465211162632552,3,-0.383732413390826,-0.4839465071875105,Normal,0.13020654572723744
14538,65,5,1370.8400000000001,4.189654742026425,1.791759469228055,7.223908183409613,2,0.4387860650632884,0.05872286839077235,Normal,0.14742966389355083
14539,16,2,537.48,2.833213344056216,1.0986122886681098,6.288750355702458,3,-0.058065070010878746,-1.2230904886538108,Normal,0.09721778275389958
14540,10,11,3795.34,2.3978952727983707,2.4849066497880004,8.241792723685128,0,1.9898407521631152,-0.37112552837011104,Normal,0.10366970453777519
14541,59,14,2499.68,4.0943445622221,2.70805020110221,7.824317973870999,0,1.4297132761961455,0.5212789056535003,Normal,0.0912122399909353
14542,186,1,103.25,5.231108616854587,0.6931471805599453,4.646791860678911,1,-1.8572803159175908,-0.5404338061381873,Normal,0.09203491484325638
14543,29,39,14906.77,3.4011973816621555,3.6888794541139363,9.609637832521994,0,3.178780158632744,1.0324135965164283,Anomaly,-0.026378456256799798
14544,24,3,2982.43,3.2188758248682006,1.3862943611198906,8.000828924310488,3,0.781552089124826,-0.39256698999149575,Normal,0.08652750279368404
14545,674,1,349.25,6.51471269087253,0.6931471805599453,5.858647185217117,1,-1.7451467622704644,0.5303175156589989,Normal,0.11507680586307467
14546,5,11,5197.9,1.791759469228055,2.4849066497880004,8.556202343730565,0,2.32268170197313,-0.6113290626969371,Normal,0.07131434053435659
14547,4,8,4007.54,1.6094379124341003,2.1972245773362196,8.29618236422828,0,2.0490964340576845,-0.8950284989029713,Normal,0.059711533921142035
14548,151,9,2627.49,5.0238805208462765,2.302585092994046,7.874164815801058,2,0.8415155242692526,0.9004819314673193,Normal,0.09288796724011283
14549,311,4,916.5500000000001,5.7430031878094825,1.6094379124341003,6.821707074356683,2,-0.3776639198294096,0.728356013588341,Normal,0.13454755475403019
14550,11,4,1353.31,2.4849066497880004,1.6094379124341003,7.21104737852242,3,0.8454917282882687,-0.9521361431458544,Normal,0.11131329057432371
14551,18,7,880.04,2.9444389791664403,2.0794415416798357,6.781103027856688,3,0.8682709167066396,-0.6553404695921811,Normal,0.10022267098339971
14552,152,3,511.28000000000003,5.030437921392435,1.3862943611198906,6.238871350557871,2,-0.5709895418713369,0.07918418886607342,Normal,0.1401805252732431
14553,19,9,1841.54,2.995732273553991,2.302585092994046,7.518900333461491,0,1.3428933424086869,-0.3245134140795095,Normal,0.11829564925513697
14554,10,4,2381.04,2.3978952727983707,1.6094379124341003,7.775712542385502,3,1.1193219160922347,-0.8310975451737812,Normal,0.09883007401594046
14555,57,6,2315.63,4.060443010546419,1.9459101490553132,7.747868822427345,2,0.8261258257073033,0.20072519665656083,Normal,0.1453457895722966
14556,596,3,835.34,6.391917113392602,1.3862943611198906,6.72903522896985,2,-0.7980541532320501,0.9768523920630939,Normal,0.1072257815602401
14557,85,1,788.38,4.454347296253507,0.6931471805599453,6.671247827209794,3,-0.7252054605110566,-0.3628508829468241,Normal,0.10438196300472663
14558,654,3,655.5,6.484635235635252,1.3862943611198906,6.486922693742851,1,-0.9333858759234539,0.9555165084412144,Normal,0.09284207365153185
14559,390,1,75.6,5.968707559985366,0.6931471805599453,4.338597076746545,1,-2.2299357065531615,-0.22585990178584267,Normal,0.10599746216750139
14560,7,44,6114.03,2.0794415416798357,3.8066624897703196,8.718504954078167,0,3.3083675275038797,0.07973921457478235,Anomaly,-0.022842677041442827
14561,76,3,1080.76,4.343805421853684,1.3862943611198906,6.986344623342368,2,-0.02368585815682547,-0.07578199177962602,Normal,0.14423570828621257
14562,4,26,6729.400000000001,1.6094379124341003,3.295836866004329,8.814389856236604,0,3.112489006291336,-0.33777393540888595,Normal,0.028436341734463078
14563,510,2,679.44,6.236369590203704,1.0986122886681098,6.522739647741382,1,-1.0569230896366888,0.7240027026229577,Normal,0.1368109329905906
14564,435,2,2605.62,6.077642243349034,1.0986122886681098,7.86580964189769,2,-0.4212105016297824,1.0384985364771564,Normal,0.07998129398474996
14565,96,5,3859.2200000000003,4.574710978503383,1.791759469228055,8.258479455653386,2,0.7643958674864857,0.5808005739687815,Normal,0.10352571572579522
14566,111,4,4092.0,4.718498871295094,1.6094379124341003,8.317033476492403,2,0.6043105904051932,0.610900252931314,Normal,0.09515580331563056
14567,57,2,1530.3600000000001,4.060443010546419,1.0986122886681098,7.3339115084475965,3,-0.0002280112385200341,-0.23333247330919346,Normal,0.11900190234090219
14568,435,1,919.7,6.077642243349034,0.6931471805599453,6.8251342502938,1,-1.1832639003126109,0.5785611783147934,Normal,0.11560672521925253
14569,1,4,598.98,0.6931471805599453,1.6094379124341003,6.396896321327245,3,1.0707516462203386,-2.1841148134467825,Anomaly,-0.03652100688770743
14570,281,3,613.75,5.641907070938114,1.3862943611198906,6.421215681096302,2,-0.6894154414738906,0.4710310918143045,Normal,0.14575874796433175
14571,425,1,161.65,6.054439346269371,0.6931471805599453,5.091600652919361,1,-1.9300281477368308,0.04683563757197351,Normal,0.15610089317209958
14572,3,11,5615.18,1.3862943611198906,2.4849066497880004,8.633406996474067,0,2.4874116088320792,-0.8118569554453812,Normal,0.048961178709423514
14573,180,13,2621.42,5.198497031265826,2.6390573296152584,7.871852834562069,2,1.040663470670111,1.1192622509902455,Normal,0.06202119234872716
14574,733,1,143.70000000000002,6.598509028614515,0.6931471805599453,4.974662633637438,1,-2.1568744983082215,0.31191839221050216,Normal,0.09198243527038757
14575,488,1,460.71,6.192362489474872,0.6931471805599453,6.134936988364375,1,-1.5206754548220454,0.43522808910481897,Normal,0.14842138409310823
14576,372,1,70.80000000000001,5.921578419643816,0.6931471805599453,4.273884476054179,1,-2.242849694150171,-0.27122602061256434,Normal,0.09414149705507735
14577,13,7,1374.25,2.6390573296152584,2.0794415416798357,7.226390811755567,3,1.1607859798864915,-0.6904816964451446,Normal,0.11127812085607086
14578,3,1,168.63,1.3862943611198906,0.6931471805599453,5.133619594507631,3,-0.4019478940482718,-2.5153541944934474,Anomaly,-0.030404650140669176
14579,432,1,105.56,6.07073772800249,0.6931471805599453,4.668708206792079,1,-2.119301963000879,-0.07076630302205178,Normal,0.12685175602840554
14580,518,1,14.850000000000001,6.251903883165888,0.6931471805599453,2.76316950032329,1,-3.0070046303055036,-0.5412589633690421,Anomaly,-0.005669358781047129
14581,17,2,433.8,2.8903717578961645,1.0986122886681098,6.0748861552470546,3,-0.1696048885958763,-1.2555836825068154,Normal,0.09162826735903223
14582,41,1,114.11,3.7376696182833684,0.6931471805599453,4.74588819292697,1,-1.331146622681886,-1.334492776788891,Normal,0.0713360763027141
14583,6,8,1781.03,1.9459101490553132,2.1972245773362196,7.485508442905882,0,1.5875446442711563,-0.9521160757736735,Normal,0.08317842320900887
14584,169,8,1747.91,5.135798437050262,2.1972245773362196,7.466748015718609,2,0.5476903459578196,0.8016869479153057,Normal,0.09866610354069377
14585,50,5,1143.27,3.9318256327243257,1.791759469228055,7.042522158078838,2,0.44325268400067763,-0.13778301236417792,Normal,0.13579563017846813
14586,277,1,237.36,5.627621113690637,0.6931471805599453,5.473782135878778,1,-1.6256952339733781,-0.07417597633481343,Normal,0.14315867882973438
14587,19,9,1601.14,2.995732273553991,2.302585092994046,7.379095514571502,0,1.282063605190407,-0.3663635380971375,Normal,0.11575400025358817
14588,578,1,135.39,6.361302477572996,0.6931471805599453,4.915518428938784,1,-2.1058897490439796,0.16337981311600955,Normal,0.1335972688973685
14589,372,1,79.5,5.921578419643816,0.6931471805599453,4.388257184424518,1,-2.1930855883750673,-0.23698891728855698,Normal,0.1056044177394943
14590,425,20,3006.62,6.054439346269371,3.044522437723423,8.008904347302217,2,1.1327121897738501,1.7808073469626924,Anomaly,-1.8149097171127337e-05
14591,15,4,1447.14,2.772588722239781,1.6094379124341003,7.278035253354833,3,0.781594720933085,-0.7734092428850755,Normal,0.12002173453297632
14592,35,3,570.46,3.58351893845611,1.3862943611198906,6.3481944895342695,3,-0.05545188088847684,-0.6861547801902089,Normal,0.12130897566410265
14593,22,12,3712.0099999999998,3.1354942159291497,2.5649493574615367,8.219598147413421,0,1.8026744463038709,0.058360072359773474,Normal,0.11717869609588882
14594,7,2,634.83,2.0794415416798357,1.0986122886681098,6.454931232012803,3,0.2580301152399699,-1.589096123748459,Normal,0.05677092377195592
14595,20,8,2164.45,3.044522437723423,2.1972245773362196,7.680383471032311,0,1.3170163461462916,-0.28782885073385633,Normal,0.13309809917511078
14596,627,1,229.47,6.4425401664681985,0.6931471805599453,5.4401207021224,1,-1.9039071700941734,0.36522538502258534,Normal,0.12746190149191217
14597,11,6,2201.54,2.4849066497880004,1.9459101490553132,7.697366518825899,3,1.3137208346866096,-0.683397372648189,Normal,0.11305814850772794
14598,44,2,384.04,3.8066624897703196,1.0986122886681098,5.953347224994854,3,-0.5188389352166451,-0.7865754737619173,Normal,0.11650734618288183
14599,390,2,474.54,5.968707559985366,1.0986122886681098,6.164451000424257,1,-1.1262474189251328,0.4691181309696162,Normal,0.15584479725222372
14600,306,2,865.1700000000001,5.726847747587197,1.0986122886681098,6.764081194147044,1,-0.7871218326073216,0.5152149957507459,Normal,0.13366662705391053
14601,11,1,213.96,2.4849066497880004,0.6931471805599453,5.370451964307236,3,-0.654220354580262,-1.8385071738298893,Normal,0.03783832356232908
14602,656,1,205.35999999999999,6.48768401848461,0.6931471805599453,5.329622216376449,1,-1.9665862609288636,0.35704761904170035,Normal,0.11244840821991126
14603,275,1,660.0,5.62040086571715,0.6931471805599453,6.493753839851686,1,-1.1795655135700223,0.22716687172823796,Normal,0.12143743049846478
14604,633,1,143.85999999999999,6.452048954437226,0.6931471805599453,4.97576775876718,1,-2.1090247151181796,0.2314675005040646,Normal,0.11316562735769514
14605,374,4,937.16,5.926926025970411,1.6094379124341003,6.843920510152809,2,-0.42748410407754356,0.8364502521079177,Normal,0.13637271149807495
14606,1,192,30861.06,0.6931471805599453,5.262690188904886,10.337282876767683,0,5.5715894180896335,0.33264633599580096,Anomaly,-0.12793171514961887
14607,16,22,24137.63,2.833213344056216,3.1354942159291497,10.091568740762675,0,3.1501009835269436,0.6608415608783708,Anomaly,-0.009030362893554078
14608,4,11,3352.94,1.6094379124341003,2.4849066497880004,8.117891053135486,0,2.190937848315981,-0.8430976543239531,Normal,0.06765838968209226
14609,72,10,1486.2,4.290459441148391,2.3978952727983707,7.304650436407234,2,0.9036179169709605,0.36035983723553766,Normal,0.09021675154788267
14610,396,2,24.35,5.983936280687191,1.0986122886681098,3.232778730037192,1,-2.406757232893434,-0.4000689850517321,Anomaly,-0.0015056834981298506
14611,444,2,604.3299999999999,6.09807428216624,1.0986122886681098,6.405773763870038,1,-1.063087254723426,0.6127110021037369,Normal,0.14976473340236923
14612,415,1,877.7,6.030685260261263,0.6931471805599453,6.7784435425017975,1,-1.188392157226644,0.5386848105874539,Normal,0.12134681805931252
14613,680,1,76.32000000000001,6.523562306149512,0.6931471805599453,4.34795265434013,1,-2.405319282224794,0.0829770596135127,Normal,0.0592241851154911
14614,386,1,295.13,5.958424693029782,0.6931471805599453,5.690798547097907,1,-1.6382607157563536,0.17324563891939213,Normal,0.1631668763695222
14615,394,5,951.76,5.978885764901122,1.791759469228055,6.859363035631714,2,-0.29851237620845905,0.9364680180552923,Normal,0.11600883814784096
14616,243,5,527.78,5.497168225293202,1.791759469228055,6.270572466339624,2,-0.3988981482539803,0.49451870277086435,Normal,0.09704761198132911
14617,403,2,190.47000000000003,6.0014148779611505,1.0986122886681098,5.254731138385114,1,-1.532649213031548,0.21483649927840076,Normal,0.11522634307321378
14618,9,7,1342.32,2.302585092994046,2.0794415416798357,7.202899440665048,3,1.2593885098623425,-0.8830988237173788,Normal,0.09658806989644281
14619,246,2,1291.24,5.5093883366279774,1.0986122886681098,7.164132425605502,2,-0.5427257102830284,0.5150268553416931,Normal,0.11509610132347814
14620,206,2,412.78000000000003,5.332718793265369,1.0986122886681098,6.0253344316155975,1,-0.9810826439543429,0.0766872481474548,Normal,0.13175655084211563
14621,1,9,3000.57,0.6931471805599453,2.302585092994046,8.006890764092448,0,2.299935259924231,-1.4484518472229053,Normal,0.0038693253506015823
14622,185,1,320.58000000000004,5.225746673713202,0.6931471805599453,5.773246346316266,1,-1.3654204574891196,-0.20619070998892486,Normal,0.1366585345747499
14623,32,10,2059.58,3.4965075614664802,2.3978952727983707,7.6307427755529655,0,1.3022866010073122,0.02006141026861086,Normal,0.11605808086382874
14624,57,6,814.07,4.060443010546419,1.9459101490553132,6.703273999123117,2,0.3716176828143708,-0.11197091246578832,Normal,0.12312689423485684
14625,196,11,4497.88,5.2832037287379885,2.4849066497880004,8.411583755891543,2,1.1305350009574728,1.2711253248699947,Normal,0.06332282938803768
14626,24,11,5410.92,3.2188758248682006,2.4849066497880004,8.596359207215423,0,1.8785881729954113,0.18783390289312818,Normal,0.11172786389259398
14627,379,1,462.75,5.940171252720432,0.6931471805599453,6.139345613921645,1,-1.437192137818097,0.29744887328532643,Normal,0.15009036409680115
14628,91,5,1998.0,4.5217885770490405,1.791759469228055,7.6004023345004,2,0.49517986261547764,0.35461735098456443,Normal,0.14135169640720374
14629,4,2,959.01,1.6094379124341003,1.0986122886681098,6.8669437010742955,3,0.5893098950176398,-1.7249973207401283,Normal,0.03501793937563347
14630,484,1,338.65,6.184148890937483,0.6931471805599453,5.8279156756373105,1,-1.651605390464756,0.3387919411149171,Normal,0.15597381504660135
14631,51,6,2025.69,3.9512437185814275,1.9459101490553132,7.614159199383722,2,0.8032659840129797,0.10046954767608998,Normal,0.14356161151121166
14632,263,1,114.56,5.575949103146316,0.6931471805599453,4.749789875598035,1,-1.9239956357362387,-0.3194010175275363,Normal,0.11527825754521598
14633,266,1,344.90000000000003,5.58724865840025,0.6931471805599453,5.846149715943123,1,-1.4506188548492942,0.015023180641476683,Normal,0.15004698440355674
14634,438,4,2124.46,6.0844994130751715,1.6094379124341003,7.661743528520375,2,-0.12260871289072348,1.1681743295212323,Normal,0.12162635135694488
14635,454,1,215.22,6.12029741895095,0.6931471805599453,5.376296407864626,1,-1.8274558666596452,0.16838316195358674,Normal,0.1545442102462931
14636,36,2,609.85,3.6109179126442243,1.0986122886681098,6.414851429850069,3,-0.25472746708678545,-0.75639080198645,Normal,0.11631642311813262
14637,677,1,106.67999999999999,6.519147287940395,0.6931471805599453,4.679163865896418,1,-2.259779789309197,0.179688920075845,Normal,0.07802230039234764
14638,51,1,443.6,3.9512437185814275,0.6931471805599453,6.097175001530096,3,-0.8122706804870435,-0.8121901996291,Normal,0.10406348504668078
14639,52,9,4978.96,3.970291913552122,2.302585092994046,8.513177137857927,0,1.4603103368626678,0.5106495292108395,Normal,0.11937593022662074
14640,24,10,3667.06,3.2188758248682006,2.3978952727983707,8.207418190930683,0,1.642994011023753,0.03955642715637253,Normal,0.11803477540619062
14641,22,1,110.46,3.1354942159291497,0.6931471805599453,4.7136657821413905,3,-1.1504078023350388,-1.676275093490272,Normal,0.03764010881679736
14642,59,1,96.12,4.0943445622221,0.6931471805599453,4.575947327311188,1,-1.5204465055615526,-1.1886359377131628,Normal,0.0668876112087371
14643,170,5,1679.89,5.14166355650266,1.791759469228055,7.4270786940277675,2,0.2192824878244946,0.6446325182356467,Normal,0.1279290361207398
14644,68,7,2247.72,4.23410650459726,2.0794415416798357,7.718116444430896,2,0.8588583822471448,0.33648217387439683,Normal,0.14574628982921323
14645,157,3,876.89,5.062595033026967,1.3862943611198906,6.777521301048287,2,-0.34702083678656304,0.2581639414254956,Normal,0.1427712333627824
14646,2,151,528602.52,1.0986122886681098,5.0238805208462765,13.177993940229662,0,6.494316889048355,1.3192301829593904,Anomaly,-0.16232718155933956
14647,201,2,519.97,5.308267697401205,1.0986122886681098,6.2556924585215885,1,-0.8729446676419227,0.13215790651122492,Normal,0.13548128153440675
14648,416,15,4546.86,6.0330862217988015,2.772588722239781,8.422412071634975,2,1.1121320597465851,1.7932746778363042,Normal,0.006334625514790804
14649,5,9,3775.31,1.791759469228055,2.302585092994046,8.236502621353207,0,2.0445211202726896,-0.7737662638232468,Normal,0.07351311080278178
14650,589,1,62.5,6.380122536899765,0.6931471805599453,4.151039905898646,1,-2.4446048553240964,-0.05508396399181123,Normal,0.05589205415075793
14651,67,9,2034.1200000000001,4.219507705176107,2.302585092994046,7.618310064197116,2,0.9903466771854088,0.3802317249763131,Normal,0.1255759832914134
14652,77,1,114.18,4.356708826689592,0.6931471805599453,4.7464961220785264,1,-1.5310952400193059,-0.9928727311287859,Normal,0.09002829543576235
14653,1,12,3614.54,0.6931471805599453,2.5649493574615367,8.192996501030505,0,2.5810175105762894,-1.296707125295634,Normal,0.00224617764342383
14654,738,1,246.86,6.6052979209482015,0.6931471805599453,5.512864070636728,1,-1.9248962119001953,0.47677175594621574,Normal,0.09956102266820299
14655,8,7,3878.51,2.1972245773362196,2.0794415416798357,8.26346413598244,0,1.754921507985459,-0.6237349665169895,Normal,0.08619202731848258
14656,169,5,814.65,5.135798437050262,1.791759469228055,6.703985341382312,2,-0.0934419164206267,0.4249418700768195,Normal,0.12510322898755522
14657,18,6,1460.8700000000001,2.9444389791664403,1.9459101490553132,7.287471717067524,3,0.9867491484470221,-0.5526378224003574,Normal,0.12821615413909643
14658,5,2,247.15,1.791759469228055,1.0986122886681098,5.51403340203345,3,-0.05831522774799105,-2.0294251654341227,Normal,0.017057775422752997
14659,9,9,2529.93,2.302585092994046,2.302585092994046,7.836342103110113,0,1.705195302037299,-0.6118013914409268,Normal,0.107302868801404
14660,87,2,285.74,4.477336814478207,1.0986122886681098,5.6585758818181215,1,-0.8640085881904337,-0.5048963343183933,Normal,0.11436360168504806
14661,27,1,107.95,3.332204510175204,0.6931471805599453,4.690889061390629,3,-1.2239392069706354,-1.5745954482297981,Normal,0.04151702813786118
14662,29,7,1416.33,3.4011973816621555,2.0794415416798357,7.2565300989565324,3,0.9274041191017721,-0.26109264765224344,Normal,0.1285014996893566
14663,430,2,490.6,6.066108090103747,1.0986122886681098,6.19766537769188,1,-1.143297511783409,0.5327831102342635,Normal,0.1570859661069019
14664,20,2,637.89,3.044522437723423,1.0986122886681098,6.459732295584099,3,-0.0520127915044089,-1.0553576773096118,Normal,0.1058304361506569
14665,61,7,2749.65,4.127134385045092,2.0794415416798357,7.919592526367497,2,0.9811190998179339,0.33779171243619877,Normal,0.13587304719907412
14666,24,1,195.25,3.2188758248682006,0.6931471805599453,5.279389356662517,3,-0.9312265495285114,-1.4609374886483815,Normal,0.062270341152914965
14667,11,54,21927.14,2.4849066497880004,4.007333185232471,9.995526022493433,0,3.885920347934653,0.7591027786381261,Anomaly,-0.04295320426493743
14668,445,1,111.63,6.100318952020064,0.6931471805599453,4.724108110059605,1,-2.104764528607345,-0.037866661647879336,Normal,0.13331740600931952
14669,242,7,3243.93,5.493061443340548,2.0794415416798357,8.084849057256829,2,0.6112472126536526,1.1406532143782804,Normal,0.08311781882433744
14670,280,3,602.0,5.638354669333745,1.3862943611198906,6.401917196727186,2,-0.6966633655638595,0.46329478522154566,Normal,0.1430082522307764
14671,549,2,1127.45,6.309918278226516,1.0986122886681098,7.02860028867434,2,-0.8606082636704119,0.915997071805684,Normal,0.10499867906611621
14672,235,4,1113.14,5.4638318050256105,1.6094379124341003,7.015838085840559,2,-0.20290542631107097,0.6324883812010479,Normal,0.13564971893275468
14673,3,7,3410.81,1.3862943611198906,2.0794415416798357,8.134998221246287,0,1.9613009769172605,-1.1094685416769687,Normal,0.05069774889499978
14674,509,1,173.66,6.234410725718371,0.6931471805599453,5.162841226985587,1,-1.9572383895684058,0.16742652098307342,Normal,0.14960618154772848
14675,16,2,1066.9,2.833213344056216,1.0986122886681098,6.9734493821775,3,0.23985071132469057,-1.0181280317067591,Normal,0.0979467436983853
14676,31,12,8356.79,3.4657359027997265,2.5649493574615367,9.030949317064065,0,2.0488885563086945,0.48338397269128364,Normal,0.09386407207899539
14677,593,1,184.91,6.386879319362645,0.6931471805599453,5.225262685642126,1,-1.9793907650572367,0.27020795848709245,Normal,0.139420584451932
14678,579,1,403.39,6.363028103540465,0.6931471805599453,6.0023797588484875,1,-1.6335493610571117,0.48968005387648567,Normal,0.1416405990630179
14679,382,3,1289.44,5.948034989180646,1.3862943611198906,7.1627385244706785,2,-0.46578495594635944,0.861851885377504,Normal,0.13170473217631834
14680,25,58,57412.77,3.258096538021482,4.07753744390572,10.958039449007725,0,4.108190280657766,1.4993869294236875,Anomaly,-0.11104888564241311
14681,71,6,875.1500000000001,4.276666119016055,1.9459101490553132,6.775537309154428,2,0.33312770086079874,0.02892117407936889,Normal,0.12425994625438547
14682,188,6,1514.81,5.241747015059643,1.9459101490553132,7.323705228532576,2,0.25950628025891626,0.7253147455928337,Normal,0.11323498598809806
14683,588,1,146.56,6.3784261836515865,0.6931471805599453,4.994234872728475,1,-2.0771780974384635,0.19638810143417634,Normal,0.13610692188719947
14684,26,6,1468.55,3.295836866004329,1.9459101490553132,7.292711510458761,3,0.875377933339374,-0.3572518354786715,Normal,0.13828400237294863
14685,576,8,4619.79,6.3578422665081,2.1972245773362196,8.438320965128687,2,0.5751860622626311,1.7665562637142218,Normal,0.022271402429827836
14686,414,5,885.83,6.028278520230698,1.791759469228055,6.7876533066692755,2,-0.3456884998284957,0.9422450725670024,Normal,0.11629785482021432
14687,107,3,1402.06,4.68213122712422,1.3862943611198906,7.246410844690537,2,-0.019953044629313976,0.1886754146601406,Normal,0.1370883288205772
14688,8,28,7713.57,2.1972245773362196,3.367295829986474,8.950866027663936,0,3.036267347334041,0.05343663855870906,Normal,0.039298548693663005
14689,209,1,112.8,5.3471075307174685,0.6931471805599453,4.73444252169223,1,-1.856660118034614,-0.45021535145479835,Normal,0.09960296041280875
14690,44,4,794.33,3.8066624897703196,1.6094379124341003,6.678757122866132,3,0.18640004166552754,-0.3824461680403081,Normal,0.1384673476868835
14691,31,5,2114.33,3.4657359027997265,1.791759469228055,7.656966107678013,3,0.8613455021104369,-0.21092823973431088,Normal,0.138033574671102
14692,137,12,1745.09,4.927253685157205,2.5649493574615367,7.465134281462831,2,0.8949027642622034,0.8207788977943439,Normal,0.06510321470338531
14693,265,7,1165.36,5.583496308781699,2.0794415416798357,7.061643067113544,2,0.1367965010998085,0.884240154839189,Normal,0.061763433639079546
14694,617,1,244.31,6.42648845745769,0.6931471805599453,5.5025227168419955,1,-1.871564224976415,0.37505172661288544,Normal,0.13487078702867417
14695,519,3,1620.07,6.253828811575473,1.3862943611198906,7.390841704023542,2,-0.46543773668905547,1.0987978753747636,Normal,0.10578323560040676
14696,4,8,2767.9,1.6094379124341003,2.1972245773362196,7.92620540839821,0,1.8881177125897808,-1.00577991368315,Normal,0.07580649357320246
14697,218,2,188.60999999999999,5.389071729816501,1.0986122886681098,5.2449693310461125,1,-1.3388491686795472,-0.1258304428177337,Normal,0.09324918747757605
14698,2,5,1250.76,1.0986122886681098,1.791759469228055,7.132305839993802,3,1.3986517266503913,-1.6735973606055488,Normal,0.016952604003621974
14699,214,4,702.6,5.3706380281276624,1.6094379124341003,6.556210012863403,2,-0.37275051878549403,0.4434981123624743,Normal,0.13271932856255808
14700,32,5,3116.26,3.4965075614664802,1.791759469228055,8.04470968982728,2,1.0201022243241575,-0.07788598663050886,Normal,0.11135147680398799
14701,11,15,4562.09,2.4849066497880004,2.772588722239781,8.425755304598768,0,2.261158839130794,-0.1627630360989825,Normal,0.09717980884008426
14702,1,29,6754.22,0.6931471805599453,3.4011973816621555,8.81807081833176,0,3.4908015781573,-0.8034968871296363,Anomaly,-0.03690446127735758
14703,15,1,318.17,2.772588722239781,0.6931471805599453,5.765723876196384,3,-0.5752794264074077,-1.5615095002659176,Normal,0.06029307701487818
14704,11,11,1813.57,2.4849066497880004,2.4849066497880004,7.503603804029702,0,1.6405095583867926,-0.5441079059455797,Normal,0.09248506932981143
14705,199,1,179.0,5.298317366548036,0.6931471805599453,5.19295685089021,1,-1.6413783787725087,-0.3398713238621211,Normal,0.12453799359075585
14706,619,1,390.69,6.429719478039138,0.6931471805599453,5.970470710603746,1,-1.6690028368169771,0.5169125631687397,Normal,0.13082864394669153
14707,436,2,139.2,6.07993319509559,1.0986122886681098,4.94306997460049,1,-1.6936492920457291,0.16484939400569457,Normal,0.09156236214927743
14708,3,5,2212.2799999999997,1.3862943611198906,1.791759469228055,7.702230857126505,3,1.5535850460775267,-1.3443178403031024,Normal,0.05448954883870005
14709,15,25,8886.33,2.772588722239781,3.258096538021482,9.092381945939806,0,2.8284671543579725,0.3731767752711838,Normal,0.056423525938203434
14710,14,13,1922.59,2.70805020110221,2.6390573296152584,7.56194851080401,0,1.711296906737405,-0.34714067909523094,Normal,0.08326906908544252
14711,10,11,2868.8,2.3978952727983707,2.4849066497880004,7.961997619914306,0,1.86810058059769,-0.45488129505472075,Normal,0.10872473868764398
14712,29,4,1328.0700000000002,3.4011973816621555,1.6094379124341003,7.192234728507507,3,0.5409543715374154,-0.4523771519749015,Normal,0.13584020679959286
14713,9,21,5418.87,2.302585092994046,3.091042453358316,8.59782710890619,0,2.6378820847080418,-0.0952501184313367,Normal,0.06492163657695449
14714,24,4,906.24,3.2188758248682006,1.6094379124341003,6.810407023712235,3,0.4337867929230616,-0.6672375634014744,Normal,0.12846278537797157
14715,25,8,1840.45,3.258096538021482,2.1972245773362196,7.5183085837380625,0,1.1774214644556809,-0.21854624212515147,Normal,0.12437878090663818
14716,43,3,565.45,3.784189633918261,1.3862943611198906,6.339388815319498,3,-0.1241853123262677,-0.5781085429690699,Normal,0.12538867813577315
14717,733,1,81.3,6.598509028614515,0.6931471805599453,4.410371107683024,1,-2.4024004072922294,0.14299953425703085,Normal,0.05564677767210313
14718,410,1,226.42,6.018593214496234,0.6931471805599453,5.426798528196577,1,-1.7725884116966184,0.12740470750254373,Normal,0.15990120390285972
14719,2,5,1602.13,1.0986122886681098,1.791759469228055,7.379713247262653,3,1.5062998584495004,-1.599536746963692,Normal,0.024339573407704984
14720,6,3,663.81,1.9459101490553132,1.3862943611198906,6.499501285546037,3,0.5400270335520471,-1.5441031917451833,Normal,0.06309339415877058
14721,379,1,115.77,5.940171252720432,0.6931471805599453,4.760206188087624,1,-2.0372622178549453,-0.11539208932964061,Normal,0.13456495138914154
14722,147,3,513.37,4.997212273764115,1.3862943611198906,6.24294285084946,2,-0.5584719876894805,0.06207699836707152,Normal,0.14030521369872395
14723,10,11,2093.06,2.3978952727983707,2.4849066497880004,7.646860044315114,0,1.7309827325613563,-0.5492167172966306,Normal,0.09515622584017519
14724,590,1,345.25,6.3818160174060985,0.6931471805599453,5.847161057501548,1,-1.7071622437557024,0.45357851959378204,Normal,0.14517937987693386
14725,25,4,1315.24,3.258096538021482,1.6094379124341003,7.182534466078395,3,0.5830162183827313,-0.5342097802552116,Normal,0.12847449777735853
14726,655,1,124.75,6.486160788944089,0.6931471805599453,4.8342958089798485,1,-2.1816124695621264,0.20793309362742696,Normal,0.09546217058451206
14727,274,3,467.92999999999995,5.616771097666572,1.3862943611198906,6.1504535035754895,1,-0.79909572680128,0.37611527279385687,Normal,0.13407470136006616
14728,413,1,190.58,6.025865973825314,0.6931471805599453,5.255305475954746,1,-1.8495580455422602,0.08008018500568742,Normal,0.16082484706116862
14729,374,3,907.38,5.926926025970411,1.3862943611198906,6.811662793256315,2,-0.6117124860971106,0.7451156045802274,Normal,0.1459404752807486
14730,1,8,2005.06,0.6931471805599453,2.1972245773362196,7.60392787834377,0,2.0442451204841414,-1.607643155983888,Normal,0.0026929283907354273
14731,47,3,380.02,3.871201010907891,1.3862943611198906,5.942851867187289,3,-0.32486211913029184,-0.6488184989453596,Normal,0.10953732742833672
14732,8,19,5517.07,2.1972245773362196,2.995732273553991,8.615783440452477,0,2.607077624022264,-0.1828746146481007,Normal,0.06661098738403626
14733,16,15,16184.97,2.833213344056216,2.772588722239781,9.691900096600328,0,2.699413116992239,0.408365834804227,Normal,0.042442249690521794
14734,426,4,1056.42,6.056784013228625,1.6094379124341003,6.963587257940615,2,-0.4174159347669743,0.9438967480470646,Normal,0.13717226405924043
14735,4,56,12240.16,1.6094379124341003,4.04305126783455,9.412559322817637,0,3.9426601795796303,0.11479297863569378,Anomaly,-0.027284433705042743
14736,485,2,401.08,6.186208623900494,1.0986122886681098,5.996651073795282,1,-1.2696033728603686,0.5388529285366671,Normal,0.14151054007173736
14737,4,4,3554.17,1.6094379124341003,1.6094379124341003,8.176158161065873,3,1.548564995110524,-1.1461079922898527,Normal,0.028756983608173692
14738,43,9,1821.9,3.784189633918261,2.302585092994046,7.508183918538876,2,1.0832232812527403,0.10716121986539971,Normal,0.1203422437991411
14739,4,25,12287.5,1.6094379124341003,3.258096538021482,9.4164191446638,0,3.345650024240491,-0.17137268935651614,Normal,0.026587786860520213
14740,197,11,4161.06,5.288267030694535,2.4849066497880004,8.333765422995752,2,1.0950382751594412,1.2506233779278941,Normal,0.06458811369822115
14741,12,7,1897.59,2.5649493574615367,2.0794415416798357,7.548866784394956,0,1.3250652148374154,-0.6348246372729108,Normal,0.12441325685595295
14742,435,1,579.85,6.077642243349034,0.6931471805599453,6.364492547959484,1,-1.3836912813374862,0.440669562536141,Normal,0.13818676041980593
14743,593,1,50.48,6.386879319362645,0.6931471805599453,3.941193382727926,1,-2.5380953854451374,-0.11417406783257805,Normal,0.04225837381595654
14744,16,14,3885.08,2.833213344056216,2.70805020110221,8.265156216447046,0,2.029406204897073,-0.04234874159186354,Normal,0.11242541978688958
14745,113,12,2571.81,4.736198448394496,2.5649493574615367,7.852753965793014,2,1.1253500756964907,0.831432934002039,Normal,0.090979903518905
14746,406,4,593.5,6.008813185442595,1.6094379124341003,6.387720716130836,2,-0.6524631938620432,0.7450540946014208,Normal,0.12397238690609746
14747,249,1,328.2,5.521460917862246,0.6931471805599453,5.796665468802915,1,-1.4508722448206384,-0.03607574098849303,Normal,0.14951240425431422
14748,29,10,3152.32,3.4011973816621555,2.3978952727983707,8.056211145039065,0,1.5182356512481774,0.09485459602887847,Normal,0.12595188055157014
14749,480,1,310.15,6.175867270105761,0.6931471805599453,5.740275111015227,1,-1.687059725973126,0.30798919779597284,Normal,0.15770077234842955
14750,736,1,112.03,6.602587892189336,0.6931471805599453,4.72765327020264,1,-2.2656686482718738,0.24022667496626507,Normal,0.07666292692622856
14751,684,2,126.45,6.529418838262226,1.0986122886681098,4.847724130822124,1,-1.8805098849948598,0.3842268024976681,Normal,0.043977198020695774
14752,44,1,389.64,3.8066624897703196,0.6931471805599453,5.967786419753405,3,-0.8218069923984359,-0.9306676654796032,Normal,0.10503122783210012
14753,87,2,869.51,4.477336814478207,1.0986122886681098,6.769079246793036,3,-0.3808233274263161,-0.17247071469247777,Normal,0.14357182822877324
14754,45,6,1550.48,3.828641396489095,1.9459101490553132,7.346964593054462,2,0.7266610785513768,-0.047136995388724776,Normal,0.13841495495217387
14755,10,25,9972.550000000001,2.3978952727983707,3.258096538021482,9.207691867783259,0,2.9998245015282174,0.20102802831303615,Normal,0.04981039081728067
14756,15,3,2653.76,2.772588722239781,1.3862943611198906,7.8841095341098955,3,0.8751076069431871,-0.6736612547908913,Normal,0.08867318151710424
14757,75,1,420.5,4.330733340286331,0.6931471805599453,6.04381977744191,1,-0.9582224508675312,-0.6188501297007222,Normal,0.12115335899693924
14758,145,7,2864.97,4.983606621708336,2.0794415416798357,7.9606621407827385,2,0.7219836322127063,0.8224827009995822,Normal,0.10975047408846844
14759,5,3,1625.97,1.791759469228055,1.3862943611198906,7.394474668204541,3,0.9792904575274446,-1.3612193286073644,Normal,0.06552379195350488
14760,297,1,89.2,5.697093486505405,0.6931471805599453,4.502029427068578,1,-2.0709785728746195,-0.3267487606409645,Normal,0.09671621775422806
14761,59,3,447.92,4.0943445622221,1.3862943611198906,6.1068446981480555,3,-0.3256784015542337,-0.476650426214483,Normal,0.11450939148541533
14762,264,2,417.57,5.579729825986222,1.0986122886681098,6.036844139980692,1,-1.0559644080402473,0.21637436614148098,Normal,0.1431450517597499
14764,47,1,278.3,3.871201010907891,0.6931471805599453,5.632286472951131,3,-0.9886580145608951,-0.9955015482763782,Normal,0.10221410408196191
14765,29,3,254.11,3.4011973816621555,1.3862943611198906,5.541694824693056,3,-0.3473962357160598,-1.0281393804383196,Normal,0.06415685762673562
14766,8,11,6556.13,2.1972245773362196,2.4849066497880004,8.788308286207087,0,2.2925342964574957,-0.31821003558916566,Normal,0.08612669201022055
14767,474,1,382.81,6.163314804034641,0.6931471805599453,5.950147638471271,1,-1.5916834087902374,0.3638904112118246,Normal,0.153934251229693
14768,17,2,192.60000000000002,2.8903717578961645,1.0986122886681098,5.265794174842477,3,-0.5216446318908217,-1.4977827711394072,Normal,0.049409543485740115
14769,3,17,15771.88,1.3862943611198906,2.8903717578961645,9.666047288520918,0,3.245968897735158,-0.3543248785574832,Normal,0.0010050500863523215
14770,232,8,3637.64,5.4510384535657,2.1972245773362196,8.199365264441436,2,0.7644988792851435,1.194867760963342,Normal,0.07256077277938489
14771,621,2,594.62,6.432940092739179,1.0986122886681098,6.3896028798296856,1,-1.178427459978536,0.7925693181230313,Normal,0.11071130379876254
14772,112,1,139.26,4.727387818712341,0.6931471805599453,4.943497843108764,1,-1.5652659375160913,-0.7294487151343911,Normal,0.10552529625501667
14773,593,1,140.55,6.386879319362645,0.6931471805599453,4.952653011557909,1,-2.0980045222178725,0.18860312712711566,Normal,0.12825984483658565
14774,529,1,241.45,6.272877006546167,0.6931471805599453,5.490795503551361,1,-1.8269849145172818,0.2868150929955867,Normal,0.148754849665363
14775,58,3,1418.46,4.07753744390572,1.3862943611198906,7.258031796579747,2,0.18064439625179346,-0.14131641734925945,Normal,0.14470766272817076
14776,51,15,3708.3,3.9512437185814275,2.772588722239781,8.21859845855403,0,1.6967729638227629,0.5839999910874979,Normal,0.09218833322272696
14777,404,1,307.56,6.003887067106539,0.6931471805599453,5.731916313899973,1,-1.6350738769739876,0.2106293961669515,Normal,0.1689442902603207
14778,127,2,730.86,4.852030263919617,1.0986122886681098,6.595589238838791,2,-0.5774951049399187,-0.01773798986021199,Normal,0.13819892532947292
14779,281,3,386.15,5.641907070938114,1.3862943611198906,5.958812214832733,1,-0.8906093743079811,0.33261209765546157,Normal,0.12337246218430159
14780,55,2,447.68,4.02535169073515,1.0986122886681098,6.106309938777023,3,-0.5230138227833108,-0.6201660784444448,Normal,0.11574856735394173
14782,320,1,200.10000000000002,5.771441123130016,0.6931471805599453,5.303802296778606,1,-1.7461693385405264,-0.04573334598839746,Normal,0.13701157330840497
14783,659,1,307.3,6.492239835020471,0.6931471805599453,5.731073334892105,1,-1.7933864502912868,0.4797335354905582,Normal,0.12337669460922424
14784,26,3,449.93,3.295836866004329,1.3862943611198906,6.111312116813244,3,-0.0654767722450113,-0.9157390533441641,Normal,0.10240321597240176
14785,10,2,77.4,2.3978952727983707,1.0986122886681098,4.361823927356363,3,-0.7556868525618389,-2.040014329790132,Normal,0.0021458208740697815
14786,550,1,90.96,6.311734809152915,0.6931471805599453,4.521353699894981,1,-2.261361231792223,0.018048258913062467,Normal,0.10537102831788464
14787,471,1,110.65,6.156978985585555,0.6931471805599453,4.7153689782861665,1,-2.1268922717372036,-0.009231211533068084,Normal,0.12915041523685317
14788,7,3,1156.32,2.0794415416798357,1.3862943611198906,7.05386226630844,3,0.738044644027002,-1.3045062635358482,Normal,0.08334321630018748
14789,29,1,197.64,3.4011973816621555,0.6931471805599453,5.2914941411999115,3,-0.9849271603043888,-1.3567524472684398,Normal,0.07612810404028025
14790,17,10,2526.62,2.8903717578961645,2.3978952727983707,7.835033427512401,0,1.5872142675370802,-0.25310588387481164,Normal,0.12031274121850488
14791,607,1,303.63,6.410174881966167,0.6931471805599453,5.719097925433975,1,-1.7720551004760612,0.43088488376172235,Normal,0.14074713507471648
14792,64,1,6.2,4.174387269895637,0.6931471805599453,1.9740810260220096,1,-2.6784186870961286,-1.923347808727822,Anomaly,-0.051652837788410455
14793,21,2,625.9,3.091042453358316,1.0986122886681098,6.440787038279923,3,-0.07530172664359197,-1.035370239494495,Normal,0.10386240711766154
14794,3,10,1953.9,1.3862943611198906,2.3978952727983707,7.578094320216074,0,1.9618759892789146,-1.1596106497641152,Normal,0.049746398149700166
14795,166,1,131.45000000000002,5.117993812416755,0.6931471805599453,4.886205215718078,1,-1.7165262100097867,-0.5311559337785317,Normal,0.10443374634439839
14796,1,27,10889.64,0.6931471805599453,3.332204510175204,9.29565898371346,0,3.645981177076586,-0.685786224309709,Anomaly,-0.032188941807830385
14797,507,1,300.31,6.230481447578482,0.6931471805599453,5.70813963509761,1,-1.7187056467345396,0.3284926123259927,Normal,0.15698346329007196
14798,53,8,724.31,3.9889840465642745,2.1972245773362196,6.586599149672639,2,0.5356425534901368,-0.09432121546705252,Normal,0.0833671739576029
14799,51,2,338.15,3.9512437185814275,1.0986122886681098,5.826442487392089,3,-0.6208170574459015,-0.744818590836098,Normal,0.11670453044474516
14800,48,17,7774.32,3.8918202981106265,2.8903717578961645,8.958709893756756,0,2.1278518146567817,0.8158870581744037,Normal,0.08236689522509721
14801,61,1,193.14,4.127134385045092,0.6931471805599453,5.26857954828408,1,-1.2296840220866805,-0.9632131074865552,Normal,0.09754226620575607
14802,438,2,1502.98,6.0844994130751715,1.0986122886681098,7.315870206549027,2,-0.662709532447393,0.8776580801788649,Normal,0.1096955237270999
14803,162,3,845.55,5.093750200806762,1.3862943611198906,6.741169266574241,2,-0.3729141577066182,0.2644660610432296,Normal,0.14409145934152717
14804,9,1,353.27,2.302585092994046,0.6931471805599453,5.8700593342813,3,-0.3778713677507269,-1.789512823414448,Normal,0.041823339571139706
14805,15,7,1104.64,2.772588722239781,2.0794415416798357,7.008179631809018,3,1.022653793156928,-0.6821517660041655,Normal,0.09618602023196304
14806,75,2,303.43,4.330733340286331,1.0986122886681098,5.718441175664861,1,-0.7905455987380251,-0.5678366519287378,Normal,0.11884766142167053
14807,391,2,519.29,5.971261839790462,1.0986122886681098,6.254386348430604,1,-1.0879422435907065,0.49744883073073287,Normal,0.15776564703212642
14808,40,8,2741.17,3.713572066704308,2.1972245773362196,7.91650485674164,0,1.203366095954358,0.1518752046394421,Normal,0.1301757804057309
14809,621,2,686.76,6.432940092739179,1.0986122886681098,6.533439939866189,1,-1.1158432755867562,0.8356264805917688,Normal,0.10618273269510625
14810,41,13,2537.02,3.7376696182833684,2.6390573296152584,7.839139528463931,0,1.4988987457335101,0.30373377616671765,Normal,0.10644238693300234
14811,387,1,170.5,5.961005339623274,0.6931471805599453,5.144583266605995,1,-1.8767562121214159,0.011161231816285597,Normal,0.1531555985578043
14812,599,1,185.8,6.396929655216146,0.6931471805599453,5.230038525794742,1,-1.980563310391761,0.2771809671180187,Normal,0.13236593648390615
14813,370,4,1090.87,5.916202062607435,1.6094379124341003,6.995647101599072,2,-0.3579987429614158,0.8759541974325636,Normal,0.1379531271283042
14814,581,1,160.46,6.366470447731438,0.6931471805599453,5.08425743396687,1,-2.0341420646075914,0.2167417452129155,Normal,0.13890973583747568
14815,37,2,778.5,3.6375861597263857,1.0986122886681098,6.658652688497831,3,-0.1572735815235635,-0.668700504616741,Normal,0.1227292973262048
14816,197,1,271.85,5.288267030694535,0.6931471805599453,5.608922193632241,1,-1.4571393569345605,-0.22089680920116356,Normal,0.1366669635820616
14817,200,7,3959.86,5.303304908059076,2.0794415416798357,8.284216452387334,2,0.7593650303322732,1.0956708452223,Normal,0.07888993568789049
14818,74,6,1170.41,4.31748811353631,1.9459101490553132,7.0659634304128245,2,0.44629060010786314,0.13837513367900375,Normal,0.12440672132932684
14819,64,4,470.16,4.174387269895637,1.6094379124341003,6.155197739090584,3,-0.16033472911311553,-0.336349236013272,Normal,0.10881522516382969
14820,21,9,1274.76,3.091042453358316,2.302585092994046,7.151297358439717,0,1.152121798689015,-0.381984779648682,Normal,0.10013374250262358
14821,367,7,1286.45,5.908082938168931,2.0794415416798357,7.160418796832339,2,0.07479466095461304,1.0928377724899971,Normal,0.06087313183547771
14822,485,1,157.70000000000002,6.186208623900494,0.6931471805599453,5.0670156275323635,1,-1.983342766708081,0.11215502177752786,Normal,0.1465817400917775
14823,180,3,321.43,5.198497031265826,1.3862943611198906,5.775886058412575,1,-0.8267912490967592,0.03328592634450725,Normal,0.10196136215312579
14824,10,10,4022.9100000000003,2.3978952727983707,2.3978952727983707,8.300009345724288,0,1.9488069912588424,-0.38554779963061464,Normal,0.10409197337610904
14825,4,24,4925.08,1.6094379124341003,3.2188758248682006,8.502298818905897,0,2.917998083422433,-0.45936783939239406,Normal,0.022063259754418363
14826,582,2,385.2,6.368187186350492,1.0986122886681098,5.956355369994414,1,-1.345992750529564,0.6271628694393916,Normal,0.12880593224595738
14828,197,13,9839.460000000001,5.288267030694535,2.6390573296152584,9.194257736921127,0,1.5870141751655888,1.5646335726570766,Normal,0.01348112155992287
14829,29,7,1692.84,3.4011973816621555,2.0794415416798357,7.434753419747681,3,1.0049499280085854,-0.20774206834344133,Normal,0.13992663684165618
14830,53,1,197.13,3.9889840465642745,0.6931471805599453,5.2889233809061675,1,-1.1761509676626862,-1.0333216252902568,Normal,0.09014835515383762
14831,680,3,1676.57,6.523562306149512,1.3862943611198906,7.425101596738257,2,-0.5377698140397716,1.2578280184270758,Normal,0.06527148099815983
14832,630,1,322.69,6.447305862541213,0.6931471805599453,5.779786267653029,1,-1.75765842588743,0.4695317558318413,Normal,0.13334350455823824
14833,499,1,94.8,6.214608098422191,0.6931471805599453,4.562262684976814,1,-2.2121482739748144,-0.023277101457800542,Normal,0.111826788991651
14834,18,7,2206.16,2.9444389791664403,2.0794415416798357,7.699461900230706,0,1.267853200937813,-0.3804326873948834,Normal,0.13889369870883556
14835,529,2,297.0,6.272877006546167,1.0986122886681098,5.697093486505405,1,-1.4279730684219791,0.49698425069999225,Normal,0.12233836989341507
14836,10,3,102.44999999999999,2.3978952727983707,1.3862943611198906,4.639088404191552,3,-0.4156309626656787,-1.8517143215935388,Normal,0.0012346777132375975
14837,90,9,3460.32,4.51085950651685,2.302585092994046,8.149405298188219,2,1.1271980902289263,0.6999117546657068,Normal,0.11659398468548465
14838,423,2,773.6700000000001,6.049733455231958,1.0986122886681098,6.652437132220425,1,-0.9401281966001149,0.659885961244597,Normal,0.1506396419275599
14839,418,3,915.28,6.037870919922137,1.3862943611198906,6.8203219948203735,2,-0.6438272459772034,0.8089006175560212,Normal,0.14951424979112143
14840,268,2,362.71,5.594711379601839,1.0986122886681098,5.896356846803299,1,-1.1219365110797528,0.18258319066585235,Normal,0.1474612199182338
14841,53,14,7163.0,3.9889840465642745,2.70805020110221,8.876823763180603,0,1.9217398062403162,0.7782303551947682,Normal,0.09064705291558778
14842,44,4,2824.69,3.8066624897703196,1.6094379124341003,7.946507861544517,2,0.7380043776560404,-0.002949051571963215,Normal,0.11245379945621109
14843,437,1,211.79999999999998,6.082218910376446,0.6931471805599453,5.360352757467489,1,-1.8220774596206233,0.14260785006676513,Normal,0.15570347803004203
14844,64,10,6702.43,4.174387269895637,2.3978952727983707,8.810374614680837,0,1.5963063330064404,0.7470726229410154,Normal,0.10963660926039698
14845,600,1,150.0,6.398594934535208,0.6931471805599453,5.017279836814924,1,-2.073674215133039,0.21441083974568165,Normal,0.1300519992796786
14846,427,1,437.4,6.059123195581797,0.6931471805599453,6.083131735633806,1,-1.5001231658736984,0.3462307161524971,Normal,0.15978448261854306
14847,149,3,1348.95,5.0106352940962555,1.3862943611198906,7.2078228337095505,2,-0.14298949695808486,0.35831434414385416,Normal,0.13284972723275978
14848,405,1,310.56,6.0063531596017325,0.6931471805599453,5.741591936051748,1,-1.6316615655184787,0.2148859637736747,Normal,0.17008886752983338
14849,22,43,15763.45,3.1354942159291497,3.784189633918261,9.665512683961765,0,3.36172041131631,0.937474857915212,Anomaly,-0.03858820370101612
14850,312,7,1794.01,5.746203190540153,2.0794415416798357,7.492765871937502,2,0.2717564987656411,1.1030382008574275,Normal,0.08687658531159198
14851,23,3,829.4100000000001,3.1780538303479458,1.3862943611198906,6.721919554728325,3,0.23829545836253094,-0.7979202387583351,Normal,0.13096619297729672
14852,58,18,6147.18,4.07753744390572,2.9444389791664403,8.723911382043823,0,2.006861579913955,0.8678257737153557,Normal,0.07158902561569236
14853,24,5,1376.87,3.2188758248682006,1.791759469228055,7.2282941075007,3,0.7546691594676552,-0.4754082906381209,Normal,0.12991437429363473
14854,78,11,4322.86,4.3694478524670215,2.4849066497880004,8.371903800806631,0,1.4088021116705556,0.7552548882415119,Normal,0.10447722509928414
14855,119,7,6520.3,4.787491742782046,2.0794415416798357,8.782829021548919,2,1.1431408996951666,0.9604263436047944,Normal,0.08862964413304053
14856,36,3,1311.3799999999999,3.6109179126442243,1.3862943611198906,7.179597561714504,3,0.2974339940593547,-0.4221647242790055,Normal,0.13030936480001165
14857,60,7,3651.851,4.110873864173311,2.0794415416798357,8.203263237570312,2,1.1098046352799635,0.41373895591254495,Normal,0.12610722006969716
14858,506,1,180.75,6.2285110035911835,0.6931471805599453,5.202632116413628,1,-1.9380170643876444,0.17608373773360622,Normal,0.15084218823255707
14859,13,5,1705.64,2.6390573296152584,1.791759469228055,7.442281804243372,3,1.035304364645919,-0.7311571970245918,Normal,0.12289758552680613
14860,19,1,170.32,2.995732273553991,0.6931471805599453,5.14353315274717,3,-0.9181678877433231,-1.6246829523401873,Normal,0.05279577708214278
14861,52,10,1380.73,3.970291913552122,2.3978952727983707,7.231091616210209,2,0.9751625029203623,0.16174822603214287,Normal,0.08887558042818644
14862,26,2,841.1999999999999,3.295836866004329,1.0986122886681098,6.736017515727827,3,-0.01308130777235572,-0.8340372729043031,Normal,0.11762761715132886
14863,29,1,266.76,3.4011973816621555,0.6931471805599453,5.590091056903071,3,-0.8550062315365129,-1.267368418501222,Normal,0.09045431250165459
14865,7,4,129.72,2.0794415416798357,1.6094379124341003,4.873057631111693,3,-0.04064085914240464,-1.8756447312355031,Anomaly,-0.005055409372388686
14866,11,19,20850.22,2.4849066497880004,2.995732273553991,9.945167738704566,0,3.092455264791631,0.3737466049858622,Normal,0.021199030325582346
14867,186,16,2952.06,5.231108616854587,2.833213344056216,7.99059719985786,2,1.229866215636912,1.243863227421812,Normal,0.04093841072501514
14868,3,12,4184.01,1.3862943611198906,2.5649493574615367,8.339264372406982,0,2.420477806591638,-0.8706091545509357,Normal,0.05684348690322771
14869,9,6,2804.24,2.302585092994046,1.9459101490553132,7.939244375793947,0,1.477930492743166,-0.7115535251119945,Normal,0.10020908266627893
14870,262,6,1838.95,5.572154032177765,1.9459101490553132,7.51749367632077,2,0.23696246022079093,0.9655644161431743,Normal,0.11531882134755561
14871,3,9,1258.97,1.3862943611198906,2.302585092994046,7.138843190138263,0,1.698062113460331,-1.3259859509454452,Normal,0.02285006006549639
14872,484,3,816.6,6.184148890937483,1.3862943611198906,6.70637321944944,2,-0.7407169377009657,0.8554716835291213,Normal,0.1358557723471222
14873,210,2,854.13,5.351858133476067,1.0986122886681098,6.751253504162445,2,-0.6714219785027049,0.3045453128114969,Normal,0.1302178491450509
14874,535,1,116.18,6.284134161070802,0.6931471805599453,4.7637112141166424,1,-2.1469835760262286,0.07537375422585477,Normal,0.13172169339161505
14875,108,3,2862.4,4.6913478822291435,1.3862943611198906,7.959765008926227,2,0.287449820280733,0.40729924533963924,Normal,0.10580575444477447
14876,521,2,256.7,6.257667587882639,1.0986122886681098,5.551796117658319,1,-1.4862735246513568,0.4451010229036272,Normal,0.11455777928214522
14877,418,2,437.0,6.037870919922137,1.0986122886681098,6.082218910376446,1,-1.1843961913134349,0.4826500506185823,Normal,0.15479041833561086
14878,13,25,4105.24,2.6390573296152584,3.258096538021482,8.320263046917932,0,2.535702044833313,0.06839471283446177,Normal,0.05034758366750658
14879,685,1,185.06,6.530877627725885,0.6931471805599453,5.226069202340413,1,-2.0256125857596667,0.34987327931512346,Normal,0.1094050883721353
14880,77,3,706.19,4.356708826689592,1.3862943611198906,6.561299370951966,3,-0.21279834714184645,-0.19590090585709127,Normal,0.14235958399825854
14881,20,1,255.4,3.044522437723423,0.6931471805599453,5.546738725046515,3,-0.758511226598132,-1.4770738919602748,Normal,0.06563209454210306
14882,27,14,3628.15,3.332204510175204,2.70805020110221,8.1967537400596,0,1.838257444709271,0.2123994075650999,Normal,0.10706517259640047
14883,19,6,761.59,2.995732273553991,1.9459101490553132,6.636720534303131,3,0.6870146695555908,-0.7191467056495622,Normal,0.10604091877285143
14884,669,1,120.6,6.507277712385012,0.6931471805599453,4.800736969532067,1,-2.203043832886231,0.20953464022370985,Normal,0.09174834794995718
14885,132,3,1598.12,4.890349128221754,1.3862943611198906,7.377208756922391,2,-0.030385255580525974,0.3426742840846954,Normal,0.13313678199030438
14886,253,1,364.8,5.537334267018537,0.6931471805599453,5.9020867359567655,1,-1.4101368009568382,0.0042369020538669065,Normal,0.14743986354399757
14887,79,1,1862.0,4.382026634673881,0.6931471805599453,7.529943370601589,3,-0.32819261891559887,-0.14569240422641822,Normal,0.06637009345680411
14888,207,1,369.2,5.337538079701318,0.6931471805599453,5.914043400139397,1,-1.3403151972223317,-0.10238375158922489,Normal,0.13345972151885077
14889,336,1,135.9,5.820082930352362,0.6931471805599453,4.919250732294404,1,-1.9292215469972733,-0.13401868519788115,Normal,0.1324370264212551
14890,254,3,817.25,5.541263545158426,1.3862943611198906,6.70716791338129,2,-0.5324455810385237,0.5011189023110278,Normal,0.1494537421435937
14891,148,4,1106.73,5.003946305945459,1.6094379124341003,7.0100681553014015,2,-0.056677204811734355,0.3771061321254045,Normal,0.1427941589274117
14892,691,1,202.35000000000002,6.539585955617669,0.6931471805599453,5.314928632353234,1,-1.9897659241500003,0.38127624117473496,Normal,0.10901162210180576
14893,10,3,1809.6100000000001,2.3978952727983707,1.3862943611198906,7.501419084057128,3,0.8297826394580967,-0.9948848154082279,Normal,0.1003673176436552
14894,85,3,1492.81,4.454347296253507,1.3862943611198906,7.30908518223715,2,0.08098801128281259,0.08179997790420716,Normal,0.140392897697259
14895,8,38,25119.54,2.1972245773362196,3.6635616461296463,10.131441117166368,0,3.775904824287527,0.5152817333728368,Anomaly,-0.04122399391384779
14896,205,8,2092.42,5.327876168789581,2.1972245773362196,7.646554371211011,2,0.5638020842449468,0.96145404497925,Normal,0.09243126635945514
14897,8,8,3140.54,2.1972245773362196,2.1972245773362196,8.05246840453291,0,1.7529500813390675,-0.6437831200382108,Normal,0.09847190061450506
14898,23,14,3507.81,3.1780538303479458,2.70805020110221,8.163032227636762,0,1.8734413321401575,0.117281433267862,Normal,0.11419727150909142
14899,395,1,1384.88,5.981414211254481,0.6931471805599453,7.234090595914997,1,-0.9742024527359631,0.6479052909116801,Normal,0.08930099635112287
14900,522,1,13.919999999999998,6.259581464064923,0.6931471805599453,2.7027025947756145,1,-3.035797192833426,-0.5551248811362023,Anomaly,-0.00883236153434297
14901,11,12,2289.65,2.4849066497880004,2.5649493574615367,7.7365908990673,0,1.80293238739606,-0.4450655147568785,Normal,0.10427860441874187
14902,26,3,1035.6200000000001,3.295836866004329,1.3862943611198906,6.943720699414746,3,0.29670813482700054,-0.6665602146474575,Normal,0.13556569352640208
14903,21,5,2810.63,3.091042453358316,1.791759469228055,7.941519665325918,3,1.1063415548245312,-0.3324144472761024,Normal,0.11597237396266985
14904,2,4,1640.64,1.0986122886681098,1.6094379124341003,7.403451021151327,3,1.3775705539728142,-1.6591670353873214,Normal,0.016747612987952243
14905,158,8,1971.39,5.0689042022202315,2.1972245773362196,7.587001284371595,2,0.6216484196320693,0.8007881076733754,Normal,0.10742972658496652
14906,445,1,68.44,6.100318952020064,0.6931471805599453,4.240463070352095,1,-2.315200770404437,-0.18264425267066872,Normal,0.08417381841921945
14907,3,16,6165.79,1.3862943611198906,2.833213344056216,8.726933722198309,0,2.7937610902122634,-0.6563675055581165,Normal,0.03385608473535351
14908,74,2,381.9,4.31748811353631,1.0986122886681098,5.947773858483249,3,-0.6864780194745504,-0.5064922034099267,Normal,0.12888997430876692
14909,437,3,1404.68,6.082218910376446,1.3862943611198906,7.248276450449636,2,-0.47196551604797593,0.9614680456998663,Normal,0.1317389874603911
14910,3,4,434.35,1.3862943611198906,1.6094379124341003,6.076150305274624,3,0.7070119933701657,-1.8978159516458306,Normal,0.004225378027137627
14911,1,398,295972.63,0.6931471805599453,5.988961416889864,12.598025641499802,0,7.109180606686167,1.2752332933560202,Anomaly,-0.1795345008695597
14912,17,6,1889.25,2.8903717578961645,1.9459101490553132,7.5444643744383795,3,1.116054591574388,-0.5055292811732501,Normal,0.1261938239668065
14913,36,8,4073.13,3.6109179126442243,2.1972245773362196,8.312412505948734,0,1.408828366452847,0.2137688317095762,Normal,0.1154758555006748
14915,91,11,1811.25,4.5217885770490405,2.4849066497880004,7.502324446180987,2,0.9811731351377042,0.5789743446781269,Normal,0.08494867159950964
14916,71,8,3042.95,4.276666119016055,2.1972245773362196,8.020911293091087,2,1.066674795431531,0.4937098179914968,Normal,0.1277002021073485
14917,597,2,1123.75,6.393590753950631,1.0986122886681098,7.025316067721282,2,-0.8890990647641306,0.961164449402969,Normal,0.09551514802219024
14918,116,9,5955.81,4.762173934797756,2.302585092994046,8.692290381870738,2,1.2821284341594612,1.0010379729246899,Normal,0.08832964580947406
14919,539,1,359.35,6.29156913955832,0.6931471805599453,5.88707578137045,1,-1.6606070077984838,0.41575017981481527,Normal,0.14692686958048273
14920,213,3,1607.17,5.365976015021851,1.3862943611198906,7.3828521655438335,2,-0.1817596952029012,0.6067009993389814,Normal,0.12459015644787991
14921,30,2,1316.07,3.4339872044851463,1.0986122886681098,7.1831648514317985,3,0.13679325384239222,-0.623986773651546,Normal,0.11079106394808369
14922,394,2,843.74,5.978885764901122,1.0986122886681098,6.739028887702491,1,-0.8795377576079082,0.6467300820128066,Normal,0.14902011148383104
14923,51,1,749.1,3.9512437185814275,0.6931471805599453,6.620206530975591,3,-0.584697190920278,-0.6556223892616487,Normal,0.08875173845136686
14924,246,3,931.01,5.5093883366279774,1.3862943611198906,6.837343544241763,2,-0.4654962904384771,0.5225054286649847,Normal,0.14127376171692235
14926,382,2,359.4,5.948034989180646,1.0986122886681098,5.887214525734183,1,-1.240188280180138,0.37472609188218003,Normal,0.1529099002375197
14927,397,1,308.2,5.986452005284438,0.6931471805599453,5.733988316713267,1,-1.6285333933513964,0.20163313838125377,Normal,0.16838161062237123
14928,628,1,223.91000000000003,6.444131256700441,0.6931471805599453,5.41570032218308,1,-1.9150471921020091,0.35879280641254024,Normal,0.12525968355100203
14929,32,2,836.69,3.4965075614664802,1.0986122886681098,6.730648103640738,3,-0.0803196053234917,-0.724962401639342,Normal,0.11990594463010901
14930,109,6,5246.63,4.700480365792417,1.9459101490553132,8.565531825089687,2,0.974890392762741,0.7985098222710302,Normal,0.09613700983663664
14931,5,5,1257.68,1.791759469228055,1.791759469228055,7.137818831761513,3,1.1768689095400813,-1.2896339115066915,Normal,0.06943703276501456
14932,366,2,1029.66,5.905361848054571,1.0986122886681098,6.937954652712979,2,-0.7692047001601098,0.6657249251992673,Normal,0.13603922489671388
14933,444,4,1770.0,6.09807428216624,1.6094379124341003,7.479299637782834,2,-0.20638137196332704,1.121047708439477,Normal,0.11971434347147769
14934,82,5,3503.5,4.418840607796598,1.791759469228055,8.16180313594038,2,0.7727440128925603,0.4658887651597189,Normal,0.11849260858160848
14935,297,2,2849.83,5.697093486505405,1.0986122886681098,7.955365458934208,2,-0.2591651308023457,0.8554108199675091,Normal,0.07413972014314818
14936,34,12,12410.81,3.5553480614894135,2.5649493574615367,9.426403717684428,0,2.1919697677810075,0.65118857663233,Normal,0.0589477629805244
14937,57,3,1621.88,4.060443010546419,1.3862943611198906,7.3919576276276855,2,0.24444493552693275,-0.11065477718773613,Normal,0.14216458270011173
14938,562,2,2322.43,6.333279628139691,1.0986122886681098,7.750799821107575,2,-0.5539314937356746,1.1450704011852568,Normal,0.06913465631087923
14940,418,2,531.49,6.037870919922137,1.0986122886681098,6.277564118064523,1,-1.0994005685240196,0.5411260118401218,Normal,0.1578034868832125
14941,579,1,182.1,6.363028103540465,0.6931471805599453,5.210032451680465,1,-1.9783034179152608,0.2524934294575623,Normal,0.14357378248629388
14942,402,4,746.56,5.998936561946683,1.6094379124341003,6.616814569602102,2,-0.5495890229196263,0.8081850414759126,Normal,0.1388689999353414
14943,663,1,107.62,6.498282149476434,0.6931471805599453,4.687855552606699,1,-2.2492496753364417,0.1707823459321105,Normal,0.08207085954637289
14944,30,19,9784.67,3.4339872044851463,2.995732273553991,9.188674349637317,0,2.45634446497868,0.6707688304815191,Normal,0.060543123406465726
14945,414,1,179.4,6.028278520230698,0.6931471805599453,5.1951766076285235,1,-1.8765006795142598,0.06341146838188556,Normal,0.16284830098385805
14946,14,1,100.9,2.70805020110221,0.6931471805599453,4.623991940228679,3,-1.0511789757404293,-1.9388802423709866,Normal,0.02188926194009866
14947,72,6,1049.79,4.290459441148391,1.9459101490553132,6.957297541207289,2,0.4077513230193951,0.09093837896870498,Normal,0.12296791568464416
14948,23,6,1101.97,3.1780538303479458,1.9459101490553132,7.005761820334205,3,0.788618816955166,-0.5081138676590958,Normal,0.12116463667267974
14949,469,4,515.0,6.152732694704104,1.6094379124341003,6.246106765481563,2,-0.7606273471373762,0.7820428429033258,Normal,0.11652946600330583
14950,19,1,371.2,2.995732273553991,0.6931471805599453,5.91943134420815,3,-0.5805709188444943,-1.3924203179366708,Normal,0.06988881038142636
14951,79,1,311.69,4.382026634673881,0.6931471805599453,5.745212284419341,1,-1.1047375466207718,-0.6799459291611841,Normal,0.12676906120731574
14952,60,32,17629.35,4.110873864173311,3.4965075614664802,9.777377127718964,0,2.875513600897897,1.4036410002127473,Anomaly,-0.05421747546132949
14953,25,4,1013.77,3.258096538021482,1.6094379124341003,6.9224172648127835,3,0.46983799516717534,-0.6120750299548675,Normal,0.1275410788925812
14954,12,2,503.44,2.5649493574615367,1.0986122886681098,6.223448903087673,3,0.0002854014624096893,-1.3906022993597493,Normal,0.0759218885656665
14955,733,1,163.77,6.598509028614515,0.6931471805599453,5.10455056206934,1,-2.100359646981411,0.3507999268845344,Normal,0.09705982300567079
14956,421,1,1325.0,6.045005314036012,0.6931471805599453,7.189922170745808,1,-1.0139873340618717,0.6697580051857157,Normal,0.09130126664348948
14957,253,2,333.29,5.537334267018537,1.0986122886681098,5.812008879727072,1,-1.1400794827421539,0.12568690312156103,Normal,0.14023145226312927
14958,147,6,957.9399999999999,4.997212273764115,1.9459101490553132,6.865828507754102,2,0.1393707522953432,0.4533749209440578,Normal,0.11612050049671468
14959,64,4,695.42,4.174387269895637,1.6094379124341003,6.545952926608586,3,0.0096846991306545,-0.21937792423733063,Normal,0.14125030813093936
14960,8,2,221.27,2.1972245773362196,1.0986122886681098,5.4038928590966755,3,-0.23737569603832698,-1.838756525751226,Normal,0.02953956924083856
14961,11,22,16410.15,2.4849066497880004,3.1354942159291497,9.70571626084869,0,3.0948660496674787,0.35322536947456357,Normal,0.027690919167253303
14962,271,4,366.91,5.605802066295998,1.6094379124341003,5.90783834304059,1,-0.7309181668096665,0.37911751321337206,Normal,0.10486269560976469
14963,10,12,3164.48,2.3978952727983707,2.5649493574615367,8.06005998184702,0,1.9718170207701395,-0.3962281898600024,Normal,0.10763230959891179
14964,247,1,206.21,5.5134287461649825,0.6931471805599453,5.333732771768991,1,-1.6496986384767272,-0.17908339365914108,Normal,0.1304487290568595
14965,96,2,599.0,4.574710978503383,1.0986122886681098,6.396929655216146,3,-0.5742406708342708,-0.23016468154283162,Normal,0.13158930044138023
14966,15,6,1115.8400000000001,2.772588722239781,1.9459101490553132,7.01825854798562,3,0.9251939998886898,-0.7280118701900802,Normal,0.10829225401948012
14967,50,6,1982.6100000000001,3.9318256327243257,1.9459101490553132,7.592673695941251,2,0.8001978461115753,0.08332766667533513,Normal,0.14199745118256746
14968,30,2,504.99,3.4339872044851463,1.0986122886681098,6.226516906246328,3,-0.27944878686888514,-0.9103562669572439,Normal,0.11415979287768291
14969,704,1,906.23,6.558197802812269,0.6931471805599453,6.810396001209797,1,-1.3451005544328483,0.8392051747721375,Normal,0.07120557160728158
14970,68,12,4919.35,4.23410650459726,2.5649493574615367,8.501134945167534,0,1.5698530935845951,0.7485892201122806,Normal,0.1005221116862764
14971,35,3,1116.57,3.58351893845611,1.3862943611198906,7.0189119643469615,3,0.23638046126182524,-0.48537765587814063,Normal,0.1352221354832545
14972,128,2,145.07,4.859812404361672,1.0986122886681098,4.984085958862719,1,-1.2811847392126336,-0.49584399933371615,Normal,0.07232901338715048
14973,107,3,1314.45,4.68213122712422,1.3862943611198906,7.181934091396172,2,-0.048007184613361176,0.1693745054136108,Normal,0.13547104420166367
14974,37,1,114.39,3.6375861597263857,0.6931471805599453,4.748317695206576,1,-1.2977199816781348,-1.388967674531705,Normal,0.06639239378590744
14975,57,2,472.39,4.060443010546419,1.0986122886681098,6.159919573071391,3,-0.5110374489411577,-0.5847631928028518,Normal,0.12116615483397591
14976,57,7,790.86,4.060443010546419,2.0794415416798357,6.674384608512411,2,0.46089294978471307,-0.07174166345459503,Normal,0.10031600609989205
14977,726,1,31.929999999999996,6.588926477533519,0.6931471805599453,3.4943840963882726,1,-2.7978514411858098,-0.13648360316612643,Anomaly,-0.013493412974226793
14978,72,10,3142.14,4.290459441148391,2.3978952727983707,8.052977579235382,2,1.2292185923479804,0.5843691666833212,Normal,0.12093698197758634
14979,735,1,439.46,6.601230118728877,0.6931471805599453,6.087819635350745,1,-1.6734146978770232,0.6466392174529799,Normal,0.09190864007443289
14980,737,1,150.68,6.6039438246004725,0.6931471805599453,5.021773038506712,1,-2.138134290749711,0.3290183638521146,Normal,0.09152903066028545
14981,246,2,372.92,5.5093883366279774,1.0986122886681098,5.924041870790548,1,-1.082294969591773,0.14380972617440005,Normal,0.14344176630769856
14982,572,1,237.78,6.35088571671474,0.6931471805599453,5.475542625917242,1,-1.858851527881316,0.32527577777978406,Normal,0.14522762475775797
14983,689,1,183.20000000000002,6.536691597591305,0.6931471805599453,5.216022123821206,1,-2.0318645038098393,0.35007247930898744,Normal,0.10890559526547056
14984,19,6,1271.41,2.995732273553991,1.9459101490553132,7.148668019007891,3,0.909765438888191,-0.5658968685157926,Normal,0.12416279391027218
14985,198,2,296.75,5.293304824724492,1.0986122886681098,5.696254208235409,1,-1.1115195173125725,-0.043561080288767526,Normal,0.12453214920995587
14986,376,2,566.9,5.932245187448011,1.0986122886681098,6.341945346883387,1,-1.0372259253151466,0.502139260937084,Normal,0.15204733380262087
14987,16,8,1713.85,2.833213344056216,2.1972245773362196,7.447080892218029,0,1.2838480632012987,-0.47421714540757604,Normal,0.12052921303258712
14988,212,7,2066.6,5.3612921657094255,2.0794415416798357,7.6341437933218845,2,0.4577607811932697,0.933057206874429,Normal,0.10155930897766097
14989,662,1,342.4,6.4967749901858625,0.6931471805599453,5.838895948463375,1,-1.747939107010548,0.5145113049812114,Normal,0.11829218796454877
14990,612,2,305.42,6.418364935936212,1.0986122886681098,5.724956709887608,1,-1.462904169795684,0.5855705271658038,Normal,0.11218419306825139
14991,430,1,314.67,6.066108090103747,0.6931471805599453,5.754697364124307,1,-1.645285606365481,0.25176753814248315,Normal,0.1704575801100267
14992,442,1,210.5,6.093569770045136,0.6931471805599453,5.354224998486333,1,-1.8284148351542784,0.14703421987004167,Normal,0.15423317847921292
14993,564,1,36.13,6.336825731146441,0.6931471805599453,3.6144252681889886,1,-2.6640851238977272,-0.23959867625235917,Normal,0.03510476405883933
14994,382,5,960.63,5.948034989180646,1.791759469228055,6.8686297612976235,2,-0.28450244930335794,0.9222258890167557,Normal,0.11667670133826591
14995,39,2,233.23000000000002,3.6888794541139363,1.0986122886681098,5.456303538604819,3,-0.697010941982148,-1.0003284697079617,Normal,0.08372056186841226
14996,481,2,442.28999999999996,6.1779441140506,1.0986122886681098,6.094224183409496,1,-1.2244758977810883,0.5635027421593161,Normal,0.13965756985119576
14997,46,4,776.5999999999999,3.8501476017100584,1.6094379124341003,6.656212253146229,3,0.1625264637197825,-0.3652101980491907,Normal,0.14087975348355203
14998,170,4,770.73,5.14166355650266,1.6094379124341003,6.64863474791851,2,-0.2584798729961181,0.3448717054628911,Normal,0.1425864160321788
14999,593,1,129.48000000000002,6.386879319362645,0.6931471805599453,4.871219958312759,1,-2.133436428421925,0.1642264038889463,Normal,0.1260945222079773
15000,48,1,490.52,3.8918202981106265,0.6931471805599453,6.197502630519253,3,-0.7493985994210192,-0.8149331041782925,Normal,0.09626984385825438
15001,394,2,230.85999999999999,5.978885764901122,1.0986122886681098,5.446133741242256,1,-1.4420825442211058,0.25970606774240285,Normal,0.11949795525022755
15002,116,9,4817.28,4.762173934797756,2.302585092994046,8.480172296886764,2,1.1898348532137772,0.9375411046948013,Normal,0.09239718369973732
15003,473,6,1060.7,6.161207321695077,1.9459101490553132,6.967626676019528,2,-0.19280218574223376,1.1258624855984198,Normal,0.07547537487791867
15004,147,1,1246.32,4.997212273764115,0.6931471805599453,7.128752528637921,1,-0.7017194369107707,0.0735249886765921,Normal,0.07904006409878417
15005,16,56,14106.2,2.833213344056216,4.04305126783455,9.554440584332763,0,3.608593078058717,0.8322518341746313,Anomaly,-0.030199466078529524
15006,51,2,825.14,3.9512437185814275,1.0986122886681098,6.716764250684336,3,-0.2334338518398104,-0.4783036272947236,Normal,0.13217299108942626
15007,159,1,156.91,5.075173815233827,0.6931471805599453,5.062025250478552,1,-1.6261769987361754,-0.5021426232940438,Normal,0.10646340236006324
15008,480,2,360.0,6.175867270105761,1.0986122886681098,5.8888779583328805,1,-1.3131513059785809,0.5008875017432071,Normal,0.1426598286341576
15009,12,3,1261.78,2.5649493574615367,1.3862943611198906,7.141070918737701,3,0.618963881918217,-1.010613316292326,Normal,0.10864793623578944
15010,36,1,308.94,3.6109179126442243,0.6931471805599453,5.736378730359189,3,-0.8591847631751443,-1.1079039462712064,Normal,0.09713297291697565
15011,396,2,416.6,5.983936280687191,1.0986122886681098,6.034524036568429,1,-1.1877046129479572,0.4386244839938894,Normal,0.15296173508142125
15012,54,3,860.62,4.007333185232471,1.3862943611198906,6.758814338200439,3,-0.013861623683198836,-0.3294775133824089,Normal,0.13857172591333006
15013,488,10,1641.3,6.192362489474872,2.3978952727983707,7.403852977343515,2,0.3316572681312908,1.4390718973820027,Normal,0.020326411382074028
15014,43,2,260.17,3.784189633918261,1.0986122886681098,5.56517153628838,3,-0.6804677143518372,-0.915169778195847,Normal,0.09601435409696485
15015,501,13,2365.02,6.218600119691729,2.6390573296152584,7.768964497587981,2,0.665968811129333,1.6511123322409935,Normal,0.015726541054818965
15016,173,5,630.3,5.159055299214529,1.791759469228055,6.44778118537358,2,-0.21243941986149562,0.3610755628053813,Normal,0.11488485815310728
15017,34,1,125.58,3.5553480614894135,0.6931471805599453,4.840874519347159,3,-1.2308501635676943,-1.4066204376697593,Normal,0.06663275635663213
15018,39,3,607.46,3.6888794541139363,1.3862943611198906,6.41093117485196,3,-0.06223114116846995,-0.6092619728349723,Normal,0.127817716205461
15019,267,1,266.0,5.5909869805108565,0.6931471805599453,5.58724865840025,1,-1.5644769972737282,-0.0604161065726008,Normal,0.14889716341247222
15020,379,1,203.42,5.940171252720432,0.6931471805599453,5.32017670090093,1,-1.793616402103612,0.05223328720256831,Normal,0.15292991933593608
15021,9,12,2783.83,2.302585092994046,2.5649493574615367,7.93194210920565,0,1.9468980815980854,-0.4871492696839398,Normal,0.10467466193517128
15022,12,5,1186.09,2.5649493574615367,1.791759469228055,7.079260213133854,3,0.9013203709206608,-0.880701634370501,Normal,0.11730477009895557
15023,3,20,12170.68,1.3862943611198906,3.044522437723423,9.406867220825731,0,3.250770054514901,-0.3754850191713619,Normal,0.018237818966644004
15024,10,16,4075.51,2.3978952727983707,2.833213344056216,8.31299650918471,0,2.286477416785002,-0.22231837902339682,Normal,0.08740075297175098
15025,33,2,1013.09,3.5263605246161616,1.0986122886681098,6.921746937608874,3,-0.0068268124545455625,-0.6512918399185571,Normal,0.11593170660366087
15026,80,5,1061.61,4.394449154672439,1.791759469228055,6.968483424851537,2,0.2614137891328418,0.09521895667607325,Normal,0.13616006210680687
15027,31,10,3195.6,3.4657359027997265,2.3978952727983707,8.069843023934553,0,1.503293535948541,0.13453220518181677,Normal,0.12789326015862834
15028,8,6,1157.71,2.1972245773362196,1.9459101490553132,7.055062596327388,3,1.1272951115747816,-1.0343432860683348,Normal,0.09058151039327345
15029,620,1,365.1,6.431331081933479,0.6931471805599453,5.902906520126191,1,-1.6989215692700088,0.4975763378285055,Normal,0.13431113104708697
15030,72,8,1979.91,4.290459441148391,2.1972245773362196,7.591311614066303,2,0.8752928318605852,0.37271839484392305,Normal,0.13077816289002792
15031,4,14,3156.58,1.6094379124341003,2.70805020110221,8.057561190404078,0,2.334880937001893,-0.7794788017215346,Normal,0.06035045456293575
15032,256,8,13780.65,5.54907608489522,2.1972245773362196,9.531093276151351,2,1.312232148861725,1.6475900312163145,Normal,0.018613919584943073
15033,5,10,2586.67,1.791759469228055,2.3978952727983707,7.8585131358985345,0,1.9527497431532854,-0.8520293190578715,Normal,0.08257673063191423
15034,16,14,8313.4,2.833213344056216,2.70805020110221,9.025744230274212,0,2.3603416431732485,0.18533084025456453,Normal,0.103574648218697
15035,90,1,252.73000000000002,4.51085950651685,0.6931471805599453,5.536270709515726,1,-1.2373168624771553,-0.6714326943698955,Normal,0.1282838848070469
15036,72,3,465.55,4.290459441148391,1.3862943611198906,6.145365195680031,3,-0.3723465243515959,-0.3569500633542707,Normal,0.11994789059219985
15037,376,2,402.51,5.932245187448011,1.0986122886681098,6.000201270550366,1,-1.1859203875253472,0.3998392680585781,Normal,0.15005607798414988
15038,59,9,1309.86,4.0943445622221,2.302585092994046,7.178438689350472,2,0.8394375289516293,0.17952249557502808,Normal,0.0977437075094873
15039,10,93,40031.43,2.3978952727983707,4.543294782270004,10.597445154615823,0,4.584740970822665,1.087474064541732,Anomaly,-0.09093278620312162
15040,542,1,7.49,6.297109319933935,0.6931471805599453,2.138889000323256,1,-3.2932526210326136,-0.7032017592537875,Anomaly,-0.038407128458888384
15041,170,2,294.02,5.14166355650266,1.0986122886681098,5.687043150651903,1,-1.0664826231448599,-0.12995783426257213,Normal,0.12342415522406391
15042,199,2,315.45,5.298317366548036,1.0986122886681098,5.7571652512213145,1,-1.0866380190995497,-0.022562830951984882,Normal,0.13317177556052567
15043,31,6,2873.7999999999997,3.4657359027997265,1.9459101490553132,7.963738385594287,2,1.1123951983536473,-0.06267236135856652,Normal,0.1260416050161935
15044,19,35,16204.33,2.995732273553991,3.58351893845611,9.693095479453461,0,3.265871688785768,0.7951918558334946,Anomaly,-0.019339642689745862
15045,152,2,735.66,5.030437921392435,1.0986122886681098,6.602126456028984,2,-0.6323523353191262,0.08262166273961766,Normal,0.13838429934875573
15046,9,25,7812.389999999999,2.302585092994046,3.258096538021482,8.963594207556266,0,2.924442208821713,0.0753887711577733,Normal,0.05374966535517034
15047,270,1,343.62,5.602118820879701,0.6931471805599453,5.842442360714953,1,-1.457041333913594,0.022115201739479874,Normal,0.15087017810258857
15048,65,4,482.75,4.189654742026425,1.6094379124341003,6.181568244343992,3,-0.15379868909073519,-0.320034363251274,Normal,0.11234894901309067
15049,274,1,121.17000000000002,5.616771097666572,0.6931471805599453,4.8054135174159684,1,-1.9129964046371448,-0.28023442686303274,Normal,0.12318789292842719
15050,25,5,4193.79,3.258096538021482,1.791759469228055,8.341598558053528,0,1.2263882029404443,-0.12051154791018111,Normal,0.09258575019583698
15051,23,9,3935.16,3.1780538303479458,2.302585092994046,8.277960907752442,0,1.6141967248080062,0.0032704466048657363,Normal,0.11924556093898547
15052,319,1,215.78,5.768320995793772,0.6931471805599453,5.378883014387604,1,-1.7124922345140712,-0.0249791155004406,Normal,0.13716240764942217
15053,5,3,697.79,1.791759469228055,1.3862943611198906,6.549350267911373,3,0.6115728381008726,-1.6142046065356155,Normal,0.0555060400458135
15054,12,2,302.1,2.5649493574615367,1.0986122886681098,5.714062784063757,3,-0.22135090556107473,-1.543085399894245,Normal,0.06544228732981172
15055,475,3,560.07,6.16541785423142,1.3862943611198906,6.329845674922272,1,-0.898487754390333,0.7324280562792008,Normal,0.13074323641230795
15056,520,1,133.45,6.255750041753367,0.6931471805599453,4.901192382714874,1,-2.0779847190799328,0.10087271953220325,Normal,0.14316214432341923
15057,275,5,3255.96,5.62040086571715,1.791759469228055,8.088549523960413,2,0.35225566747505155,1.1066946566537639,Normal,0.09631260259837149
15058,25,16,3410.03,3.258096538021482,2.833213344056216,8.134769577454728,0,1.930718922551461,0.19878367979211173,Normal,0.09484455399476299
15059,41,19,3523.57,3.7376696182833684,2.995732273553991,8.167513721989891,0,1.913813983076291,0.5325871363911192,Normal,0.07647002830579785
15060,8,4,303.09,2.1972245773362196,1.6094379124341003,5.717323710222868,3,0.2886092511765209,-1.5579518259755187,Normal,0.03826288945284606
15061,4,127,137818.52,1.6094379124341003,4.852030263919617,11.833700282101477,0,5.6131230808697055,1.1356685787355,Anomaly,-0.1478465782731202
15062,71,8,2585.62,4.276666119016055,2.1972245773362196,7.858107283109296,2,0.995838001507658,0.44497495990576463,Normal,0.13402501641794284
15063,213,1,370.79999999999995,5.365976015021851,0.6931471805599453,5.918356075287344,1,-1.3476362883114434,-0.08540750184430417,Normal,0.1344576181451823
15064,410,4,1254.41,6.018593214496234,1.6094379124341003,7.135217491440363,2,-0.3303869271241437,0.9742091416323084,Normal,0.12666644905993513
15065,38,5,3326.86,3.6635616461296463,1.791759469228055,8.110084733748552,2,0.9945176464888575,0.0338243893807994,Normal,0.11155874737088117
15066,53,1,893.59,3.9889840465642745,0.6931471805599453,6.796365512756079,3,-0.5202557740617461,-0.5820736592458334,Normal,0.08047612929873249
15067,78,5,3877.88,4.3694478524670215,1.791759469228055,8.263301731153247,2,0.8328814129580819,0.4690289121924413,Normal,0.10813808085489157
15068,46,4,1176.85,3.8501476017100584,1.6094379124341003,7.071446021638615,3,0.3431966381965549,-0.24091130158992294,Normal,0.14218088199924633
15069,179,1,1109.53,5.19295685089021,0.6931471805599453,7.012592657827759,1,-0.815569953690214,0.1467180353755028,Normal,0.08368822522909564
15070,373,3,843.25,5.924255797414532,1.3862943611198906,6.738448659265677,2,-0.6427046814177537,0.7217263937477867,Normal,0.14792815453321134
15071,94,4,1455.56,4.553876891600541,1.6094379124341003,7.283832770195709,2,0.20800304495017005,0.2108158247860761,Normal,0.13673722164088192
15072,479,1,187.51999999999998,6.173786103901937,0.6931471805599453,5.23920410205553,1,-1.9044049868847326,0.1568473080679704,Normal,0.15026467770372592
15073,10,8,2788.02,2.3978952727983707,2.1972245773362196,7.93344555863082,0,1.636260637770126,-0.5687300395666688,Normal,0.11074533194015718
15074,105,3,1566.33,4.663439094112067,1.3862943611198906,7.357128813675071,2,0.03426638119062623,0.21150862648695398,Normal,0.13147114729697806
15075,78,1,773.03,4.3694478524670215,0.6931471805599453,6.651610632528512,3,-0.7062910427666677,-0.4155564608651542,Normal,0.10363294539343071
15076,173,3,1447.74,5.159055299214529,1.3862943611198906,7.278449492127982,2,-0.16026233407301826,0.46131893716503103,Normal,0.12710568389784194
15077,495,2,2428.08,6.206575926724928,1.0986122886681098,7.795267863824162,2,-0.4936040170352667,1.088496910179079,Normal,0.06905109315575242
15078,7,53,17761.88,2.0794415416798357,3.9889840465642745,9.78486616556146,0,3.91140405077729,0.4656871370508256,Anomaly,-0.039324204982296385
15079,213,11,3767.35,5.365976015021851,2.4849066497880004,8.23439251885594,2,1.0266675798422582,1.2637376854771452,Normal,0.058843563890691675
15080,428,2,546.25,6.061456918928017,1.0986122886681098,6.304905736402972,1,-1.0951324171933003,0.5623197615983225,Normal,0.1580291656204551
15081,22,12,1965.72,3.1354942159291497,2.5649493574615367,7.5841224595020655,0,1.5261759721370307,-0.13186753610488824,Normal,0.10062685577059338
15082,669,1,93.35000000000001,6.507277712385012,0.6931471805599453,4.54701127181456,1,-2.3134410827108285,0.13358266660617354,Normal,0.07014718406831144
15083,257,1,88.2,5.552959584921617,0.6931471805599453,4.490881039585964,1,-2.0292126946921396,-0.40958467528141224,Normal,0.08849983524266508
15084,380,2,965.2,5.942799375126701,1.0986122886681098,6.873370852120306,2,-0.8094136717534203,0.6670410623937602,Normal,0.13879693910500496
15085,730,1,347.54,6.594413459749778,0.6931471805599453,5.853753001232496,1,-1.7730535141978017,0.572812316237973,Normal,0.10803485378698363
15086,565,2,218.53,6.338594078203183,1.0986122886681098,5.391488897435831,1,-1.5821976526060662,0.441749490175432,Normal,0.10258627940250503
15087,282,1,306.94,5.645446897643238,0.6931471805599453,5.7299049588017725,1,-1.520020298596887,0.012325581405259209,Normal,0.1539440938328494
15088,21,2,1160.07,3.091042453358316,1.0986122886681098,7.057097272731341,3,0.19285776817408473,-0.8508797480371061,Normal,0.10508681786312868
15089,10,6,2420.84,2.3978952727983707,1.9459101490553132,7.7922828608243835,0,1.3831610907307474,-0.7029765774690052,Normal,0.10594938900153245
15090,308,1,381.32,5.733341276897746,0.6931471805599453,5.946257954269902,1,-1.4543113808332686,0.1255692936607669,Normal,0.14518098216741776
15091,68,3,1046.6100000000001,4.23410650459726,1.3862943611198906,6.9542666582161,2,-0.0021636937123666366,-0.14589010398377594,Normal,0.15032638501953277
15092,215,3,776.46,5.375278407684165,1.3862943611198906,6.656032195784612,2,-0.5010111299352793,0.39426061284274655,Normal,0.1412268811858884
15093,18,23,14326.11,2.9444389791664403,3.1780538303479458,9.569908825675023,0,2.919611539424727,0.5816104122894648,Normal,0.03206999266184307
15094,463,2,83.0,6.139884552226255,1.0986122886681098,4.430816798843313,1,-1.9359228729196418,0.04457489708035484,Normal,0.06066810957692781
15095,104,10,3141.64,4.653960350157523,2.3978952727983707,8.052818489989162,2,1.1115838706353913,0.784814573923211,Normal,0.10598695717877449
15096,43,1,219.39000000000001,3.784189633918261,0.6931471805599453,5.3953987041986,3,-1.063587294740051,-1.1144052491677887,Normal,0.09310715562555888
15097,4,3,908.35,1.6094379124341003,1.3862943611198906,6.812730058573027,3,0.7851380890951528,-1.635924224130016,Normal,0.06421589060266764
15098,182,3,39916.5,5.209486152841421,1.3862943611198906,10.594570103213856,2,1.266286781772812,1.4818047100829836,Anomaly,-0.04173617962957854
15099,84,1,410.48,4.442651256490317,0.6931471805599453,6.019760416262829,1,-1.0048879122887981,-0.5643226321073653,Normal,0.12579891971469997
15100,334,7,2894.7,5.814130531825066,2.0794415416798357,7.970982156979451,2,0.45786122234249815,1.2836568035365732,Normal,0.08140358256902852
15101,9,6,1477.94,2.302585092994046,1.9459101490553132,7.29908089393658,3,1.1993923372825526,-0.9031844096551727,Normal,0.10313118962525275
15102,531,2,554.67,6.2766434893416445,1.0986122886681098,6.320174592864931,1,-1.158085712222488,0.6855790270484183,Normal,0.1356124012001242
15103,31,2,703.36,3.4657359027997265,1.0986122886681098,6.557289589092577,3,-0.14579637174427001,-0.7938291725396734,Normal,0.11667710730444214
15104,197,2,1027.44,5.288267030694535,1.0986122886681098,6.93579837000678,2,-0.5705586446191209,0.32471383570261836,Normal,0.12776659156879172
15105,18,9,3094.91,2.9444389791664403,2.302585092994046,8.037837164519642,0,1.5852747741050994,-0.19746273413122445,Normal,0.12236317695646065
15106,18,5,1422.52,2.9444389791664403,1.791759469228055,7.2608879564964575,3,0.8576107998741667,-0.6170201670001357,Normal,0.13128589354688214
15107,311,9,940.35,5.7430031878094825,2.302585092994046,6.847315015170721,2,0.1621456413125476,0.9897379634283093,Normal,0.029642885909878403
15108,142,4,1300.25,4.962844630259907,1.6094379124341003,7.171080619929179,2,0.02667341356856881,0.4026346036166265,Normal,0.13480732752875935
15109,246,3,983.1,5.5093883366279774,1.3862943611198906,6.89172751790494,2,-0.44183356655611916,0.5387850967082323,Normal,0.140815190123794
15110,24,6,1505.8500000000001,3.2188758248682006,1.9459101490553132,7.317776658171513,3,0.9111750687833637,-0.39219739501175377,Normal,0.13098432760937861
15111,29,5,2730.87,3.4011973816621555,1.791759469228055,7.912741635371109,3,0.9935080528539859,-0.16995960602868376,Normal,0.12389981713160358
15112,611,1,209.4,6.416732282512326,0.6931471805599453,5.349010480863555,1,-1.935202727352447,0.32371720283237426,Normal,0.1305715334663194
15113,10,3,3609.33,2.3978952727983707,1.3862943611198906,8.19155445989142,3,1.1300638020843503,-0.7882950047211971,Normal,0.053396173412640136
15114,30,12,3400.12,3.4339872044851463,2.5649493574615367,8.131860068124816,0,1.6679589182191426,0.19673313746775378,Normal,0.1130895540750923
15115,18,2,531.85,2.9444389791664403,1.0986122886681098,6.2782399586669655,3,-0.0986114116888579,-1.1648889875641477,Normal,0.10155513147880407
15116,18,4,1352.75,2.9444389791664403,1.6094379124341003,7.2106337983152,3,0.6966872561729478,-0.698799702910486,Normal,0.12864237549855162
15117,15,8,2485.9700000000003,2.772588722239781,2.1972245773362196,7.818820381004473,0,1.465201226043874,-0.3963763166239036,Normal,0.12010215144605335
15118,134,1,244.8,4.90527477843843,0.6931471805599453,5.504518197131935,1,-1.3786965283750665,-0.4633935111182584,Normal,0.1277408863243254
15119,246,1,266.4,5.5093883366279774,0.6931471805599453,5.588745664667843,1,-1.5374345520503647,-0.10497463578780893,Normal,0.14312457955615332
15120,134,1,358.82,4.90527477843843,0.6931471805599453,5.885603906408473,1,-1.2128843357983943,-0.34931672663260627,Normal,0.12889992299182895
15121,50,2,457.72,3.9318256327243257,1.0986122886681098,6.12844000213506,3,-0.48313620581297234,-0.6651268681303157,Normal,0.11556186256336276
15122,114,11,4497.47,4.74493212836325,2.4849066497880004,8.411492617945306,2,1.3045861641389358,0.9742082650322296,Normal,0.08830782061679926
15123,7,5,4656.17,2.0794415416798357,1.791759469228055,8.44616324650336,0,1.6530919975894995,-0.7393109135020772,Normal,0.06482465361583722
15124,23,4,450.82,3.1780538303479458,1.6094379124341003,6.113283870429076,3,0.14366809356879384,-0.8984349747860632,Normal,0.09512159693261091
15125,25,24,17024.87,3.258096538021482,3.2188758248682006,9.742489231033671,0,2.9243923785370463,0.8212154591603532,Normal,0.004525786818292521
15126,537,2,449.49,6.2878585601617845,1.0986122886681098,6.110335879243754,1,-1.2530147689785756,0.6289502802463965,Normal,0.13304794097214562
15127,66,2,711.5,4.204692619390966,1.0986122886681098,6.568779912142806,3,-0.3797944006556205,-0.3828096617343792,Normal,0.13299665468893684
15128,60,5,1783.68,4.110873864173311,1.791759469228055,7.486994406433962,2,0.5787358767155663,0.09402440265481664,Normal,0.1502526986667566
15129,50,23,6860.18,3.9318256327243257,3.1780538303479458,8.83363471758943,0,2.2799090711147407,0.9058133759622317,Normal,0.049592210790967206
15130,170,1,330.11,5.14166355650266,0.6931471805599453,5.802450646452902,1,-1.3255188955101251,-0.24382548898628845,Normal,0.13168131159477425
15131,395,1,80.28,5.981414211254481,0.6931471805599453,4.397899983830172,1,-2.208242387867456,-0.2010992698451439,Normal,0.11220172861866046
15132,18,5,977.9300000000001,2.9444389791664403,1.791759469228055,6.886460138441978,3,0.6946954872239616,-0.7291039331080857,Normal,0.12400825720088227
15133,128,5,1806.9,4.859812404361672,1.791759469228055,7.499921229687969,2,0.3421344984989031,0.510979512682037,Normal,0.13820853987605214
15134,15,10,1596.29,2.772588722239781,2.3978952727983707,7.376063722211611,0,1.4256084298271305,-0.45546155572944863,Normal,0.0946684088851098
15135,239,2,305.68,5.480638923341991,1.0986122886681098,5.725804858690694,1,-1.1592505337724868,0.06861104911615722,Normal,0.13286326450356395
15136,3,4,1286.7,1.3862943611198906,1.6094379124341003,7.160612960279738,3,1.178866818194969,-1.5731855350064503,Normal,0.036651860785737456
15137,521,2,823.4,6.257667587882639,1.0986122886681098,6.714655849016304,1,-0.9803077615120508,0.7931993528383915,Normal,0.12547239573559227
15138,394,1,502.52,5.978885764901122,0.6931471805599453,6.221623433316097,1,-1.413913934375997,0.3434319008195914,Normal,0.1499404537573812
15139,240,2,178.96,5.484796933490655,1.0986122886681098,5.192734603972972,1,-1.3925367270797915,-0.08866842401642436,Normal,0.0956234790014564
15140,52,8,3243.69,3.970291913552122,2.1972245773362196,8.0847750929877,2,1.1935514990994147,0.3438430897798713,Normal,0.13242632360961126
15141,458,7,1388.47,6.129050210060545,2.0794415416798357,7.236677658449301,2,0.0365087784507009,1.2375426114783918,Normal,0.055044116333118565
15142,46,6,2619.92,3.8501476017100584,1.9459101490553132,7.87128068015632,2,0.9478378277994888,0.12167733347529236,Normal,0.1333855110198413
15143,226,2,563.63,5.424950017481403,1.0986122886681098,6.336170649370582,1,-0.8756662764833129,0.22060624567585144,Normal,0.14013747394057918
15144,8,29,12160.31,2.1972245773362196,3.4011973816621555,9.406014879980829,0,3.2601616759141905,0.20209314992626404,Normal,0.029160885909736423
15145,4,4,1194.73,1.6094379124341003,1.6094379124341003,7.0865121565162825,3,1.074454870409762,-1.4722900279863254,Normal,0.061079520515894936
15146,165,2,1327.16,5.111987788356544,1.0986122886681098,7.1915498047067254,2,-0.4022667665500235,0.30404340097680754,Normal,0.11458725038431722
15147,240,1,623.5,5.484796933490655,0.6931471805599453,6.436951329565632,1,-1.1604227704116243,0.13536934279041166,Normal,0.11115360392858376
15148,11,1,301.29,2.4849066497880004,0.6931471805599453,5.711386821516136,3,-0.5058779874341878,-1.7364494181000796,Normal,0.04712927590124849
15149,134,5,1554.6100000000001,4.90527477843843,1.791759469228055,7.349623030648691,2,0.2620353461833899,0.4910635146492162,Normal,0.13752024181130001
15150,17,13,9001.08,2.8903717578961645,2.6390573296152584,9.105210940727408,0,2.3238102215478955,0.21539149122285497,Normal,0.09692693395584623
15151,423,2,2085.61,6.049733455231958,1.0986122886681098,7.643296018507768,2,-0.5090008137830372,0.9564963900147567,Normal,0.09325506252212534
15152,10,14,5263.83,2.3978952727983707,2.70805020110221,8.568804135347829,0,2.3023178593632805,-0.19155730793298822,Normal,0.10190415767307781
15153,31,1,329.25,3.4657359027997265,0.6931471805599453,5.799849943402434,3,-0.7846125592096928,-1.168980818830094,Normal,0.09453199343761809
15154,75,3,1388.41,4.330733340286331,1.3862943611198906,7.236634475584254,2,0.08944428495129665,-0.008068581647755481,Normal,0.1492443480901623
15155,383,1,383.96999999999997,5.950642552587727,0.6931471805599453,5.95316540917378,1,-1.5215867110168284,0.24749198994828403,Normal,0.1591638976196163
15156,1,3,961.49,0.6931471805599453,1.3862943611198906,6.869523676497577,3,1.1062011444276634,-2.124313734406475,Anomaly,-0.01739995338471423
15157,4,5,2654.11,1.6094379124341003,1.791759469228055,7.884241364079559,3,1.5606083396038057,-1.1667562340676327,Normal,0.0627101610834283
15158,45,2,606.02,3.828641396489095,1.0986122886681098,6.408561739445854,3,-0.3278814904726004,-0.638185755133941,Normal,0.12554973120250829
15159,2,34,22116.73,1.0986122886681098,3.5553480614894135,10.004134828308784,0,3.99329746361491,-0.16838899181363734,Anomaly,-0.04619831467406266
15160,357,4,589.27,5.8805329864007,1.6094379124341003,6.380580059339054,2,-0.6140810264491918,0.672162169902634,Normal,0.12238685696787077
15161,388,1,119.92,5.963579343618446,0.6931471805599453,4.795129169911258,1,-2.0296378394157233,-0.09202700995980426,Normal,0.1380131990855586
15162,731,1,312.9,6.595780513961311,0.6931471805599453,5.749074463847908,1,-1.8190417807108448,0.5422311460817227,Normal,0.10959886252629508
15163,18,2,304.47,2.9444389791664403,1.0986122886681098,5.721851574117079,3,-0.3406986265087209,-1.3314420654927646,Normal,0.0814579291819586
15164,69,9,2068.92,4.248495242049359,2.302585092994046,7.635265238169592,2,0.9883486418509461,0.40129560512623014,Normal,0.1260776840822873
15165,373,1,975.5,5.924255797414532,0.6931471805599453,6.8839747503167334,1,-1.1080530167585463,0.5115728673202231,Normal,0.10685273791129668
15166,468,1,167.16,6.150602768446279,0.6931471805599453,5.124915907128641,1,-1.9466342361773976,0.10984847317406733,Normal,0.14890387644587688
15167,321,5,1659.67,5.7745515455444085,1.791759469228055,7.414976414378016,2,0.009324548338677935,0.9900862549724122,Normal,0.11877034387580682
15168,26,1,106.56,3.295836866004329,0.6931471805599453,4.678048831400664,3,-1.2177638244040396,-1.598498114597453,Normal,0.03852187932393236
15169,382,2,569.22,5.948034989180646,1.0986122886681098,6.3460222512755795,1,-1.0405588711226343,0.5120687125915744,Normal,0.1540379775150687
15170,407,1,81.15,6.0112671744041615,0.6931471805599453,4.408546844483277,1,-2.213265101147914,-0.18144642741629777,Normal,0.11156864452185944
15171,331,1,1289.5,5.805134968916488,0.6931471805599453,7.162785019158669,1,-0.9482146255589595,0.5293313890596728,Normal,0.08532628172189799
15172,9,5,1624.05,2.302585092994046,1.791759469228055,7.393293863521244,3,1.1228132167144387,-0.9314066406188161,Normal,0.11057635692521361
15173,381,7,1494.6,5.945420608606575,2.0794415416798357,7.310282743102959,2,0.12792521338972676,1.1582930776699312,Normal,0.06600245219069956
15174,323,2,481.46,5.780743515792329,1.0986122886681098,6.178898015788112,1,-1.0591690696681915,0.3697691080818908,Normal,0.14403196594558332
15175,72,1,224.14,4.290459441148391,0.6931471805599453,5.416722430926658,1,-1.218049858934804,-0.8287832322879419,Normal,0.10688100781529469
15176,668,1,988.04,6.505784060128229,0.6931471805599453,6.896734775698672,1,-1.2905821993268602,0.8361410184256669,Normal,0.06722550852355991
15177,426,1,948.93,6.056784013228625,0.6931471805599453,6.856388297669246,1,-1.1629190309519224,0.5764123848272514,Normal,0.11536711619722007
15178,260,1,40.5,5.564520407322694,0.6931471805599453,3.7256934272366524,1,-2.3658885059899797,-0.6322646300783363,Normal,0.035901581795182214
15179,18,13,7491.92,2.9444389791664403,2.6390573296152584,8.921713853675792,0,2.2264830483022346,0.19028361318480974,Normal,0.10741029758634613
15180,367,3,904.4300000000001,5.908082938168931,1.3862943611198906,6.808409968979098,2,-0.6070334682456581,0.7337487642631266,Normal,0.14573016887598045
15181,66,5,1200.2,4.204692619390966,1.791759469228055,7.091076336109175,2,0.37612666615108054,0.027254392078051717,Normal,0.14441067670210556
15182,154,11,2998.952,5.043425116919247,2.4849066497880004,8.006351567522245,2,1.031767103717435,1.017567769012584,Normal,0.08421413153120172
15183,548,3,639.93,6.3080984415095305,1.3862943611198906,6.462920246589264,1,-0.8867329347261776,0.8509605910833437,Normal,0.11969673689188848
15184,29,4,689.95,3.4011973816621555,1.6094379124341003,6.538067462249494,3,0.25632310332206143,-0.6482000244519458,Normal,0.12197928374424555
15185,70,1,310.62,4.2626798770413155,0.6931471805599453,5.741784496789209,1,-1.0676291959819462,-0.7467990779248284,Normal,0.12194262492052793
15186,14,5,1403.2,2.70805020110221,1.791759469228055,7.247223024583149,3,0.9281193068783203,-0.7514936197735549,Normal,0.1192581740334338
15187,2,16,4777.18,1.0986122886681098,2.833213344056216,8.471814999842545,0,2.775801476970536,-0.8914107714699906,Normal,0.018939147892374386
15188,725,1,310.43,6.587550014824796,0.6931471805599453,5.7411745938732635,1,-1.819817097301887,0.535326720632218,Normal,0.11317518297271345
15189,1,46,17524.38,0.6931471805599453,3.8501476017100584,9.771405394977268,0,4.248018925844895,-0.3537876383158381,Anomaly,-0.07558345622918694
15190,434,1,834.4399999999999,6.075346031088684,0.6931471805599453,6.727958532171293,1,-1.224802860543956,0.5482054370554644,Normal,0.12145490017708055
15191,463,3,588.05,6.139884552226255,1.3862943611198906,6.378511069692128,1,-0.8690550875666345,0.7329127050985752,Normal,0.1368730114795974
15192,120,5,1981.39,4.795790545596741,1.791759469228055,7.592058466471517,2,0.402930153905094,0.5032485199471922,Normal,0.13889359191026773
15193,61,1,499.32,4.127134385045092,0.6931471805599453,6.215247893709531,3,-0.8177841523804189,-0.6798309753528048,Normal,0.10536552151163497
15194,3,28,12427.69,1.3862943611198906,3.367295829986474,9.427762788765785,0,3.5060429766081898,-0.2510835616932201,Normal,0.005368261416763498
15195,3,1,3861.0,1.3862943611198906,0.6931471805599453,8.258940462988459,3,0.9578939816605511,-1.5797994190623867,Anomaly,-0.058565613046356546
15196,433,2,316.25,6.073044534100405,1.0986122886681098,5.759690106594497,1,-1.336106045080345,0.4055024919238183,Normal,0.15161090150612067
15197,11,6,1877.51,2.4849066497880004,1.9459101490553132,7.538234188396181,3,1.2444816058829924,-0.7310331252393663,Normal,0.11144394283560727
15198,92,5,571.35,4.532599493153256,1.791759469228055,6.349750692364485,2,-0.052481102759459185,-0.013798322963778477,Normal,0.1062608965336399
15199,59,10,3122.4,4.0943445622221,2.3978952727983707,8.046677431053746,0,1.2899059413753384,0.47431386203289855,Normal,0.13015361347571552
15200,495,1,549.05,6.206575926724928,0.6931471805599453,6.310009183185445,1,-1.4490977052470824,0.49547497074120705,Normal,0.13583394408878213
15201,87,7,1842.95,4.477336814478207,2.0794415416798357,7.51966528878146,2,0.6938444368212433,0.41123288045031947,Normal,0.12648133899635505
15202,420,3,6001.49,6.042632833682381,1.3862943611198906,8.699929662121509,2,0.172458805588478,1.374181629962817,Normal,0.05239582090876849
15203,26,15,4400.18,3.295836866004329,2.772588722239781,8.389627965770218,0,1.9831640679387674,0.27370007664891,Normal,0.1031919052666686
15204,357,1,316.58,5.8805329864007,0.6931471805599453,5.760729755097951,1,-1.5826411444583706,0.15121727153617887,Normal,0.15604145970518746
15205,85,2,653.24,4.454347296253507,1.0986122886681098,6.483474256616332,3,-0.49765600918740205,-0.27064578054983857,Normal,0.14034180648421002
15206,10,4,420.29999999999995,2.3978952727983707,1.6094379124341003,6.04334516898497,3,0.36556068721500967,-1.3496761606788323,Normal,0.06319446102353199
15207,416,3,683.9200000000001,6.0330862217988015,1.3862943611198906,6.5293020431207704,2,-0.7689039080262936,0.7191456743884928,Normal,0.15142923076381404
15208,1,6,970.52,0.6931471805599453,1.9459101490553132,6.878861855327155,3,1.53708647794703,-1.9166792810289974,Anomaly,-0.03409214216693901
15209,730,1,178.98000000000002,6.594413459749778,0.6931471805599453,5.192845733605803,1,-2.060617388852353,0.3749718459742588,Normal,0.10450401576108459
15210,225,3,1176.19,5.420534999272286,1.3862943611198906,7.070885521589972,2,-0.3351436283607323,0.5434074090173838,Normal,0.13376066555274868
15211,60,2,1277.48,4.110873864173311,1.0986122886681098,7.153427151276853,3,-0.09506823707590682,-0.25954417994909657,Normal,0.12872720604292132
15212,241,2,208.28,5.488937726156687,1.0986122886681098,5.343673068268834,1,-1.3282019265146925,-0.0412015780228421,Normal,0.1022937765915099
15213,319,2,328.35,5.768320995793772,1.0986122886681098,5.797121015086702,1,-1.2212642853700317,0.24863360657715233,Normal,0.13994469013159028
15214,2,8,1661.44,1.0986122886681098,2.1972245773362196,7.416041681653177,0,1.8313571509298499,-1.4402474283312208,Normal,0.02498100890296362
15215,47,7,2422.43,3.871201010907891,2.0794415416798357,7.792939171022606,2,1.0087870327634698,0.1587154949820616,Normal,0.14031252589698945
15216,88,2,486.09,4.48863636973214,1.0986122886681098,6.188448910936394,3,-0.6371128952813226,-0.34004814570630554,Normal,0.13332965592901597
15217,563,1,426.24,6.335054251498059,0.6931471805599453,6.057345916221495,1,-1.600585866285227,0.4907047028416715,Normal,0.14404297454748838
15218,11,22,11516.57,2.4849066497880004,3.1354942159291497,9.35162897449944,0,2.9408009984627155,0.24723047627676767,Normal,0.05717703545682573
15219,176,2,685.45,5.176149732573829,1.0986122886681098,6.531533389343614,1,-0.7101946427696899,0.14185884916736466,Normal,0.1372334075383042
15220,52,6,1778.96,3.970291913552122,1.9459101490553132,7.484346171123521,2,0.7406230481318569,0.07211668110821186,Normal,0.1426711219911343
15221,366,4,2465.4500000000003,5.905361848054571,1.6094379124341003,7.810535148828345,2,6.889933753489265e-05,1.1139092773575097,Normal,0.11484632151728613
15222,319,11,3550.91,5.768320995793772,2.4849066497880004,8.175240765953214,2,0.8708017040662447,1.4679487144193448,Normal,0.048505950976281964
15223,226,5,1417.95,5.424950017481403,1.791759469228055,7.2576724404574895,2,0.05395093163578263,0.7501711454186624,Normal,0.1198879771306669
15224,358,5,871.36,5.883322388488279,1.791759469228055,6.771202182749025,2,-0.30596393703715324,0.8573682904594747,Normal,0.11664882810166005
15225,234,1,409.40000000000003,5.459585514144159,0.6931471805599453,6.01713229385656,1,-1.3349339977755859,-0.004207781663908725,Normal,0.13601505755010485
15226,311,1,154.41,5.7430031878094825,0.6931471805599453,5.04606678592752,1,-1.849113720582664,-0.13857090857848514,Normal,0.13147526424553213
15227,37,9,2488.4900000000002,3.6375861597263857,2.302585092994046,7.819833149203312,0,1.266238651188231,0.11959161597672525,Normal,0.1259639386421761
15228,66,6,5580.2699999999995,4.204692619390966,1.9459101490553132,8.62717162804504,2,1.1620606138308498,0.5435041708280572,Normal,0.10085967095960091
15229,586,1,160.5,6.375024819828097,0.6931471805599453,5.084505142662711,1,-2.0368009883501283,0.22153415652053493,Normal,0.13801679325752492
15230,239,2,429.6,5.480638923341991,1.0986122886681098,6.065179584930263,1,-1.0115869869821343,0.1702017846454572,Normal,0.13651720433993547
15231,621,1,250.26,6.432940092739179,0.6931471805599453,5.526488259576272,1,-1.863223328146456,0.3857842072199739,Normal,0.13398050230270264
15232,113,2,612.06,4.736198448394496,1.0986122886681098,6.418462810428566,1,-0.6171006758337344,-0.13464856348609178,Normal,0.13683262588630646
15233,401,1,59.400000000000006,5.996452088619021,0.6931471805599453,4.100989104940769,1,-2.3422933486287616,-0.28168427787122335,Normal,0.0720361662275757
15234,277,1,197.0,5.627621113690637,0.6931471805599453,5.288267030694535,1,-1.706413732720256,-0.1297093279084325,Normal,0.13922946803586678
15235,218,16,2937.81,5.389071729816501,2.833213344056216,7.985760016489754,2,1.176672219002525,1.32954157037249,Normal,0.02980622958538348
15236,299,1,321.05,5.703782474656201,0.6931471805599453,5.7747068129929,1,-1.5193940194271698,0.0579125188046288,Normal,0.1495425158926013
15237,2,4,1412.32,1.0986122886681098,1.6094379124341003,7.253696825551129,3,1.3124117959412824,-1.7039954734038967,Normal,0.010321201121120338
15238,29,3,1071.99,3.4011973816621555,1.3862943611198906,6.978204422922778,3,0.2776358773802076,-0.5981248407697455,Normal,0.13693235542879484
15239,10,2,780.59,2.3978952727983707,1.0986122886681098,6.661330306378558,3,0.2448392371557638,-1.3516644724284066,Normal,0.08407872719179138
15240,45,12,4459.98,3.828641396489095,2.5649493574615367,8.403123751818507,0,1.6583457579871594,0.49561102595758744,Normal,0.11266045997593266
15241,67,11,3050.16,4.219507705176107,2.4849066497880004,8.023277125163998,0,1.3056074807586324,0.568193430357606,Normal,0.12025065061712792
15242,422,1,302.04,6.0473721790462776,0.6931471805599453,5.713864809997713,1,-1.6569923702232032,0.22921044080011643,Normal,0.17000841216916884
15243,74,2,927.2800000000001,4.31748811353631,1.0986122886681098,6.833333411414558,3,-0.3011668740959538,-0.24140279226213693,Normal,0.13920595448832473
15244,65,3,912.08,4.189654742026425,1.3862943611198906,6.816823499976432,3,-0.0475890230435951,-0.21155114394496313,Normal,0.14974414982334666
15245,134,8,4610.84,4.90527477843843,2.1972245773362196,8.43638218867962,2,1.044140009365128,0.964795900447133,Normal,0.0918472834857022
15246,238,3,780.4,5.476463551931511,1.3862943611198906,6.66108718262097,2,-0.5315375477239633,0.4515836155709032,Normal,0.14249592210497702
15247,122,3,976.06,4.812184355372417,1.3862943611198906,6.884548062644319,2,-0.21946376236763096,0.15208522288628165,Normal,0.14391039857956955
15248,411,3,1893.93,6.021023349349527,1.3862943611198906,7.546937177520269,2,-0.3222246113352281,1.0171180736455796,Normal,0.1233566128710305
15249,32,18,9266.0,3.4965075614664802,2.9444389791664403,9.134214981586691,0,2.3733065555440476,0.6701752487395684,Normal,0.06691464169050132
15250,641,1,60.0,6.464588303689961,0.6931471805599453,4.110873864173311,1,-2.4893996815295822,-0.020519492476367425,Normal,0.03274348845314645
15251,9,21,20324.54,2.302585092994046,3.091042453358316,9.919633502328765,0,3.2130062914680924,0.3004283848651588,Normal,0.01648349240636049
15252,36,5,2103.41,3.6109179126442243,1.791759469228055,7.6517904217936605,2,0.8121379574337825,-0.1324007881421466,Normal,0.13621168760159746
15253,16,8,2055.09,2.833213344056216,2.1972245773362196,7.628561399936054,0,1.3628110895288412,-0.41989153764181014,Normal,0.12575464303982486
15254,127,3,1088.35,4.852030263919617,1.3862943611198906,6.993336467072343,2,-0.18501660067976605,0.20662814343879415,Normal,0.1461893473218694
15255,67,9,3729.42,4.219507705176107,2.302585092994046,8.22427610683509,2,1.2540053652730794,0.5616257158002335,Normal,0.12000250496850873
15256,149,2,170.4,5.0106352940962555,1.0986122886681098,5.1440000061636795,1,-1.2603853659887994,-0.36478617476192327,Normal,0.08310532259766318
15257,283,2,685.9,5.648974238161206,1.0986122886681098,6.5321887212198355,1,-0.8628330563127424,0.40284671465528293,Normal,0.14453572860363845
15258,169,2,623.16,5.135798437050262,1.0986122886681098,6.4364067457583465,1,-0.7385340526804361,0.09112678100156787,Normal,0.13482948978416476
15259,513,4,1182.3799999999999,6.2422232654551655,1.6094379124341003,7.076130029643467,2,-0.4284238453296238,1.0798671787761949,Normal,0.10723041506212116
15260,100,25,9188.23,4.61512051684126,3.258096538021482,9.125787425114728,0,2.2470800767078614,1.3994458108054817,Normal,0.007396880025023478
15261,135,4,1508.0,4.912654885736052,1.6094379124341003,7.319202458767849,2,0.10735457392292,0.4192916806659335,Normal,0.1395872248227078
15262,324,3,418.82,5.783825182329737,1.3862943611198906,6.03982604798586,1,-0.9012598237119068,0.4351398652218411,Normal,0.12517658465150566
15263,107,1,156.51,4.68213122712422,0.6931471805599453,5.059488948313644,1,-1.5001605191403633,-0.7196889339232575,Normal,0.10913172042903974
15264,64,2,848.4,4.174387269895637,1.0986122886681098,6.744530217879171,3,-0.29352308630321455,-0.3469146291937631,Normal,0.13648428661718892
15265,151,4,3345.64,5.0238805208462765,1.6094379124341003,8.115712136418376,2,0.4179464795728543,0.7190720520583556,Normal,0.10324977459805429
15266,338,5,852.21,5.82600010738045,1.791759469228055,6.749005707109851,2,-0.29708223503861303,0.8191070954038686,Normal,0.11918582471976918
15267,22,5,1717.36,3.1354942159291497,1.791759469228055,7.449125626576209,3,0.8777217440285822,-0.4552931516112989,Normal,0.13996107097397176
15268,479,3,961.9000000000001,6.173786103901937,1.3862943611198906,6.869949564246238,2,-0.6661925065889233,0.8987220253841536,Normal,0.12931569843282154
15269,24,3,1225.3600000000001,3.2188758248682006,1.3862943611198906,7.111805711239658,3,0.39473388885517957,-0.6586932366900539,Normal,0.12850652178097982
15270,16,21,8524.86,2.833213344056216,3.091042453358316,9.050859176829093,0,2.663379714987481,0.3330375800824922,Normal,0.0745687565758163
15271,7,24,4709.54,2.0794415416798357,3.2188758248682006,8.45755783012022,0,2.746519859916771,-0.21352510304809746,Normal,0.045802303223819285
15272,57,6,2085.48,4.060443010546419,1.9459101490553132,7.643233714555521,2,0.7805985959151891,0.16940301280194328,Normal,0.14509720220996458
15273,600,1,228.96,6.398594934535208,0.6931471805599453,5.43790538075509,1,-1.8906580536850555,0.34032374688753086,Normal,0.13352701531186528
15274,4,2,716.57,1.6094379124341003,1.0986122886681098,6.5758705038506235,3,0.4626625717066092,-1.8121291485178508,Normal,0.03645035827161458
15275,38,1,615.14,3.6635616461296463,0.6931471805599453,6.4234742104382585,3,-0.5772526048794985,-0.8731878731024546,Normal,0.0928241817126455
15276,66,4,649.53,4.204692619390966,1.6094379124341003,6.477787415259625,3,-0.029775962890674447,-0.22306779372797492,Normal,0.13337134748386004
15277,47,2,476.34,3.871201010907891,1.0986122886681098,6.168229025235398,3,-0.4462162589174146,-0.6866543462975252,Normal,0.12380470853539821
15278,562,4,496.15999999999997,6.333279628139691,1.6094379124341003,6.208911905877311,1,-0.8352045073670378,0.8704913804230567,Normal,0.09101722644399213
15279,355,5,1580.54,5.87493073085203,1.791759469228055,7.366154334869737,2,-0.04438336780586593,1.0308367949848323,Normal,0.11601928622895291
15280,172,3,406.21999999999997,5.153291594497779,1.3862943611198906,6.009353579943722,1,-0.7105878317291868,0.07824011091756722,Normal,0.11800434746846494
15281,59,16,8543.57,4.0943445622221,2.833213344056216,9.053051272457877,0,2.0598036038110172,0.934910397733033,Normal,0.0676873486958518
15282,570,1,348.59,6.3473892096560105,0.6931471805599453,5.856761039253281,1,-1.6918507352323013,0.43746374885796907,Normal,0.14711619656681169
15283,390,3,148.33,5.968707559985366,1.3862943611198906,5.006158622069178,1,-1.4108090991274616,0.22768880006993786,Normal,0.057846749736545466
15284,500,1,24.75,6.2166061010848646,0.6931471805599453,3.248434627109745,1,-2.7844472744593225,-0.4154652946765998,Normal,0.010480696130020783
15285,408,1,94.92,6.013715156042802,0.6931471805599453,4.5635145107192585,1,-2.1466296773525513,-0.1337071417813816,Normal,0.12068988636605771
15286,50,1,240.55,3.9318256327243257,0.6931471805599453,5.4870764910004155,3,-1.0714471187221524,-1.0055314959330757,Normal,0.09865627092270235
15287,22,5,856.03,3.1354942159291497,1.791759469228055,6.753472923819396,3,0.5750399663912789,-0.6635345564120853,Normal,0.12550807885351611
15288,43,10,3883.13,3.784189633918261,2.3978952727983707,8.264654299499902,0,1.4850607518587802,0.3684950861065518,Normal,0.12100435823015143
15289,29,5,1593.09,3.4011973816621555,1.791759469228055,7.37405831948775,3,0.7591243970599667,-0.33121272845277794,Normal,0.14126636117073416
15290,5,26,10496.28,1.791759469228055,3.295836866004329,9.258871454967936,0,3.246917590170691,-0.10415828183665625,Normal,0.0343573816835413
15291,26,40,13846.56,3.295836866004329,3.713572066704308,9.53586432280995,0,3.199590445103962,0.9612553175738601,Anomaly,-0.025240778590200352
15292,201,1,180.94,5.308267697401205,0.6931471805599453,5.203676962393915,1,-1.639932199380296,-0.3311740755593929,Normal,0.12394249040964428
15293,666,1,247.5,6.502790045915623,0.6931471805599453,5.5154428455366835,1,-1.8906205033099177,0.42100432820592837,Normal,0.11586689786997506
15294,411,1,233.35,6.021023349349527,0.6931471805599453,5.456815724368715,1,-1.7603137556573596,0.13773062718977985,Normal,0.1623144798634038
15295,654,1,217.23999999999998,6.484635235635252,0.6931471805599453,5.3855953746550975,1,-1.9412460208760607,0.37212141380152525,Normal,0.11609725513114422
15296,51,12,10342.83,3.9512437185814275,2.5649493574615367,9.244145485668538,0,1.984625557726018,0.8149908787129682,Normal,0.06687339914536605
15297,10,3,641.94,2.3978952727983707,1.3862943611198906,6.466051407286527,3,0.3792892716163504,-1.304818807817955,Normal,0.09309873108927941
15298,2,23,9459.37,1.0986122886681098,3.1780538303479458,9.154866773331808,0,3.336012394713442,-0.5607176440987451,Normal,0.005836609495944334
15299,67,10,7991.54,4.219507705176107,2.3978952727983707,8.986263885613372,0,1.6582434817368024,0.824611197377252,Normal,0.09752622261092658
15300,64,1,496.44,4.174387269895637,0.6931471805599453,6.2094749463104435,3,-0.8355787819153337,-0.6554962265369633,Normal,0.10508266912028436
15301,51,17,7603.4400000000005,3.9512437185814275,2.8903717578961645,8.936487566216204,0,2.0989637192658988,0.8420105341374502,Normal,0.07847643182495534
15302,730,1,308.0,6.594413459749778,0.6931471805599453,5.733341276897746,1,-1.8254452243508434,0.5367674528591859,Normal,0.11284186003919755
15303,290,3,1224.18,5.673323267171493,1.3862943611198906,7.110843050959893,2,-0.39951611690324634,0.6947967902483925,Normal,0.13990397223641038
15304,61,9,919.5500000000001,4.127134385045092,2.302585092994046,6.824971317503215,2,0.675037137207786,0.09179876875224643,Normal,0.08226376752785114
15305,555,1,93.6,6.320768294250582,0.6931471805599453,4.549657476057832,1,-2.2519677854386617,0.03150342419304163,Normal,0.11013666517286386
15306,64,9,3484.73,4.174387269895637,2.302585092994046,8.15643277041254,2,1.2390795131198233,0.516430345230249,Normal,0.12741520153477187
15307,96,1,205.3,4.574710978503383,0.6931471805599453,5.329331420077207,1,-1.3480083259383648,-0.698161306544456,Normal,0.1143130973969505
15308,274,1,310.47,5.616771097666572,0.6931471805599453,5.741303025403381,1,-1.5057864580256686,-7.890513605748154e-05,Normal,0.15566419874344323
15309,611,4,797.96,6.416732282512326,1.6094379124341003,6.683310881934879,2,-0.6557819967348066,1.0585304456103268,Normal,0.08861205660372956
15310,479,1,1634.64,6.173786103901937,0.6931471805599453,7.399789444048626,1,-0.9643240967222373,0.8036115986768059,Normal,0.06448369626708228
15311,1,208,116771.16,0.6931471805599453,5.342334251964811,11.667979964800535,0,6.211327002683508,0.7601387739745679,Anomaly,-0.16885975320206537
15312,75,12,2930.19,4.330733340286331,2.5649493574615367,7.983163762901939,0,1.3132297922408707,0.6468318305284401,Normal,0.09952951137872007
15313,110,1,52.0,4.709530201312334,0.6931471805599453,3.970291913552122,1,-1.9829368247544132,-1.0306243584207833,Normal,0.027076687269530386
15314,199,3,820.4499999999999,5.298317366548036,1.3862943611198906,6.711071071352346,2,-0.45217228388827013,0.36828759258235305,Normal,0.14439454952538855
15315,64,2,570.5,4.174387269895637,1.0986122886681098,6.348264483234865,3,-0.4659401796366676,-0.4655355055732126,Normal,0.13155735063651736
15316,327,1,165.0,5.793013608384144,0.6931471805599453,5.111987788356544,1,-1.8366058314819491,-0.091253855927959,Normal,0.135078194612627
15317,677,1,129.75,6.519147287940395,0.6931471805599453,4.873287102945032,1,-2.1753158517183118,0.2377990883067463,Normal,0.09433041466492059
15318,4,1,312.62,1.6094379124341003,0.6931471805599453,5.748182061952885,3,-0.20671919888489348,-2.2083095465832034,Normal,0.004416745587548787
15319,284,1,204.5,5.652489180268651,0.6931471805599453,5.32544603393629,1,-1.6982799422201011,-0.10486364969612284,Normal,0.13837890294067406
15320,44,1,267.13,3.8066624897703196,0.6931471805599453,5.591471937527057,3,-0.9855432015435194,-1.04331619845467,Normal,0.1003347126169713
15321,71,12,6709.7300000000005,4.276666119016055,2.5649493574615367,8.811463016894713,0,1.6911134347429477,0.8649591686078235,Normal,0.09406402731706703
15322,86,2,1390.86,4.465908118654584,1.0986122886681098,7.238396261123746,2,-0.17292494430927366,-0.03828579830494669,Normal,0.1336073600687483
15323,563,3,434.6,6.335054251498059,1.3862943611198906,6.076724391058805,1,-1.063486775221363,0.7502218820266685,Normal,0.09840498907450762
15324,701,1,140.22000000000003,6.553933404025811,0.6931471805599453,4.950318958088201,1,-2.153049648225129,0.28004500205646915,Normal,0.09590015131873164
15325,104,8,1602.01,4.653960350157523,2.1972245773362196,7.379638390893277,2,0.6656273111607015,0.5098477246653117,Normal,0.11115176070246896
15326,334,5,1700.52,5.814130531825066,1.791759469228055,7.43927724820629,2,0.007097098385596848,1.0191908683265336,Normal,0.11932165265620537
15327,53,1,208.75,3.9889840465642745,0.6931471805599453,5.345916345347316,1,-1.1513530595664432,-1.0162609642276992,Normal,0.09306417036736181
15328,408,1,107.24,6.013715156042802,0.6931471805599453,4.684350983862532,1,-2.0940531569861602,-0.09753513120942768,Normal,0.13319067179315092
15329,39,11,2984.33,3.6888794541139363,2.4849066497880004,8.001465572480015,0,1.4677359339960685,0.26899020965347953,Normal,0.12524930972043347
15330,32,2,714.96,3.4965075614664802,1.0986122886681098,6.5736242994783,3,-0.1486414043863117,-0.7719669736569118,Normal,0.11787369845272205
15331,500,3,767.91,6.2166061010848646,1.3862943611198906,6.644973927545967,2,-0.7779295525061823,0.8549941431583262,Normal,0.13487843265610572
15332,366,6,6553.74,5.905361848054571,1.9459101490553132,8.787943731032811,2,0.681973342099034,1.5296540967917027,Normal,0.06074304957454446
15333,208,1,1028.56,5.342334251964811,0.6931471805599453,6.936886805488385,1,-0.8968224039616399,0.20644652330854246,Normal,0.08399488274821382
15334,157,3,351.67,5.062595033026967,1.3862943611198906,5.8655327755013085,1,-0.7438313530160694,-0.014836897886258959,Normal,0.10606772524247049
15335,54,1,173.97,4.007333185232471,0.6931471805599453,5.164614530656529,1,-1.2361729169792668,-1.0604124062246063,Normal,0.09004463207306573
15336,402,1,240.5,5.998936561946683,0.6931471805599453,5.486869473092628,1,-1.7400937950291366,0.13454490351277568,Normal,0.16263543730702634
15337,411,1,373.02,6.021023349349527,0.6931471805599453,5.924309271920574,1,-1.5569051044062308,0.2776733208524458,Normal,0.16790065626014017
15338,677,1,283.43,6.519147287940395,0.6931471805599453,5.650487177597977,1,-1.8371524272918063,0.47045143726711985,Normal,0.11729901658865666
15339,66,7,1827.84,4.204692619390966,2.0794415416798357,7.511437165067318,2,0.7784444549262999,0.2583898342057753,Normal,0.13972531553415157
15340,562,1,105.5,6.333279628139691,0.6931471805599453,4.66814498514948,1,-2.2044597961551,0.0738730473648323,Normal,0.12001624703206004
15341,81,2,2402.7200000000003,4.406719247264253,1.0986122886681098,7.784772816325887,2,0.083949272768342,0.09262398040191105,Normal,0.09469446320960495
15342,130,1,406.09,4.875197323201151,0.6931471805599453,6.0090342912180414,1,-1.1494513730691327,-0.3289577969195942,Normal,0.12995808311602625
15343,87,1,364.5,4.477336814478207,0.6931471805599453,5.901266279189834,1,-1.067663468723854,-0.5806622608016154,Normal,0.12972666337664218
15344,1,3,563.94,0.6931471805599453,1.3862943611198906,6.3367195308171205,3,0.8743755433655455,-2.283806946091685,Anomaly,-0.031192141293082454
15345,46,1,393.54,3.8501476017100584,0.6931471805599453,5.9777205293157225,3,-0.8315488130089055,-0.9037092172383154,Normal,0.10901770389092474
15346,333,3,596.12,5.811140992976701,1.3862943611198906,6.3921180982189245,2,-0.7568105207937387,0.555663703990937,Normal,0.14142960255551734
15347,366,4,1363.6,5.905361848054571,1.6094379124341003,7.2186166243813235,2,-0.2574776472166095,0.9367203660372783,Normal,0.1293300620610044
15348,72,1,158.04,4.290459441148391,0.6931471805599453,5.069155742908264,1,-1.3692777669987133,-0.9328262052945584,Normal,0.0990350776851982
15349,158,2,473.81,5.0689042022202315,1.0986122886681098,6.1629147240133015,1,-0.8358964151400414,-0.027638448720693518,Normal,0.13238830473130908
15350,373,2,663.25,5.924255797414532,1.0986122886681098,6.498658584639923,1,-0.966455281861725,0.5446442276284786,Normal,0.14779863715192842
15351,12,10,3738.29,2.5649493574615367,2.3978952727983707,8.226651032814573,0,1.8628588744093442,-0.3153668089070004,Normal,0.11042406672657334
15352,549,1,114.95,6.309918278226516,0.6931471805599453,4.753159063701541,1,-2.1599141102037307,0.08643652275831015,Normal,0.13208704865637722
15353,255,7,3175.95,5.545177444479562,2.0794415416798357,8.06367689602795,2,0.58517945610124,1.1630605646283043,Normal,0.08362714137361393
15354,603,3,284.4,6.403574197934815,1.3862943611198906,5.653891705042736,1,-1.2696243797105105,0.661441223996116,Normal,0.05898912551408719
15355,29,2,277.05,3.4011973816621555,1.0986122886681098,5.627800953633573,3,-0.5293478582652081,-1.1076655635492392,Normal,0.09611672481261246
15356,31,13,3464.95,3.4657359027997265,2.6390573296152584,8.150742044320372,0,1.7224287988863416,0.2470228788540912,Normal,0.11312215311812551
15358,5,42,17050.41,1.791759469228055,3.7612001156935624,9.74398817723959,0,3.8129294513795142,0.21139920164248274,Anomaly,-0.023101882694923526
15359,663,8,181.35,6.498282149476434,2.1972245773362196,5.205927917254689,1,-0.8766652786153052,0.8764109778297128,Anomaly,-0.038702351748346686
15360,40,1,427.93,3.713572066704308,0.6931471805599453,6.061293735451147,3,-0.7510136912028174,-0.9540216242957722,Normal,0.1046706052503873
15361,362,4,689.07,5.8944028342648505,1.6094379124341003,6.536793041721038,2,-0.5505978837035258,0.726574096194132,Normal,0.13199437887864135
15362,449,2,613.08,6.1092475827643655,1.0986122886681098,6.420125212819335,1,-1.0604566029811258,0.623169822390376,Normal,0.14946579174459912
15363,373,2,1004.11,5.924255797414532,1.0986122886681098,6.912852267239981,2,-0.7862376536706748,0.6686317777126465,Normal,0.13690872457743802
15364,96,2,913.19,4.574710978503383,1.0986122886681098,6.818038427312331,2,-0.3910142545325529,-0.10410712160275454,Normal,0.13380992627719085
15365,26,13,4557.13,3.295836866004329,2.6390573296152584,8.42466773068017,0,1.8965648578839707,0.23531192245277308,Normal,0.11080509312681824
15366,75,7,2389.08,4.330733340286331,2.0794415416798357,7.779082117168702,2,0.8541332417496914,0.4080276745101927,Normal,0.13754570161997276
15367,57,11,5081.33,4.060443010546419,2.4849066497880004,8.533525096836854,0,1.579064378955619,0.6332005956390324,Normal,0.11396789081035025
15368,21,2,722.74,3.091042453358316,1.0986122886681098,6.584432211866017,3,-0.012801032952968425,-0.9923705176190838,Normal,0.10705534510500919
15369,492,11,6251.26,6.20050917404269,2.4849066497880004,8.740698277368923,2,0.9770542160284946,1.8755948752671763,Normal,0.013140488571303677
15370,41,8,3739.01,3.7376696182833684,2.1972245773362196,8.226843564201795,0,1.3306021686045015,0.25806537772143234,Normal,0.12395137260626365
15371,662,1,59.400000000000006,6.4967749901858625,0.6931471805599453,4.100989104940769,1,-2.504110585509565,-0.005725533133341829,Normal,0.02765074658722022
15372,137,8,6017.06,4.927253685157205,2.1972245773362196,8.702520227230021,2,1.1528293861376233,1.0565861826030183,Normal,0.08466842310165135
15373,8,17,3421.39,2.1972245773362196,2.8903717578961645,8.138094416397738,0,2.3188737887554853,-0.36443495317713326,Normal,0.06787141058504398
15374,129,2,307.32,4.867534450455582,1.0986122886681098,5.731138204666056,1,-0.958636284980307,-0.26795712451935044,Normal,0.12465902818672803
15375,690,1,60.959999999999994,6.53813982376767,0.6931471805599453,4.1264890155486675,1,-2.506393900233602,0.024723024248135588,Normal,0.0281770469709115
15376,40,3,1233.3600000000001,3.713572066704308,1.3862943611198906,7.118307896116917,3,0.2375655891592609,-0.3838915314657279,Normal,0.13869697557863403
15377,383,4,1211.75,5.950642552587727,1.6094379124341003,7.100645787125326,2,-0.3234522551050083,0.9263812581550086,Normal,0.1338249378228692
15378,463,2,246.5,6.139884552226255,1.0986122886681098,5.511410582008745,1,-1.465751412511084,0.36804717934651004,Normal,0.1226380567816468
15379,169,8,4877.84,5.135798437050262,2.1972245773362196,8.492662765672868,2,0.994070700680654,1.108791237009121,Normal,0.07456261072385084
15380,9,11,3479.0600000000004,2.302585092994046,2.4849066497880004,8.154804813999199,0,1.9828176541948312,-0.4497344857350927,Normal,0.10107495969825775
15381,214,5,1890.5700000000002,5.3706380281276624,1.791759469228055,7.545162451054191,2,0.19660508150429665,0.8062739668936135,Normal,0.12135846085817542
15382,15,12,13733.550000000001,2.772588722239781,2.5649493574615367,9.527669834978457,0,2.489195546324781,0.24976251346720968,Normal,0.05420805537588491
15384,170,4,2027.79,5.14166355650266,1.6094379124341003,7.615194835208677,2,0.162074987575635,0.6342083667078311,Normal,0.12923832446418937
15385,40,3,942.08,3.713572066704308,1.3862943611198906,6.849151114666084,3,0.12045420189688245,-0.4644627504933547,Normal,0.13849874369493054
15386,186,1,394.14,5.231108616854587,0.6931471805599453,5.979240132485259,1,-1.27752577759434,-0.14156969068842334,Normal,0.1302812246276896
15387,492,1,468.65,6.20050917404269,0.6931471805599453,6.151987736440525,1,-1.5158914401574233,0.4448255716848843,Normal,0.146041711482098
15388,270,1,140.54,5.602118820879701,0.6931471805599453,4.952582362647639,1,-1.8442236232886693,-0.24426153386323046,Normal,0.1283684231742157
15389,172,5,2733.8,5.153291594497779,1.791759469228055,7.913813586039639,2,0.4273023337398373,0.7967486222635417,Normal,0.1144255276416718
15390,396,2,1216.66,5.983936280687191,1.0986122886681098,7.104686263160091,2,-0.7220719720893845,0.7589741132658535,Normal,0.12525198368555873
15391,584,1,289.87,6.371611847231857,0.6931471805599453,5.672876431960318,1,-1.7796940178436396,0.3957787508128125,Normal,0.14438359129152112
15392,5,7,2911.62,1.791759469228055,2.0794415416798357,7.976808298741926,0,1.7613339965638635,-0.9331833296172347,Normal,0.083764518249199
15393,16,5,891.34,2.833213344056216,1.791759469228055,6.793847225874017,3,0.6903723896790083,-0.8181750660908298,Normal,0.12083835924950154
15394,10,11,5286.8,2.3978952727983707,2.4849066497880004,8.57315755933367,0,2.1340191577139316,-0.2719325278921753,Normal,0.09987553735193122
15395,326,1,107.45,5.7899601708972535,0.6931471805599453,4.6862892372728835,1,-2.020841722440924,-0.22036950940073843,Normal,0.11115513205137256
15396,113,2,796.38,4.736198448394496,1.0986122886681098,6.681331353117785,2,-0.5027253309658303,-0.055959708558039396,Normal,0.1365105034913341
15397,290,1,94.0,5.673323267171493,0.6931471805599453,4.553876891600541,1,-2.0407315985422017,-0.3243391212953195,Normal,0.10261095283739874
15398,16,2,1345.53,2.833213344056216,1.0986122886681098,7.205286191988605,3,0.3407240026053795,-0.9487284264608147,Normal,0.0919198795550416
15399,1,3,815.77,0.6931471805599453,1.3862943611198906,6.705357537478585,3,1.0347716817242147,-2.1734563414495573,Anomaly,-0.021947835335395016
15400,92,8,1302.3,4.532599493153256,2.1972245773362196,7.172654788536674,2,0.6148189764028263,0.3809498965576072,Normal,0.09159708430523261
15401,452,2,216.95000000000002,6.115892125483034,1.0986122886681098,5.384265678684402,1,-1.5133129955312763,0.3167534666064213,Normal,0.11569366281176602
15402,149,6,1830.54,5.0106352940962555,1.9459101490553132,7.512912422002219,2,0.4165786721202775,0.654481033124442,Normal,0.12746773109588722
15403,492,2,170.88,6.20050917404269,1.0986122886681098,5.146796558906795,1,-1.6440042515694933,0.29233933585581257,Normal,0.09950465077353043
15404,376,1,257.06,5.932245187448011,0.6931471805599453,5.5531921160237,1,-1.6896668016314196,0.11761399338534508,Normal,0.15785259531519819
15405,189,2,659.84,5.247024072160486,1.0986122886681098,6.493511753062391,1,-0.7496606124758015,0.1695687364588187,Normal,0.1363697712794209
15406,31,4,975.87,3.4657359027997265,1.6094379124341003,6.884353582800518,3,0.3861204202187885,-0.5089434352695066,Normal,0.13632437589159707
15407,34,4,1056.44,3.5553480614894135,1.6094379124341003,6.963606171722143,3,0.3916207294997853,-0.4357928292325228,Normal,0.1377007323689559
15408,264,1,267.18,5.579729825986222,0.6931471805599453,5.591658396851496,1,-1.558917447232425,-0.0653050761797261,Normal,0.14865034315472558
15409,721,1,131.25,6.582025138892826,0.6931471805599453,4.8846940707384086,1,-2.1906889330917583,0.27589471607045724,Normal,0.09067415874985763
15410,84,10,4685.72,4.442651256490317,2.3978952727983707,8.45248825643265,0,1.3538248456414168,0.7879045201219413,Normal,0.10406428923019434
15411,26,4,1358.88,3.295836866004329,1.6094379124341003,7.215151739543018,3,0.5850019597785464,-0.5036298001180982,Normal,0.134499093726141
15412,171,1,190.53,5.147494476813453,0.6931471805599453,5.25504445431457,1,-1.565583784900889,-0.40447366650747474,Normal,0.11683475900079887
15413,692,5,6798.72,6.541029999189903,1.791759469228055,8.824636713845836,2,0.3747756474910108,1.8348233874347029,Normal,0.008688782450015586
15414,10,3,774.9000000000001,2.3978952727983707,1.3862943611198906,6.654023645899904,3,0.46107688072717096,-1.2485499212352174,Normal,0.10539479365607729
15415,313,1,572.8100000000001,5.749392985908253,0.6931471805599453,6.3522983310705525,1,-1.282832828206362,0.25596967913101987,Normal,0.1254680694843982
15416,65,7,4572.82,4.189654742026425,2.0794415416798357,8.428104020944367,2,1.1821541693624864,0.5244968056629489,Normal,0.11243671247921644
15417,85,1,508.8,4.454347296253507,0.6931471805599453,6.234018491942015,1,-0.915446010011648,-0.4937340817548727,Normal,0.11561640270499118
15418,425,2,452.32,6.054439346269371,1.0986122886681098,6.116598277864748,1,-1.174796219398002,0.5020799065819942,Normal,0.15629846400026304
15419,25,1,135.86,3.258096538021482,0.6931471805599453,4.918958505524352,3,-1.1007366986038545,-1.547198680493905,Normal,0.056356789757515124
15420,434,6,743.0,6.075346031088684,1.9459101490553132,6.612041034833092,2,-0.3197494383988583,0.9720613005249555,Normal,0.08133248099062068
15421,59,10,3805.34,4.0943445622221,2.3978952727983707,8.244423376498858,0,1.3759461365053205,0.5335084764000406,Normal,0.1242940222353785
15422,323,7,1619.97,5.780743515792329,2.0794415416798357,7.390780014470032,2,0.21621074476700053,1.091560167946804,Normal,0.08441498682082155
15423,38,3,266.89,3.6635616461296463,1.3862943611198906,5.590576448492924,3,-0.410982931088211,-0.8687968511545535,Normal,0.06984073721495643
15424,254,3,597.78,5.541263545158426,1.3862943611198906,6.394894251854076,2,-0.6683173265313443,0.4076407835586526,Normal,0.1424092424544387
15425,400,4,1944.57,5.993961427306569,1.6094379124341003,7.573310272245073,2,-0.13180413772946165,1.091764869787562,Normal,0.12281702890722557
15426,19,9,2615.39,2.995732273553991,2.302585092994046,7.869550784034195,0,1.4954630101294637,-0.21954732664548285,Normal,0.12444197329414103
15427,33,3,1483.14,3.5263605246161616,1.3862943611198906,7.302590758900265,3,0.37829693958355104,-0.43198568725874864,Normal,0.1295529225142451
15428,15,4,762.75,2.772588722239781,1.6094379124341003,6.638240510485805,3,0.5032170055484352,-0.9649297465950704,Normal,0.11684473440725562
15429,27,2,397.35,3.332204510175204,1.0986122886681098,5.987331015826375,3,-0.35060056840972326,-1.0380951900253528,Normal,0.10569354905072681
15430,468,2,954.75,6.150602768446279,1.0986122886681098,6.862496372576522,1,-0.8813541472803059,0.7784021294043486,Normal,0.1267032345754428
15431,503,1,153.24,6.222576268071369,0.6931471805599453,5.038509830862235,1,-2.0075080008171513,0.12368088770940812,Normal,0.146282781728573
15432,23,2,320.76,3.1780538303479458,1.0986122886681098,5.773805926024342,3,-0.39365006699316013,-1.187036788371299,Normal,0.09421083343459652
15433,214,2,533.3,5.3706380281276624,1.0986122886681098,6.2809574789637255,1,-0.8821238997985184,0.17412196936613844,Normal,0.13359961697861428
15434,8,11,2567.06,2.1972245773362196,2.4849066497880004,7.850906029022887,0,1.8846661455233902,-0.5988183939350484,Normal,0.09646569845745251
15435,22,1,149.29,3.1354942159291497,0.6931471805599453,5.012566760946003,3,-1.02035457427515,-1.586800044409119,Normal,0.0534663111253223
15436,12,3,1122.53,2.5649493574615367,1.3862943611198906,7.024230793538577,3,0.5681261914233972,-1.045589032928147,Normal,0.1119725245533515
15437,262,2,393.45,5.572154032177765,1.0986122886681098,5.977492389541099,1,-1.0793384293766777,0.1944290954559407,Normal,0.14645440342119226
15438,131,1,156.57999999999998,4.882801922586371,0.6931471805599453,5.059933265817542,1,-1.564869235479022,-0.6088737413566452,Normal,0.10938955565594055
15439,405,4,1269.05,6.0063531596017325,1.6094379124341003,7.1468115487563955,2,-0.32138355085559234,0.970928645033447,Normal,0.1284638886523996
15440,55,3,383.68,4.02535169073515,1.3862943611198906,5.952411819844281,3,-0.37055881536855384,-0.560933210049729,Normal,0.10718524865927032
15441,396,3,1254.21,5.983936280687191,1.3862943611198906,7.135058168244959,2,-0.4894402066258392,0.8733676221813839,Normal,0.13506127722733025
15442,249,1,594.0,5.521460917862246,0.6931471805599453,6.38856140554563,1,-1.1933355262833552,0.14110640877491948,Normal,0.11992455747975672
15443,2,14,5175.93,1.0986122886681098,2.70805020110221,8.55196749546608,0,2.7152135423540806,-0.9132315001757593,Normal,0.03134393725472162
15444,9,2,1418.26,2.302585092994046,1.0986122886681098,7.257890888001,3,0.5352313172362335,-1.2256553818573717,Normal,0.06926511527439472
15445,264,2,284.5,5.579729825986222,1.0986122886681098,5.654242029096065,1,-1.2224363941209617,0.10184365169931589,Normal,0.12842479523277428
15446,377,3,406.95,5.934894195619588,1.3862943611198906,6.011144617874809,1,-0.9625988364043637,0.5098779909014896,Normal,0.1291586687774206
15447,331,5,492.88,5.805134968916488,1.791759469228055,6.202292572699543,2,-0.5282113827907079,0.6439418698886423,Normal,0.09653541240130509
15448,313,2,788.81,5.749392985908253,1.0986122886681098,6.671792410205668,1,-0.8345688258585056,0.500023725075343,Normal,0.14024219520005093
15449,26,3,974.52,3.295836866004329,1.3862943611198906,6.882970662159506,3,0.2702755065987504,-0.6847455434035992,Normal,0.13408069698601804
15450,30,1,429.84,3.4339872044851463,0.6931471805599453,6.0657367914825695,3,-0.6586555934617218,-1.1068997968477725,Normal,0.09328382016643272
15451,434,2,233.21,6.075346031088684,1.0986122886681098,5.45621814880031,1,-1.4688924907492324,0.3159285515931553,Normal,0.12186174362379254
15452,30,6,1799.1100000000001,3.4339872044851463,1.9459101490553132,7.49560305312816,3,0.918975645398405,-0.22031852425764226,Normal,0.13866278440683028
15453,2,7,1388.37,1.0986122886681098,2.0794415416798357,7.236605685971544,3,1.663449888475,-1.5370737597568553,Normal,0.014366563775771168
15454,362,2,307.69,5.8944028342648505,1.0986122886681098,5.732337537073475,1,-1.2902299775514625,0.29878274167548363,Normal,0.14051063895156274
15455,598,1,38.25,6.395261598115449,0.6931471805599453,3.6699514442284173,1,-2.6588250779635407,-0.19074613145563038,Normal,0.02744467407677964
15456,283,10,2119.27,5.648974238161206,2.3978952727983707,7.6592987180472205,2,0.6185485904410262,1.215826835773703,Normal,0.06366424236449986
15457,262,1,237.07,5.572154032177765,0.6931471805599453,5.472564748074418,1,-1.608285450790956,-0.10513389247065555,Normal,0.1412912727827314
15458,25,2,370.43999999999994,3.258096538021482,1.0986122886681098,5.917387343711666,3,-0.35706497490985845,-1.0999076925628306,Normal,0.09797292691584286
15459,417,2,202.82999999999998,6.035481432524756,1.0986122886681098,5.3172863130956385,1,-1.5164491569707026,0.2523519829033881,Normal,0.12012234861375459
15460,354,1,216.76,5.872117789475416,0.6931471805599453,5.383393538903156,1,-1.7441002247279056,0.033621388908324494,Normal,0.14258577037970865
15461,461,2,429.7,6.135564891081739,1.0986122886681098,6.065411792060065,1,-1.2233057795770785,0.531503106376505,Normal,0.14647257520914375
15462,94,4,737.05,4.553876891600541,1.6094379124341003,6.604011572983006,2,-0.08779036982765447,0.007313530379818612,Normal,0.1405257296529403
15463,29,1,126.14,3.4011973816621555,0.6931471805599453,4.845288841508263,3,-1.1790731943334802,-1.4903225722303883,Normal,0.06214065530315804
15464,338,1,1048.85,5.82600010738045,0.6931471805599453,6.956402575803658,1,-1.0447609217539073,0.47905986942660483,Normal,0.10077148297336486
15465,20,32,12655.65,3.044522437723423,3.4965075614664802,9.445938047727795,0,3.076188245984051,0.7162676071317778,Normal,0.007083185506665868
15466,85,4,1571.01,4.454347296253507,1.6094379124341003,7.360110334292074,2,0.27338219300808736,0.17875259693752288,Normal,0.1411955169459287
15467,9,3,524.88,2.302585092994046,1.3862943611198906,6.265073049828404,3,0.3226683912652362,-1.417550440023245,Normal,0.07430866286401583
15468,51,3,1430.48,3.9512437185814275,1.3862943611198906,7.266464153081855,3,0.22515997886186093,-0.20845094847416237,Normal,0.14062399943228499
15469,50,3,874.25,3.9318256327243257,1.3862943611198906,6.774509559834775,3,0.01738851721696483,-0.3664262421649097,Normal,0.13813575928650318
15470,576,1,63.419999999999995,6.3578422665081,0.6931471805599453,4.165424143903053,1,-2.4311401954891902,-0.063067023159109,Normal,0.05812692518125173
15471,2,3,1316.56,1.0986122886681098,1.3862943611198906,7.18353682017553,3,1.1116919491320096,-1.8066760493909677,Normal,0.009513001882137884
15472,113,1,371.56,4.736198448394496,0.6931471805599453,5.920398098674122,1,-1.1430616041057489,-0.4321571554207488,Normal,0.13073859729351633
15473,14,8,2046.0,2.70805020110221,2.1972245773362196,7.624130585661289,0,1.4013641864742554,-0.4902530322015775,Normal,0.11970839031511538
15474,596,1,163.1,6.391917113392602,0.6931471805599453,5.100475998096045,1,-2.0353153939528466,0.23563211607783255,Normal,0.12926446441739742
15475,77,1,454.10999999999996,4.356708826689592,0.6931471805599453,6.120539147973894,1,-0.9332426276741213,-0.5815573594853568,Normal,0.11185978601061464
15476,380,4,2209.98,5.942799375126701,1.6094379124341003,7.701191135135846,2,-0.0596154524487797,1.101826588358771,Normal,0.12251691780035434
15477,650,1,368.4,6.478509642208569,0.6931471805599453,5.911880067765139,1,-1.7102758906721127,0.5262844080660997,Normal,0.12424312443993668
15478,40,3,2024.98,3.713572066704308,1.3862943611198906,7.613808813091591,3,0.45316037916935276,-0.23556492161863746,Normal,0.1196205216342126
15479,733,1,147.4,6.598509028614515,0.6931471805599453,4.99991133073328,1,-2.145888670912296,0.3194765086841266,Normal,0.09558055569923696
15480,116,5,6279.0,4.762173934797756,1.791759469228055,8.745125259462244,2,0.9155074359619293,0.8298737439993059,Normal,0.08224371470099984
15481,401,1,1993.34,5.996452088619021,0.6931471805599453,7.598068447520948,2,-0.8206976044361429,0.7651552041185188,Normal,0.0646990976287315
15482,16,19,14592.56,2.833213344056216,2.995732273553991,9.588335614494607,0,2.8245446185229084,0.45904254280078793,Normal,0.04828521226741811
15483,161,10,862.2,5.087596335232384,2.3978952727983707,6.760646413943925,2,0.4091047147733352,0.6371838315488195,Normal,0.040345492176895204
15484,1,6,4656.0,0.6931471805599453,1.9459101490553132,8.446126742982377,0,2.2190108352363396,-1.447523564955596,Anomaly,-0.026589992086780367
15485,30,7,5771.51,3.4339872044851463,2.0794415416798357,8.660862273578818,0,1.527830614893852,0.17737528044759668,Normal,0.10009442998683715
15486,527,1,102.0,6.269096283706261,0.6931471805599453,4.634728988229636,1,-2.1982407173197758,0.028469027672966142,Normal,0.11742106123792373
15487,680,1,231.32,6.523562306149512,0.6931471805599453,5.448115731636431,1,-1.9266331294831724,0.41230734729619645,Normal,0.11255043998151859
15488,93,5,431.92,4.543294782270004,1.791759469228055,6.070552953426946,2,-0.17742048841143268,-0.0914761629455392,Normal,0.09078992548719456
15489,23,8,2419.61,3.1780538303479458,2.1972245773362196,7.791774853503108,0,1.3222957915586484,-0.1808334506530342,Normal,0.13221386534523716
15490,430,1,217.6,6.066108090103747,0.6931471805599453,5.387243575742438,1,-1.8051664857557623,0.14177142544318308,Normal,0.1587000295448135
15491,95,6,3100.09,4.564348191467836,1.9459101490553132,8.039508941575132,2,0.7900439816794663,0.565961322051408,Normal,0.11798586320210491
15492,28,2,659.4599999999999,3.367295829986474,1.0986122886681098,6.492936561946857,3,-0.14195863784055449,-0.8673887782566044,Normal,0.11102634975473191
15493,33,9,4314.9800000000005,3.5263605246161616,2.302585092994046,8.370079692446993,0,1.541626740108745,0.22295839869123937,Normal,0.12164663023875905
15494,21,5,3780.05,3.091042453358316,1.791759469228055,8.237757027818308,0,1.2352358308424998,-0.24373674319268973,Normal,0.09970306806828555
15495,379,1,246.5,5.940171252720432,0.6931471805599453,5.511410582008745,1,-1.710409636933566,0.10947853600212505,Normal,0.15891734020415255
15496,631,1,146.14000000000001,6.448889394146858,0.6931471805599453,4.9913845145041185,1,-2.1012079082175608,0.23439963508486691,Normal,0.1160576779374703
15497,18,9,8657.39,2.9444389791664403,2.302585092994046,9.066284072032474,0,2.032756882545053,0.11039954820416727,Normal,0.09887070222294231
15498,3,44,26039.58,1.3862943611198906,3.8066624897703196,10.167411369499955,0,4.162975100205206,0.13115154899896547,Anomaly,-0.05546996995554865
15499,724,1,161.6,6.586171654854675,0.6931471805599453,5.0912931971137105,1,-2.1021377665429766,0.3400265594372875,Normal,0.10120772061479588
15500,8,4,1131.56,2.1972245773362196,1.6094379124341003,7.032235836086242,3,0.8607337295490353,-1.1643370995549138,Normal,0.09873573935778218
15501,405,2,402.5,6.0063531596017325,1.0986122886681098,6.000176487710004,1,-1.209899586347824,0.4407069380756854,Normal,0.15673915159248208
15502,16,14,13993.47,2.833213344056216,2.70805020110221,9.546417530564346,0,2.586889056092871,0.3411927222899496,Normal,0.06013319451865029
15503,363,2,267.15,5.8971538676367405,1.0986122886681098,5.591546525428934,1,-1.352378566527879,0.25815476753461597,Normal,0.12550234987859915
15504,81,4,423.85,4.406719247264253,1.6094379124341003,6.05173616544955,3,-0.2804934588403866,-0.23917480113903442,Normal,0.11065309020359676
15505,53,5,3610.96,3.9889840465642745,1.791759469228055,8.192005840278435,2,0.924911970406906,0.23783760860903952,Normal,0.1132395254860536
15506,23,6,2040.03,3.1780538303479458,1.9459101490553132,7.621209861378939,3,1.0564031673480914,-0.3238814710319381,Normal,0.1379278528250215
15507,172,1,492.36,5.153291594497779,0.6931471805599453,6.201239130683238,1,-1.1557649471304905,-0.11803585998110636,Normal,0.11695148126262622
15508,189,6,1000.27,5.247024072160486,1.9459101490553132,6.909024473214282,2,0.07736998904416377,0.6040920122722022,Normal,0.10559520856202159
15509,380,1,166.51,5.942799375126701,0.6931471805599453,5.1210430509755955,1,-1.8811103960871907,-0.005927161465463808,Normal,0.1507255441484116
15510,331,1,250.0,5.805134968916488,0.6931471805599453,5.5254529391317835,1,-1.6606255492873327,0.03920128373700994,Normal,0.14889411379725875
15511,12,5,909.23,2.5649493574615367,1.791759469228055,6.813697314828437,3,0.7857726991944466,-0.9601970360083216,Normal,0.11208655743570545
15512,156,4,331.58,5.056245805348308,1.6094379124341003,5.806880432659768,1,-0.5971048647004652,0.045782126707870435,Normal,0.09198485662587264
15513,33,35,27750.55,3.5263605246161616,3.58351893845611,10.231046973470557,0,3.328318162567531,1.2488999121129902,Anomaly,-0.06882093258954614
15514,12,18,6598.55,2.5649493574615367,2.9444389791664403,8.794756743871849,0,2.526896447766691,0.05474807010390093,Normal,0.09067559879835918
15515,387,1,171.81,5.961005339623274,0.6931471805599453,5.1521927250659,1,-1.8734453007940053,0.013439098793851018,Normal,0.15533191662995016
15516,45,3,62.43,3.828641396489095,1.3862943611198906,4.149936935645806,1,-1.0912030075961359,-1.2089960675413098,Normal,0.0014302730058913804
15517,233,1,267.03,5.455321115357702,0.6931471805599453,5.591098914544516,1,-1.5189239181883236,-0.134091584268553,Normal,0.13934933181053466
15518,64,15,4218.94,4.174387269895637,2.772588722239781,8.347576188919502,0,1.6807214456981157,0.7456864057894341,Normal,0.08560128349054341
15519,383,2,344.61,5.950642552587727,1.0986122886681098,5.845310971696471,1,-1.259264067289886,0.36362062844973125,Normal,0.14896671372181441
15520,2,1,343.5,1.0986122886681098,0.6931471805599453,5.842094090453713,3,-0.0006435454322787743,-2.4619489218738266,Anomaly,-0.04031567554985205
15521,40,16,7106.69,3.713572066704308,2.833213344056216,8.868932575492861,0,2.10284426341481,0.6697756878587187,Normal,0.0925749172096802
15522,33,2,398.84,3.5263605246161616,1.0986122886681098,5.991064467086642,3,-0.4117711524638494,-0.9298886516853719,Normal,0.11224408399629027
15523,84,16,17359.99,4.442651256490317,2.833213344056216,9.761981014238096,0,2.2556109807132994,1.3392387309909568,Anomaly,-0.0007702459851544052
15524,25,2,591.4,3.258096538021482,1.0986122886681098,6.384182082393644,3,-0.15396037869959422,-0.9601741850934685,Normal,0.10439947143919726
15525,2,4,1295.7,1.0986122886681098,1.6094379124341003,7.167577854554839,3,1.2749410247847086,-1.729774911087667,Normal,0.012378104607966955
15526,33,2,148.44,3.5263605246161616,1.0986122886681098,5.006894974480533,3,-0.8399879484856373,-1.2244966319177408,Normal,0.05842293547168953
15527,19,23,5575.64,2.995732273553991,3.1780538303479458,8.626341723472278,0,2.4924714705530246,0.32744802295851516,Normal,0.05703640216833561
15528,254,1,229.33,5.541263545158426,0.6931471805599453,5.4395130632148145,1,-1.6126756205914405,-0.13206580515071864,Normal,0.1376918935672824
15529,23,12,5111.95,3.1780538303479458,2.5649493574615367,8.539531816037465,0,1.9281142280544736,0.17760542547004207,Normal,0.11450756449259736
15530,22,5,1813.72,3.1354942159291497,1.791759469228055,7.503686464825663,3,0.9014614225280407,-0.4389605397215602,Normal,0.13722945273059017
15531,8,2,2007.44,2.1972245773362196,1.0986122886681098,7.605113580313547,3,0.7203858396095896,-1.179828164736802,Normal,0.03878651982217285
15532,25,10,3771.9,3.258096538021482,2.3978952727983707,8.235599215504934,0,1.6425707250993182,0.06962495357388855,Normal,0.11719683449628626
15533,19,3,807.57,2.995732273553991,1.3862943611198906,6.695267255355902,3,0.2856663767027691,-0.9064600320332978,Normal,0.129171678760705
15534,726,1,162.25,6.588926477533519,0.6931471805599453,5.09528276815654,1,-2.1012928655233636,0.342740278278747,Normal,0.100563295267874
15535,173,6,1087.82,5.159055299214529,1.9459101490553132,6.992849820014987,2,0.14229414704335258,0.5806646910724845,Normal,0.11000446198002695
15536,409,1,259.09,6.016157159698354,0.6931471805599453,5.561027724964261,1,-1.713396771510652,0.16624215339985207,Normal,0.167047622155922
15537,163,1,110.92,5.099866427824199,0.6931471805599453,4.717784330357226,1,-1.7839440726287548,-0.591570549109644,Normal,0.0928374831329713
15538,538,6,3358.3999999999996,6.289715570908998,1.9459101490553132,8.119517665582903,2,0.2668281678352114,1.5415575335100404,Normal,0.05857057728794912
15539,7,1,538.46,2.0794415416798357,0.6931471805599453,6.290568639224737,3,-0.12273544446695207,-1.7867120569423793,Normal,0.024161761381208957
15540,11,2,460.68,2.4849066497880004,1.0986122886681098,6.134872010402711,3,-0.012366961919009229,-1.4612659670724168,Normal,0.07438998507172256
15541,114,1,85.13000000000001,4.74493212836325,0.6931471805599453,4.455857782801083,1,-1.7831147106053704,-0.8657454407032947,Normal,0.0633417072329856
15542,512,3,918.45,6.240275845170769,1.3862943611198906,6.823775665186862,2,-0.7077874729844382,0.9215731842648087,Normal,0.12678959691827163
15543,288,2,242.84,5.666426688112432,1.0986122886681098,5.496512272498282,1,-1.3191053414645209,0.10244638815207943,Normal,0.11835015659613357
15544,9,20,8162.43,2.302585092994046,3.044522437723423,9.00741970277598,0,2.7806166683416764,0.010332145393268724,Normal,0.07701847240337778
15545,54,2,428.05,4.007333185232471,1.0986122886681098,6.06157346225313,3,-0.5366512290457218,-0.64349610929914,Normal,0.11679232205536622
15546,607,2,1079.1000000000001,6.410174881966167,1.0986122886681098,6.984808908424428,2,-0.9120876527819719,0.9581859242540821,Normal,0.09516889822845293
15547,7,26,10154.39,2.0794415416798357,3.295836866004329,9.225759878003778,0,3.139466838410812,0.044604168664494126,Normal,0.04368250081707603
15548,596,1,158.09,6.391917113392602,0.6931471805599453,5.069470079817148,1,-2.048806215485979,0.2263505939131827,Normal,0.12886120671890927
15549,77,8,2345.96,4.356708826689592,2.1972245773362196,7.76087615267213,2,0.9276444161635103,0.46001759199983633,Normal,0.12600029255059447
15550,4,12,2218.8,1.6094379124341003,2.5649493574615367,7.70517238071788,0,2.0724110472160366,-0.9373452130915695,Normal,0.06289757957960562
15551,37,7,1710.08,3.6375861597263857,2.0794415416798357,7.444880029082028,2,0.9329018801332328,-0.07432780108250762,Normal,0.13786174207337376
15552,217,2,252.52,5.384495062789089,1.0986122886681098,5.535442715382666,1,-1.2109826154896641,-0.0414024794705696,Normal,0.11456956544682834
15553,60,1,437.23,4.110873864173311,0.6931471805599453,6.082743886707506,3,-0.8701782030606436,-0.7284642986134262,Normal,0.1137440139823867
15554,278,1,217.2,5.631211781821365,0.6931471805599453,5.38541207339897,1,-1.6653067796806091,-0.0986487974880681,Normal,0.14002958838685492
15555,12,36,12112.35,2.5649493574615367,3.6109179126442243,9.402063429175437,0,3.2994658522607665,0.48049815468716495,Normal,0.010005955062705962
15556,24,1,279.77,3.2188758248682006,0.6931471805599453,5.637535828837275,3,-0.7753953273931169,-1.3537274911962631,Normal,0.07496311914291487
15557,29,1,473.65000000000003,3.4011973816621555,0.6931471805599453,6.162577690327808,3,-0.6059145925737152,-1.095996381417776,Normal,0.09066247807948469
15558,639,1,214.13,6.461468176353717,0.6931471805599453,5.371242496562593,1,-1.9399982057930014,0.3550468727004797,Normal,0.11873002310544967
15559,568,1,1109.4,6.343880434126331,0.6931471805599453,7.01247558975254,1,-1.1878590461959002,0.7814878870700023,Normal,0.09148070677403453
15560,398,2,153.52,5.988961416889864,1.0986122886681098,5.040323537798081,1,-1.6219112048581186,0.1437854248510817,Normal,0.10116685056055941
15561,12,8,1934.3899999999999,2.5649493574615367,2.1972245773362196,7.568064135542929,0,1.4232518859951515,-0.5859652300162292,Normal,0.1158174591348014
15562,352,3,673.3800000000001,5.8664680569332965,1.3862943611198906,6.513793750257388,2,-0.7217630588302506,0.622603186811242,Normal,0.1417523678495024
15563,22,7,2867.0,3.1354942159291497,2.0794415416798357,7.961370201719511,0,1.3200185848812014,-0.1966526048413738,Normal,0.12874598791697678
15564,463,2,70.74000000000001,6.139884552226255,1.0986122886681098,4.273048472104136,1,-2.004568617273158,-0.002652545382009528,Normal,0.05066704184176518
15565,50,2,173.16,3.9318256327243257,1.0986122886681098,5.159974416926292,3,-0.9045201575317883,-0.9550339340640348,Normal,0.07099356853730976
15566,393,2,227.87,5.976350909297934,1.0986122886681098,5.4331541567702475,1,-1.4469101855422168,0.2544225425462649,Normal,0.11862375783168677
15567,19,1,186.01,2.995732273553991,0.6931471805599453,5.231162091360629,3,-0.8800401225425546,-1.5984515106944448,Normal,0.053044823116071615
15568,3,3,758.29,1.3862943611198906,1.3862943611198906,6.6323837861074395,3,0.778838911857182,-1.8129876471108033,Normal,0.029713820178423722
15569,104,10,3586.35,4.653960350157523,2.3978952727983707,8.185169047347047,2,1.1691702234427874,0.8244332886657133,Normal,0.09858432672234074
15570,7,25,9311.04,2.0794415416798357,3.258096538021482,9.139063465494639,0,3.0729600499419383,0.004837585688064553,Normal,0.04784550617860717
15571,12,14,4051.63,2.5649493574615367,2.70805020110221,8.307121332058914,0,2.13442886699541,-0.17775064922812886,Normal,0.1074071880529413
15572,5,10,4068.67,1.791759469228055,2.3978952727983707,8.31131719406831,0,2.149766928172582,-0.7164838769154093,Normal,0.07608757265306376
15573,32,5,1207.18,3.4965075614664802,1.791759469228055,7.096870374016893,3,0.6076928598710654,-0.36161864499232255,Normal,0.13719226855269395
15574,178,6,1518.7,5.187385805840755,1.9459101490553132,7.326268225939559,2,0.27820325949235786,0.6960984319903588,Normal,0.11703846818037256
15575,620,1,30.1,6.431331081933479,0.6931471805599453,3.4372078191851885,1,-2.771758723443636,-0.24052265792703023,Anomaly,-0.0028146312051827715
15576,38,1,940.6700000000001,3.6635616461296463,0.6931471805599453,6.8476548947291755,3,-0.3926895850683533,-0.7462107461020892,Normal,0.07073467561502589
15577,151,5,397.98,5.0238805208462765,1.791759469228055,5.988911290320265,2,-0.3683768947614393,0.149157156791888,Normal,0.08592763533955566
15578,162,1,127.1,5.093750200806762,0.6931471805599453,4.852811208902689,1,-1.7232150954078174,-0.5545241602661309,Normal,0.10161548469569431
15579,69,5,1302.5,4.248495242049359,1.791759469228055,7.172808233373557,2,0.3975217110881566,0.07588040435011945,Normal,0.1393966163685717
15580,377,8,1381.19,5.934894195619588,2.1972245773362196,7.231424476788119,2,0.1868519336011042,1.1719938884972736,Normal,0.05740153394057457
15581,121,38,7794.59,4.804021044733257,3.6635616461296463,8.961313468172147,0,2.423672032589473,1.6028157965448588,Anomaly,-0.03405296919792733
15582,25,3,682.9100000000001,3.258096538021482,1.3862943611198906,6.527826330017913,3,0.12795671816724594,-0.8118729638352657,Normal,0.11950910954524724
15583,376,1,107.86,5.932245187448011,0.6931471805599453,4.690062653006054,1,-2.065218508915796,-0.14076104230624525,Normal,0.12723261200750108
15584,24,6,1277.5,3.2188758248682006,1.9459101490553132,7.153442794731241,3,0.8396726283917882,-0.4413902098222583,Normal,0.12487656679001624
15585,177,1,455.3,5.181783550292085,0.6931471805599453,6.123150487933357,1,-1.198956712553065,-0.12569638478960865,Normal,0.12259687009045583
15586,593,3,1139.1,6.386879319362645,1.3862943611198906,7.038871256839674,2,-0.6616136820809094,1.0668221608292334,Normal,0.09997370631776531
15587,50,7,1522.0800000000002,3.9318256327243257,2.0794415416798357,7.3284898794210696,2,0.7870953967010389,0.05312228415414376,Normal,0.13316716157857178
15588,678,1,579.6,6.520621127558696,0.6931471805599453,6.36406205159053,1,-1.5271493057445504,0.6848706994103584,Normal,0.09116974857088617
15589,256,3,478.53000000000003,5.54907608489522,1.3862943611198906,6.172806457538428,1,-0.7674755504969389,0.34546860931604684,Normal,0.13311466838049246
15590,382,5,1496.6,5.948034989180646,1.791759469228055,7.311619105723327,2,-0.09175569260452132,1.0548333280871625,Normal,0.11134056818918397
15591,583,3,217.9,6.369900982828227,1.3862943611198906,5.388615004528817,1,-1.374156745474418,0.5634586528043343,Normal,0.048521277946789065
15592,47,1,388.58,3.871201010907891,0.6931471805599453,5.965069235748451,3,-0.8438626622085332,-0.8958840958554016,Normal,0.10826351548482332
15593,71,1,199.8,4.276666119016055,0.6931471805599453,5.302309387817574,1,-1.2633704009966875,-0.8706402722279314,Normal,0.10307109016716376
15594,16,5,1771.78,2.833213344056216,1.791759469228055,7.48030421490088,3,0.9890530688265121,-0.6126863686937265,Normal,0.12835916888134263
15595,488,1,357.6,6.192362489474872,0.6931471805599453,5.8822075611710325,1,-1.6306392226346171,0.35957434587249,Normal,0.15349804636822795
15596,101,9,3130.04,4.624972813284271,2.302585092994046,8.049120496715895,2,1.046656534082696,0.7328323037012112,Normal,0.1090407137005327
15597,35,2,563.37,3.58351893845611,1.0986122886681098,6.335710064774309,3,-0.2803007191517981,-0.7951937292564872,Normal,0.11831302799107701
15598,53,2,548.02,3.9889840465642745,1.0986122886681098,6.308134870718474,3,-0.4234366140573266,-0.5798094172694405,Normal,0.12565229823771495
15599,27,3,1250.06,3.332204510175204,1.3862943611198906,7.131746470947484,3,0.36675680906401525,-0.5902163184433007,Normal,0.1324560244559403
15600,428,4,1199.31,6.061456918928017,1.6094379124341003,7.090335135747115,2,-0.36377867165326455,0.9844157125332996,Normal,0.13199930491672607
15601,11,30,14960.12,2.4849066497880004,3.4339872044851463,9.613210115036287,0,3.282278543837857,0.43479290434302226,Normal,0.01533210580243538
15602,8,16,3230.51,2.1972245773362196,2.833213344056216,8.080704799236303,0,2.250308237289179,-0.4025363447133127,Normal,0.07599265635612729
15603,79,2,88.48,4.382026634673881,1.0986122886681098,4.494015136621929,1,-1.339888717969799,-0.906073262960658,Normal,0.04515506597046981
15604,52,1,216.39,3.970291913552122,0.6931471805599453,5.381692975469088,1,-1.1297409643521459,-1.0158612017651854,Normal,0.09507513608153573
15605,36,9,1936.8,3.6109179126442243,2.302585092994046,7.5693085879509034,0,1.1658594248969372,0.029888719541787474,Normal,0.11909257061246037
15606,61,17,5230.99,4.127134385045092,2.8903717578961645,8.562546981820223,0,1.8793728591568442,0.8270871026618843,Normal,0.07337337809769573
15607,337,9,1708.97,5.823045895483019,2.302585092994046,7.444231105483161,2,0.39597879127159546,1.2125713391141466,Normal,0.05741262868389563
15608,28,5,1785.98,3.367295829986474,1.791759469228055,7.488282323154996,3,0.8197884305601358,-0.3157189229617296,Normal,0.13909099102162675
15609,184,1,298.48,5.220355825078324,0.6931471805599453,5.702047637362485,1,-1.3946558136605411,-0.23047719852132206,Normal,0.13471711238602396
15610,52,1,112.46000000000001,3.970291913552122,0.6931471805599453,4.731450351898421,1,-1.4126646019919415,-1.2105092450446784,Normal,0.07227167670507584
15611,10,26,2997.28,2.3978952727983707,3.295836866004329,8.00579406989851,0,2.505657860986484,-0.1449419315675946,Normal,0.0383096561087759
15612,36,2,195.15,3.6109179126442243,1.0986122886681098,5.278879672655561,3,-0.7489941456331398,-1.0964403031164665,Normal,0.0634173880099026
15613,610,1,433.71999999999997,6.415096959171596,0.6931471805599453,6.074702145678038,1,-1.6189219499623138,0.5400486935046339,Normal,0.13235117510305566
15614,438,4,3147.36,6.0844994130751715,1.6094379124341003,8.054636961321624,2,0.04834107597810068,1.2857857181628671,Normal,0.08645622270829412
15615,10,47,21373.97,2.3978952727983707,3.871201010907891,9.969975890295204,0,3.799116263111126,0.6536331480794787,Anomaly,-0.03535473501247399
15616,438,1,317.11,6.0844994130751715,0.6931471805599453,5.762397234916117,1,-1.6478835809547518,0.26421641157466197,Normal,0.16709736268552056
15617,396,3,828.5500000000001,5.983936280687191,1.3862943611198906,6.720883385089365,2,-0.6696496115793112,0.7493857295852836,Normal,0.15433875129034647
15618,33,4,776.851,3.5263605246161616,1.6094379124341003,6.656534989127213,3,0.2673879188059227,-0.5437020058232075,Normal,0.13402175515522413
15619,11,1,336.40000000000003,2.4849066497880004,0.6931471805599453,5.821269170111868,3,-0.4580676584120857,-1.7035564895687805,Normal,0.050525273183155694
15620,57,4,1942.36,4.060443010546419,1.6094379124341003,7.57217371270921,2,0.49305070258515965,0.02497073318111206,Normal,0.1405233766465847
15621,4,4,1293.03,1.6094379124341003,1.6094379124341003,7.165516658717914,3,1.1088301025808929,-1.448640283711838,Normal,0.05855518163609763
15622,43,17,7852.61,3.784189633918261,2.8903717578961645,8.968728577678917,0,2.167021503993769,0.759521211136811,Normal,0.08100038492400152
15623,141,8,2437.05,4.955827057601261,2.1972245773362196,7.798953818444536,2,0.7504420124469047,0.8018664430739197,Normal,0.11304616440318865
15624,117,4,588.13,4.770684624465665,1.6094379124341003,6.3786468723710446,2,-0.25596878787838667,0.05943408296445572,Normal,0.12539145458280482
15625,104,9,3236.4,4.653960350157523,2.302585092994046,8.08252581749986,2,1.0518160353459696,0.758820482524343,Normal,0.10867901409741021
15626,75,3,1067.52,4.330733340286331,1.3862943611198906,6.9740297924127574,2,-0.024816253393820785,-0.0866784510756829,Normal,0.15019497232841628
15627,457,2,566.9,6.126869184114185,1.0986122886681098,6.341945346883387,1,-1.1001723090856916,0.609486323499424,Normal,0.14943405958250033
15628,5,17,5652.26,1.791759469228055,2.8903717578961645,8.639987648895538,0,2.6683877031412906,-0.4378336820476619,Normal,0.05111438223859022
15629,450,4,2240.9,6.111467339502679,1.6094379124341003,7.715078999604354,2,-0.10812431534104162,1.1990145959557639,Normal,0.11356059188950846
15630,45,3,1481.4,3.828641396489095,1.3862943611198906,7.30141767497115,3,0.28002115151157503,-0.2656104186981555,Normal,0.1326489413854321
15631,642,1,596.67,6.466144724237619,0.6931471805599453,6.393038762166311,1,-1.4969223383954924,0.6634977094978397,Normal,0.10225895050252681
15632,16,8,3285.31,2.833213344056216,2.1972245773362196,8.097520633770152,0,1.5668574678061262,-0.2795100954927212,Normal,0.11825614945763074
15633,509,13,4352.46,6.234410725718371,2.6390573296152584,8.378726210216813,2,0.9261654583514153,1.8423630629468406,Normal,0.009362068754727448
15634,17,2,554.65,2.8903717578961645,1.0986122886681098,6.3201385996316555,3,-0.06289439132900174,-1.1821681500908798,Normal,0.09967118003585967
15635,396,1,100.35,5.983936280687191,0.6931471805599453,4.618579872898009,1,-2.1130392273447893,-0.13364837716201092,Normal,0.12534751291073098
15636,90,4,1444.58,4.51085950651685,1.6094379124341003,7.276265904096536,2,0.21862358953453345,0.1848239833088101,Normal,0.14126301779263273
15637,53,5,797.59,3.9889840465642745,1.791759469228055,6.682847672637373,3,0.2682701215256857,-0.21392404724413652,Normal,0.13050851282269105
15638,379,6,2265.2,5.940171252720432,1.9459101490553132,7.725859698946466,2,0.20859730908972435,1.230922169251782,Normal,0.10402157515044597
15639,134,3,1065.08,4.90527477843843,1.3862943611198906,6.971743648814227,2,-0.21163237721506742,0.22953201565159612,Normal,0.14540960521231816
15640,4,29,23957.58,1.6094379124341003,3.4011973816621555,10.084081785030715,0,3.7452970472924005,0.08086993177695401,Anomaly,-0.02224766735094519
15641,105,12,5345.55,4.663439094112067,2.5649493574615367,8.584206772065448,0,1.4671408856552373,1.010259741668771,Normal,0.08266151888875634
15642,730,1,105.78000000000002,6.594413459749778,0.6931471805599453,4.67077064307204,1,-2.2877747273298503,0.21869034252661962,Normal,0.07307950266060403
15643,192,3,664.0,5.262690188904886,1.3862943611198906,6.499787040655854,2,-0.5325802224073078,0.2853898237867254,Normal,0.1412040669004278
15644,166,4,813.0,5.117993812416755,1.6094379124341003,6.70196036600254,2,-0.22762224333736206,0.34777924358953544,Normal,0.1451778543546079
15645,19,3,1055.17,2.995732273553991,1.3862943611198906,6.962404436158021,3,0.4018990261811242,-0.8264933739806493,Normal,0.12887717530622178
15646,158,5,974.61,5.0689042022202315,1.791759469228055,6.883062916391735,2,0.006110890869531518,0.44165189722453896,Normal,0.12533232173714098
15647,415,1,169.0,6.030685260261263,0.6931471805599453,5.135798437050262,1,-1.9031148034191034,0.04696426814899045,Normal,0.15758599659509998
15648,204,2,657.35,5.3230099791384085,1.0986122886681098,6.489736704802353,1,-0.7758789417065284,0.21034957270719093,Normal,0.13734532759375762
15649,336,4,2170.35,5.820082930352362,1.6094379124341003,7.6831043729138635,2,-0.02779544781160719,1.0287267335944668,Normal,0.12495648500482559
15650,522,2,553.88,6.259581464064923,1.0986122886681098,6.318751874152122,1,-1.1531864480171878,0.6757423881035167,Normal,0.13765480669066804
15651,37,5,1259.06,3.6375861597263857,1.791759469228055,7.138914617859392,3,0.5803580780851942,-0.2712193419106162,Normal,0.13684563218335394
15652,91,5,1420.34,4.5217885770490405,1.791759469228055,7.25935536759809,2,0.34678871601212957,0.25252603557769904,Normal,0.13562785323189702
15653,93,2,877.4399999999999,4.543294782270004,1.0986122886681098,6.7781476070590925,2,-0.39821013663452165,-0.13337626837379998,Normal,0.13529556891917877
15654,9,2,922.53,2.302585092994046,1.0986122886681098,6.828203284222655,3,0.3482722107382194,-1.3542809875391857,Normal,0.07667312950860228
15655,243,1,560.67,5.497168225293202,0.6931471805599453,6.330914488818843,1,-1.2105610933298314,0.11045108035564608,Normal,0.12151342586163266
15656,45,4,748.5,3.828641396489095,1.6094379124341003,6.619406317542652,3,0.15346768466996208,-0.3880899270757721,Normal,0.13271229823447023
15657,23,1,30.0,3.1780538303479458,0.6931471805599453,3.4339872044851463,1,-1.7209668664392404,-2.035868534482117,Anomaly,-0.02399030479335007
15658,190,8,2423.4700000000003,5.25227342804663,2.1972245773362196,7.793368222783556,2,0.6521333468242468,0.9637027552728676,Normal,0.0962708069992872
15659,44,3,532.49,3.8066624897703196,1.3862943611198906,6.279440326423679,3,-0.15753748006498292,-0.5836587734435607,Normal,0.12454471432054182
15660,25,15,2812.99,3.258096538021482,2.772588722239781,7.94235868400775,0,1.8007612786753973,0.11899534810038101,Normal,0.09523151122044576
15661,317,8,1215.95,5.762051382780177,2.1972245773362196,7.104103007509184,2,0.18735555200200243,1.0385472104123137,Normal,0.050303419207065714
15662,661,2,283.73,6.495265555937008,1.0986122886681098,5.6515413628105104,1,-1.5197191636753336,0.6060092836753286,Normal,0.08564481602170493
15663,106,1,138.14,4.672828834461906,0.6931471805599453,4.935480620495495,1,-1.5511084964914401,-0.7619412687082491,Normal,0.10392722717314623
15664,51,4,1254.03,3.9512437185814275,1.6094379124341003,7.134914755662649,3,0.33811511152262325,-0.16615143509643446,Normal,0.14254884048014804
15665,168,5,4015.12,5.1298987149230735,1.791759469228055,8.29807154140324,2,0.6020606417937998,0.8988724016157016,Normal,0.09099469044562952
15666,472,2,632.9399999999999,6.159095388491933,1.0986122886681098,6.451954312734866,1,-1.0627296679287788,0.6601918813412266,Normal,0.1388732718646703
15667,40,1,301.32,3.713572066704308,0.6931471805599453,5.711486059041233,3,-0.9032166639036092,-1.0587354299879272,Normal,0.10489408081261359
15668,218,1,76.32000000000001,5.389071729816501,0.6931471805599453,4.34795265434013,1,-2.0383959817830046,-0.5427640255564371,Normal,0.07383673851637307
15669,40,4,684.34,3.713572066704308,1.6094379124341003,6.529915065486092,3,0.1517459856356647,-0.47834663419025175,Normal,0.13006367144126751
15670,297,2,325.2,5.697093486505405,1.0986122886681098,5.787510690186913,1,-1.2024089828905917,0.20647044978133292,Normal,0.14217737418609655
15671,19,7,2657.13,2.995732273553991,2.0794415416798357,7.885378147031288,0,1.3321566735534696,-0.29648785977195474,Normal,0.1288089416119615
15672,725,1,45.300000000000004,6.587550014824796,0.6931471805599453,3.8351419610921886,1,-2.649140901031239,-0.03523803312138871,Normal,0.010289014889964476
15673,88,9,6414.79,4.48863636973214,2.302585092994046,8.766517418337374,0,1.4028940207505813,0.872384866053163,Normal,0.09986395733643982
15674,73,13,6948.2300000000005,4.30406509320417,2.6390573296152584,8.846386141054115,0,1.7539697068319036,0.9176516367264526,Normal,0.07780556797348759
15675,81,4,542.04,4.406719247264253,1.6094379124341003,6.297182982045862,2,-0.17369838930586934,-0.1657010840251016,Normal,0.1252204968137952
15676,19,3,3435.76,2.995732273553991,1.3862943611198906,8.142284446073054,3,0.915270392934293,-0.47330007826371445,Normal,0.07650394863493581
15677,49,3,1305.63,3.912023005428146,1.3862943611198906,7.175206582498185,3,0.19813836160732182,-0.2574012365795574,Normal,0.13802032393866948
15678,53,3,1893.89,3.9889840465642745,1.3862943611198906,7.5469160683383025,2,0.3349797438162355,-0.10368246341137934,Normal,0.12940559613506136
15679,24,4,781.28,3.2188758248682006,1.6094379124341003,6.6622127327244485,3,0.3693067567582861,-0.7115990489767577,Normal,0.12517832422800745
15680,9,10,4507.58,2.302585092994046,2.3978952727983707,8.413737527043374,0,2.029116412786349,-0.4040730390838176,Normal,0.10014010155925712
15681,25,14,2989.7,3.258096538021482,2.70805020110221,8.003262752696768,0,1.778037017635331,0.11360341256841351,Normal,0.10787259423025447
15682,599,2,318.24,6.396929655216146,1.0986122886681098,5.765943171007808,1,-1.4381380482940553,0.5860168217367198,Normal,0.1184566523849318
15683,117,2,524.54,4.770684624465665,1.0986122886681098,6.2644263054030525,1,-0.6952763992708004,-0.16173765734818843,Normal,0.13697758150386263
15684,547,3,173.95,6.306275286948016,1.3862943611198906,5.164500218813697,1,-1.4510919684362857,0.4612771398350868,Normal,0.04987636339176027
15685,450,1,55.980000000000004,6.111467339502679,0.6931471805599453,4.0427003290697625,1,-2.4048539474432307,-0.2356948758424148,Normal,0.062083827699511374
15686,420,1,90.0,6.042632833682381,0.6931471805599453,4.51085950651685,1,-2.1788928358249784,-0.13351937679610365,Normal,0.11549239275600814
15687,9,9,2993.1,2.302585092994046,2.302585092994046,8.004398964555403,0,1.778317636450465,-0.5614941091216165,Normal,0.10868894894869019
15688,419,1,190.57,6.040254711277414,0.6931471805599453,5.25525327707701,1,-1.854234443628913,0.08800083002197666,Normal,0.16112565541874968
15689,120,3,521.03,4.795790545596741,1.3862943611198906,6.2577250574955965,2,-0.4868952355475088,-0.04459442361177174,Normal,0.13603733610322738
15690,4,2,239.76,1.6094379124341003,1.0986122886681098,5.48380058667957,3,-0.012502208827723906,-2.139036774681244,Normal,0.011500955709481953
15691,252,4,571.3,5.53338948872752,1.6094379124341003,6.349663329415057,2,-0.5152579461270672,0.47143643077932507,Normal,0.12300367660990558
15692,28,1,191.04,3.367295829986474,0.6931471805599453,5.25770368366274,3,-0.9886649181806307,-1.3855662958839472,Normal,0.0722775776750354
15693,659,1,37.5,6.492239835020471,0.6931471805599453,3.6506582412937387,1,-2.6985848866063713,-0.14303204846079345,Normal,0.013110932679825549
15694,1,24,10810.81,0.6931471805599453,3.2188758248682006,9.288394334174967,0,3.5563838399357164,-0.7294431664204449,Anomaly,-0.030542174876035943
15695,267,4,1131.04,5.5909869805108565,1.6094379124341003,7.031776593827884,2,-0.23709574567870045,0.7073933949866663,Normal,0.13601104417348842
15696,33,13,3906.57,3.5263605246161616,2.6390573296152584,8.270670976402608,0,1.7550028888912004,0.3163614145034641,Normal,0.11118299280276728
15697,690,1,246.75,6.53813982376767,0.6931471805599453,5.5124201732100975,1,-1.9033687055905582,0.4395970699966331,Normal,0.11573788134869956
15698,624,1,46.2,6.437751649736401,0.6931471805599453,3.8543938925915096,1,-2.592315667897833,-0.11209800859860666,Normal,0.02881736481788799
15699,18,1,309.65,2.9444389791664403,0.6931471805599453,5.738666876509702,3,-0.642632828032813,-1.4748229770131391,Normal,0.0631236188906813
15700,172,2,696.68,5.153291594497779,1.0986122886681098,6.54776054491873,1,-0.6957412235876155,0.13410873201733253,Normal,0.13715618145576952
15701,2,4,1542.14,1.0986122886681098,1.6094379124341003,7.34157458058683,3,1.3506478223429217,-1.6776895493604005,Normal,0.014565863742517782
15702,476,2,140.39000000000001,6.1675164908883415,1.0986122886681098,4.951522029603749,1,-1.7182984433666237,0.21568704511850875,Normal,0.08384836659526201
15703,265,1,211.5,5.583496308781699,0.6931471805599453,5.358941988364472,1,-1.6613916330276806,-0.1328905403599812,Normal,0.1351545974487114
15704,140,6,3817.96,4.948759890378168,1.9459101490553132,8.247733413224605,2,0.7563148469734711,0.8403192619580044,Normal,0.09504016804239473
15705,201,1,143.1,5.308267697401205,0.6931471805599453,4.970507503005476,1,-1.7413853327882947,-0.4009726051809512,Normal,0.11388800588232922
15706,64,4,1060.56,4.174387269895637,1.6094379124341003,6.967494803332995,2,0.19309956130235095,-0.09319071581626619,Normal,0.15202740665012943
15707,35,4,945.58,3.58351893845611,1.6094379124341003,6.852855489000475,3,0.3343214012849293,-0.4534077255735044,Normal,0.13838359018537916
15708,41,9,4378.72,3.7376696182833684,2.302585092994046,8.384740074386439,0,1.4796627702006422,0.34389685317097596,Normal,0.11986815015667707
15709,284,2,327.85,5.652489180268651,1.0986122886681098,5.79560171974736,1,-1.1844623629945135,0.18429046485917805,Normal,0.14357673288631928
15710,417,1,898.87,6.035481432524756,0.6931471805599453,6.802250308446763,1,-1.1795849258005575,0.5484566725551744,Normal,0.12134681805931252
15711,557,2,420.25,6.324358962381311,1.0986122886681098,6.043226481666571,1,-1.2940195495802964,0.6289935062940176,Normal,0.12895324585861684
15712,9,12,3472.4100000000003,2.302585092994046,2.5649493574615367,8.152892099332306,0,2.043034466198405,-0.4210085989838087,Normal,0.10228191340524156
15713,143,4,1010.79,4.969813299576001,1.6094379124341003,6.919476318432833,2,-0.08505465282355923,0.33116131138595434,Normal,0.14564422029361934
15714,12,5,784.8100000000001,2.5649493574615367,1.791759469228055,6.666715032927835,3,0.7218200139097405,-1.004195710551683,Normal,0.10706443153413625
15715,556,5,658.02,6.322565239927284,1.791759469228055,6.490753883055643,2,-0.5700507019803246,1.0156863451996947,Normal,0.07758719415371917
15716,146,11,3056.81,4.990432586778736,2.4849066497880004,8.025454252446236,2,1.0572179132743462,0.9940574682035953,Normal,0.08636522513552253
15717,234,5,607.0,5.459585514144159,1.791759469228055,6.410174881966167,2,-0.32600126658004225,0.5155790693979058,Normal,0.10066045223870262
15718,540,1,293.79,6.293419278846481,0.6931471805599453,5.686263238437263,1,-1.748579876401586,0.356658054539243,Normal,0.1478569665954952
15719,33,31,10223.06,3.5263605246161616,3.4657359027997265,9.232499045144698,0,2.804011428258185,0.906875051497497,Normal,0.007441255313567874
15720,24,2,741.92,3.2188758248682006,1.0986122886681098,6.610588367319141,3,-0.04276495159335449,-0.9140328171706283,Normal,0.10664111876610616
15721,12,1,507.08,2.5649493574615367,0.6931471805599453,6.230638915494719,3,-0.3058368092098731,-1.536864510557777,Normal,0.045286130417320214
15722,36,11,5258.1,3.6109179126442243,2.4849066497880004,8.567715188430428,0,1.7393285758655166,0.39549464722353644,Normal,0.11266743132893842
15723,365,4,947.65,5.902633333401366,1.6094379124341003,6.8550399213101425,2,-0.41478911696952564,0.8263799033269486,Normal,0.13628723503100643
15724,201,3,310.85,5.308267697401205,1.3862943611198906,5.742522302972132,1,-0.8768106207690767,0.08384384334912011,Normal,0.10361012831685784
15725,15,1,415.25,2.772588722239781,0.6931471805599453,6.031286041294654,3,-0.4597320737030875,-1.4820143181113044,Normal,0.05974865663458795
15726,390,1,321.91,5.968707559985366,0.6931471805599453,5.777373646625042,1,-1.6039172233820205,0.20483324857297033,Normal,0.16867511712357142
15727,17,15,9445.51,2.8903717578961645,2.772588722239781,9.153400640105943,0,2.446622964738991,0.2786941185397987,Normal,0.0895810799994583
15728,380,2,544.6,5.942799375126701,1.0986122886681098,6.301886106529253,1,-1.0580693845862819,0.49596893721910473,Normal,0.15472638858551468
15729,213,3,192.55,5.365976015021851,1.3862943611198906,5.265535877023657,1,-1.1030140157711645,-0.02711083892704929,Normal,0.05623884822227121
15730,66,5,1726.58,4.204692619390966,1.791759469228055,7.454476864265657,2,0.5342439528673384,0.13603717433241458,Normal,0.1503674594119998
15731,554,1,125.3,6.318968113746434,0.6931471805599453,4.838660029356445,1,-2.1256391846145997,0.117022501474627,Normal,0.13469327491708732
15732,212,10,1682.07,5.3612921657094255,2.3978952727983707,7.4283747857204,2,0.6111162446511466,0.9880262026360864,Normal,0.05462194738459092
15733,283,1,162.3,5.648974238161206,0.6931471805599453,5.095588999976419,1,-1.7971550013984485,-0.17560932139363278,Normal,0.13486617262854272
15734,115,4,2263.3,4.7535901911063645,1.6094379124341003,7.725020939378476,2,0.3353737071731006,0.45303821282504203,Normal,0.13818172445686822
15735,421,1,327.68,6.045005314036012,0.6931471805599453,5.795084633062987,1,-1.6208877367311403,0.2522178631509619,Normal,0.17129957415916436
15736,435,2,1815.72,6.077642243349034,1.0986122886681098,7.504787956356414,2,-0.5782927426851288,0.930427853127933,Normal,0.10374742628324929
15737,15,8,1205.1200000000001,2.772588722239781,2.1972245773362196,7.095163874824649,3,1.1503348612309703,-0.6130005701385135,Normal,0.09475913065356462
15738,19,41,13372.970000000001,2.995732273553991,3.7376696182833684,9.50106555945304,0,3.299890192083843,0.7941328965032125,Anomaly,-0.011586225144069373
15739,66,1,449.12,4.204692619390966,0.6931471805599453,6.109514213881797,3,-0.888873694847544,-0.6687038934534589,Normal,0.10795548130175608
15740,49,1,154.88,3.912023005428146,0.6931471805599453,5.049086480470509,1,-1.255613964919357,-1.147564763086777,Normal,0.08670891301142786
15741,458,2,208.62,6.129050210060545,1.0986122886681098,5.345296367742031,1,-1.534524388294431,0.3123456184923299,Normal,0.1151466103781017
15742,619,1,156.87,6.429719478039138,0.6931471805599453,5.061771909543635,1,-2.0643819783796764,0.24489649232814611,Normal,0.124553090340485
15743,16,4,784.46,2.833213344056216,1.6094379124341003,6.666269533420063,3,0.495805010894408,-0.9231011539189652,Normal,0.12292841811140098
15744,78,1,34.8,4.3694478524670215,0.6931471805599453,3.5779478934066544,1,-2.043656222328366,-1.3356475410004702,Normal,0.0071198337560541836
15745,19,4,1094.59,2.995732273553991,1.6094379124341003,6.999048309928502,3,0.5880358457793181,-0.733845744464251,Normal,0.13229445311428084
15746,134,1,196.88,4.90527477843843,0.6931471805599453,5.287660786359508,1,-1.4730522123626368,-0.5283090813183758,Normal,0.11440897902011332
15747,13,9,2562.61,2.6390573296152584,2.302585092994046,7.849171700387013,0,1.6019537839027245,-0.4223758319550571,Normal,0.11684678537677667
15748,40,3,614.7600000000001,3.713572066704308,1.3862943611198906,6.422857277226062,3,-0.06502826083320218,-0.5920724431095582,Normal,0.13065080934337225
15749,235,3,44534.3,5.4638318050256105,1.3862943611198906,10.70403741211812,2,1.2316546287565036,1.6548606137030948,Anomaly,-0.04317153124685791
15750,3,18,6797.191,1.3862943611198906,2.9444389791664403,8.824411826360333,0,2.9210067189454336,-0.5864752457100615,Normal,0.031176582285591725
15751,461,11,1380.44,6.135564891081739,2.4849066497880004,7.230881712367113,2,0.34113053931995246,1.3878153778228823,Normal,0.002773011552251181
15752,40,9,4207.54,3.713572066704308,2.302585092994046,8.344871073180538,0,1.4701093445978657,0.3186709189444357,Normal,0.12334461046826556
15753,305,1,79.2,5.723585101952381,0.6931471805599453,4.384523514872469,1,-2.1306740171773195,-0.34731202890239005,Normal,0.08788456602019612
15754,51,9,3037.61,3.9512437185814275,2.302585092994046,8.019155452993521,0,1.251519841705398,0.35225947577028804,Normal,0.1301354264069038
15755,10,17,5993.12,2.3978952727983707,2.8903717578961645,8.69853426769623,0,2.497821774915332,-0.08598689412783497,Normal,0.08514659946660891
15756,61,4,532.96,4.127134385045092,1.6094379124341003,6.280320929787532,3,-0.0906102448393629,-0.32495687239331156,Normal,0.12296731034524716
15757,66,6,2940.36,4.204692619390966,1.9459101490553132,7.986627338407268,2,0.8833567671058243,0.35175929269750916,Normal,0.12644326658525284
15758,25,1,205.25,3.258096538021482,0.6931471805599453,5.32908902521479,3,-0.9222869717915239,-1.4244274251914302,Normal,0.06797304596851472
15759,218,7,830.9300000000001,5.389071729816501,2.0794415416798357,6.7237483026663085,2,0.05265877965756052,0.6758553696464139,Normal,0.06336742704467091
15760,631,2,13916.34,6.448889394146858,1.0986122886681098,9.540890823673994,2,0.18755440045548344,1.744694271507968,Anomaly,-0.011043650859540954
15761,443,1,143.05,6.095824562432225,0.6931471805599453,4.970160461530537,1,-1.9962523873187092,0.033309389071680455,Normal,0.14641539502170492
15762,65,2,583.75,4.189654742026425,1.0986122886681098,6.371184405464288,3,-0.4609055045905833,-0.4502535537694006,Normal,0.13006535213805054
15763,32,2,1086.92,3.4965075614664802,1.0986122886681098,6.992022895300703,3,0.033405801414235756,-0.6467206962896952,Normal,0.1160516002633073
15764,88,8,4503.08,4.48863636973214,2.1972245773362196,8.412738931651127,2,1.1686042457182524,0.7279167493597944,Normal,0.11105141231756338
15765,667,1,370.63,6.504288173536645,0.6931471805599453,5.917898735650893,1,-1.7159945769170526,0.5423045169686826,Normal,0.11737272244064689
15766,64,3,831.06,4.174387269895637,1.3862943611198906,6.723904553605634,3,-0.08308060420967821,-0.24778707905699446,Normal,0.14950090294630136
15768,116,34,15601.09,4.762173934797756,3.5553480614894135,9.65516015862284,0,2.6565672960795292,1.7478253459642776,Anomaly,-0.06293000274079186
15769,7,46,88704.32,2.0794415416798357,3.8501476017100584,11.393075143951181,0,4.505252003584123,0.8962803038530506,Anomaly,-0.1160385735122823
15770,613,1,321.45,6.419994928147142,0.6931471805599453,5.7759480854563865,1,-1.7504953816293298,0.4533191541138712,Normal,0.13887668528434194
15771,604,3,1006.54,6.405228458030842,1.3862943611198906,6.915266995265976,2,-0.7213290615357016,1.0399422962545892,Normal,0.10175694824349302
15772,418,1,280.88,6.037870919922137,0.6931471805599453,5.641481448458822,1,-1.6854137623341912,0.2023021870072337,Normal,0.16740472960461322
15773,6,2,774.52,1.9459101490553132,1.0986122886681098,6.653533772097066,3,0.3876304901228375,-1.6032958376244384,Normal,0.05351905942487167
15774,69,6,1329.94,4.248495242049359,1.9459101490553132,7.193640738490974,2,0.524157661240855,0.13854112908083124,Normal,0.1288057836200518
15775,245,2,150.5,5.5053315359323625,1.0986122886681098,5.020585624949423,1,-1.4740809773925267,-0.12887457680316072,Normal,0.08442358000051164
15776,133,1,241.62,4.897839799950911,0.6931471805599453,5.491496433342773,1,-1.3819576969103977,-0.4713923806542942,Normal,0.12458509458653072
15777,241,7,1762.61,5.488937726156687,2.0794415416798357,7.475118123687712,2,0.34728411845725526,0.9558577327651917,Normal,0.09278211844752915
15778,431,1,307.95,6.068425588244111,0.6931471805599453,5.733179451506989,1,-1.6553976900453633,0.24660446229616373,Normal,0.16931403966930625
15779,463,2,124.08000000000001,6.139884552226255,1.0986122886681098,4.82895353258964,1,-1.762691699037212,0.16375585103851828,Normal,0.09095271973251312
15780,184,3,475.28000000000003,5.220355825078324,1.3862943611198906,6.166005916582974,1,-0.6641179492560854,0.162123518819892,Normal,0.12538171644861035
15781,25,3,345.46,3.258096538021482,1.3862943611198906,5.847767371850795,3,-0.16794014752516526,-1.0154464312204505,Normal,0.07951687234062355
15782,10,4,4014.1,2.3978952727983707,1.6094379124341003,8.297817532670948,3,1.346492264092953,-0.6748070913313993,Normal,0.06739673667016777
15783,11,1,246.3,2.4849066497880004,0.6931471805599453,5.510602174527371,3,-0.5932403359624062,-1.7965536580256547,Normal,0.03924184608541692
15784,468,2,848.3299999999999,6.150602768446279,1.0986122886681098,6.744447803369461,1,-0.9327176374723715,0.7430646689316409,Normal,0.13149318300180668
15785,33,16,5969.93,3.5263605246161616,2.833213344056216,8.694657973148848,0,2.0875655667282587,0.5143485051917516,Normal,0.09422370271976688
15786,46,5,8514.82,3.8501476017100584,1.791759469228055,9.049680889106098,0,1.3429936974099905,0.4180030743627744,Normal,0.07325343340062274
15787,26,3,948.05,3.295836866004329,1.3862943611198906,6.855461484261003,3,0.25830613332576163,-0.6929803275535023,Normal,0.13474272033494072
15788,509,1,221.82999999999998,6.234410725718371,0.6931471805599453,5.406409148898876,1,-1.8512608359874625,0.24033779700144986,Normal,0.14749620533258756
15789,358,6,1962.01,5.883322388488279,1.9459101490553132,7.58223428850699,2,0.16449159271657532,1.1565727305503093,Normal,0.10658290879477733
15790,10,1,220.85,2.3978952727983707,0.6931471805599453,5.402001477824919,3,-0.6123513049898596,-1.877055035465118,Normal,0.032893805100754125
15791,44,5,3608.34,3.8066624897703196,1.791759469228055,8.191280209127546,2,0.983563704582988,0.1370588802891332,Normal,0.10814561979771403
15792,400,2,933.84,5.993961427306569,1.0986122886681098,6.8403753916508245,1,-0.8403172701467918,0.6853829846292268,Normal,0.14573147299771078
15793,15,8,2399.57,2.772588722239781,2.1972245773362196,7.783461488137377,0,1.4498164047014332,-0.40696088776646505,Normal,0.1201662749463196
15794,736,2,777.0,6.602587892189336,1.0986122886681098,6.656726524178391,1,-1.1170691423630406,0.9661030831016789,Normal,0.07521885514059368
15795,150,8,1979.8700000000001,5.017279836814924,2.1972245773362196,7.591291421122726,2,0.6402117199893509,0.7735983447955085,Normal,0.11194423628224293
15796,1,17,5175.83,0.6931471805599453,2.8903717578961645,8.551948178812031,0,2.98540065732392,-1.0701400255335531,Anomaly,-0.01604949228407937
15797,113,6,2821.08,4.736198448394496,1.9459101490553132,7.945229480699816,2,0.6934417695928973,0.6325250172081951,Normal,0.1251548773404078
15798,493,3,1535.37,6.202535517187923,1.3862943611198906,7.3371777701160505,2,-0.4721976031281124,1.054442353328986,Normal,0.11047788029203265
15799,76,4,1424.29,4.343805421853684,1.6094379124341003,7.26213058076958,2,0.2665028118866504,0.08845205327187255,Normal,0.14162175704793345
15800,107,7,1242.58,4.68213122712422,2.0794415416798357,7.125749595713687,2,0.4562141009739358,0.4062721517920727,Normal,0.10129058642882771
15801,46,3,1063.95,3.8501476017100584,1.3862943611198906,6.97068312868461,3,0.12916133041608452,-0.35275275379444115,Normal,0.13806366150806532
15802,143,1,451.42,4.969813299576001,0.6931471805599453,6.11461095192969,1,-1.134115698541672,-0.24516725230957934,Normal,0.12310518008384236
15803,51,4,1929.66,3.9512437185814275,1.6094379124341003,7.565617192352807,2,0.5255157766152282,-0.03722204243822165,Normal,0.13560525317339556
15804,1,13,4206.39,0.6931471805599453,2.6390573296152584,8.344597781932357,0,2.7035025297086044,-1.2241996388123262,Normal,0.004388678485953923
15805,23,30,10189.23,3.1780538303479458,3.4339872044851463,9.229184697110231,0,2.891005724263868,0.7021492802039975,Normal,0.02518832523491299
15806,46,3,784.58,3.8501476017100584,1.3862943611198906,6.666422298467717,3,-0.0032239943163418243,-0.4438322572005662,Normal,0.13724135658945164
15807,50,5,1817.52,3.9318256327243257,1.791759469228055,7.505778262441902,2,0.6448176037002167,0.0008912162743441297,Normal,0.14265385087037635
15808,306,21,18409.93,5.726847747587197,3.091042453358316,9.820699788975132,0,2.0624655463639368,2.1595036204082865,Anomaly,-0.04243236965856523
15809,36,7,1274.44,3.6109179126442243,2.0794415416798357,7.15104649609911,2,0.8136787156252325,-0.17699509926259535,Normal,0.1187885439531251
15810,79,8,2999.04,4.382026634673881,2.1972245773362196,8.006380900894692,2,1.0262762646705628,0.5474729735785158,Normal,0.12360305191863707
15811,22,7,3890.52,3.1354942159291497,2.0794415416798357,8.266555105792635,0,1.4528059785143363,-0.1052964828909683,Normal,0.1130603045985828
15812,107,12,5201.47,4.68213122712422,2.5649493574615367,8.55688879179273,0,1.4492091889538425,1.0123920489018174,Normal,0.08100228057978665
15813,208,2,1303.9099999999999,5.342334251964811,1.0986122886681098,7.173889351861321,2,-0.484450857256568,0.425806993567052,Normal,0.11004878485298425
15814,17,6,2634.44,2.8903717578961645,1.9459101490553132,7.876805429957567,0,1.2606577550031528,-0.40604405240891184,Normal,0.12005887289285805
15815,64,5,2100.6,4.174387269895637,1.791759469228055,7.65045423837133,2,0.6293161602316608,0.17798711489758653,Normal,0.15112587386493503
15816,542,2,144.14999999999998,6.297109319933935,1.0986122886681098,4.977767690470639,1,-1.748792471395671,0.29502198739258434,Normal,0.07799145389900008
15817,421,3,2766.4,6.045005314036012,1.3862943611198906,7.925663530235284,2,-0.1651953673710964,1.1437161156801678,Normal,0.09653967298859883
15818,588,1,340.5,6.3784261836515865,0.6931471805599453,5.833347679010845,1,-1.7120761509682556,0.4475738279814873,Normal,0.14553992821670791
15819,49,10,3934.79,3.912023005428146,2.3978952727983707,8.277866903090251,0,1.449465032650036,0.44295817582995073,Normal,0.12331709222100184
15820,320,1,206.98,5.771441123130016,0.6931471805599453,5.337441921232086,1,-1.7315325790076737,-0.035663432329753324,Normal,0.13622841291024823
15821,44,2,570.96,3.8066624897703196,1.0986122886681098,6.349069058864647,3,-0.3466584956798862,-0.6681174123343943,Normal,0.12256941313839825
15822,3,6,1840.06,1.3862943611198906,1.9459101490553132,7.5180967716851645,3,1.59103906429677,-1.3430132068892735,Normal,0.05262384174852719
15823,372,3,3897.17,5.921578419643816,1.3862943611198906,8.268262491225299,2,0.023790477121788525,1.1781945185123144,Normal,0.06420307912436551
15824,453,2,890.94,6.118097198041348,1.0986122886681098,6.793398865743655,1,-0.9009056652024858,0.7397891980828226,Normal,0.13579919527576412
15825,172,1,532.94,5.153291594497779,0.6931471805599453,6.2802834730968256,1,-1.1213723802949094,-0.09437418966698397,Normal,0.11391799450865558
15826,56,4,2598.28,4.04305126783455,1.6094379124341003,7.862989762582375,2,0.6252110747688389,0.10243297268820174,Normal,0.1273151610271709
15827,73,28,3794.07,4.30406509320417,3.367295829986474,8.24145813498241,0,2.0461944541586514,1.0031293334155138,Normal,0.010538045798117124
15828,375,1,1108.82,5.929589143389895,0.6931471805599453,7.011953118994513,1,-1.0540939645486755,0.5528244485913862,Normal,0.10206677796386737
15829,99,2,636.14,4.605170185988092,1.0986122886681098,6.456989411643809,3,-0.5579596746484982,-0.19538586638149244,Normal,0.12910404182833157
15830,38,1,576.0,3.6635616461296463,0.6931471805599453,6.3578422665081,3,-0.6058093737669714,-0.8928345849597655,Normal,0.0910853350736307
15831,58,3,801.76,4.07753744390572,1.3862943611198906,6.688055790070482,3,-0.06735485707842102,-0.3119369063200671,Normal,0.14703160618820466
15832,254,1,836.79,5.541263545158426,0.6931471805599453,6.7307674724187825,1,-1.050844726510242,0.254467059685779,Normal,0.11071070446986586
15833,738,1,80.4,6.6052979209482015,0.6931471805599453,4.399375273008495,1,-2.409380448516691,0.14345245663329337,Normal,0.047408373356161215
15834,70,7,3772.9900000000002,4.2626798770413155,2.0794415416798357,8.235888076216453,2,1.0749019052361426,0.5072354169016244,Normal,0.12138338822731332
15835,44,4,954.09,3.8066624897703196,1.6094379124341003,6.861805576878038,3,0.2660452888334271,-0.32765120058170144,Normal,0.14028534271272813
15836,50,1,137.37,3.9318256327243257,0.6931471805599453,4.929931256681293,1,-1.3138636424524084,-1.1723111344120134,Normal,0.08455575486620592
15837,65,2,777.01,4.189654742026425,1.0986122886681098,6.656739377566224,3,-0.33665918710132414,-0.36477358897848694,Normal,0.14020507604779786
15838,11,34,74163.0,2.4849066497880004,3.5553480614894135,11.214034136217744,0,4.071367277003815,0.9584167898504569,Anomaly,-0.09108151570126388
15839,33,3,1048.49,3.5263605246161616,1.3862943611198906,6.9560596108684605,3,0.22751959986029976,-0.5357186746925638,Normal,0.13344017574948197
15840,59,2,355.56,4.0943445622221,1.0986122886681098,5.876502528638301,3,-0.6453181738448371,-0.6509043922477663,Normal,0.12065758612065769
15841,73,9,2742.41,4.30406509320417,2.302585092994046,7.916956951149568,2,1.0929413243426438,0.5162692944513774,Normal,0.12040398747253256
15842,393,2,548.8,5.976350909297934,1.0986122886681098,6.309554575731145,1,-1.0655842226272203,0.5167701963240356,Normal,0.156904476265809
15843,304,1,118.95000000000002,5.720311776607412,0.6931471805599453,4.787074989285704,1,-1.9544632915445188,-0.22861497603692427,Normal,0.11756965986779555
15844,46,1,130.73999999999998,3.8501476017100584,0.6931471805599453,4.880830283212546,1,-1.3088109414356417,-1.2320597934031237,Normal,0.08347383342546766
15845,18,11,4426.28,2.9444389791664403,2.4849066497880004,8.395540678981433,0,1.8799709852934858,-0.023649219766919666,Normal,0.11714994636111004
15846,385,1,107.01,5.955837369464831,0.6931471805599453,4.682223815430383,1,-2.0762595399102883,-0.13009503885170032,Normal,0.12669803426055598
15847,38,5,822.57,3.6635616461296463,1.791759469228055,6.713648549040965,3,0.3869216649461749,-0.3841943025120931,Normal,0.12811187340001373
15848,622,1,139.94,6.434546518787453,0.6931471805599453,4.948334267898876,1,-2.1153004207766166,0.2136017070480403,Normal,0.11388490067337359
15850,19,6,1058.72,2.995732273553991,1.9459101490553132,6.965760001268711,3,0.830181296206057,-0.6206497968267017,Normal,0.11794009298462355
15851,527,1,109.73,6.269096283706261,0.6931471805599453,4.707094805710017,1,-2.166754008235867,0.050131502974150775,Normal,0.12639548222783986
15852,187,3,257.26,5.236441962829949,1.3862943611198906,5.553966829418505,1,-0.9356217165360995,-0.01221592751887502,Normal,0.079402757291399
15853,52,1,110.8,3.970291913552122,0.6931471805599453,4.716711560720999,1,-1.4190775196678567,-1.2149212548991486,Normal,0.07158806939150697
15854,4,21,5583.81,1.6094379124341003,3.091042453358316,8.627805691229005,0,2.87510745338797,-0.46858927868906186,Normal,0.03707218460177464
15855,137,6,1052.72,4.927253685157205,1.9459101490553132,6.9600820391599045,2,0.2030073079281349,0.443002963848103,Normal,0.11659996572220249
15856,4,52,34220.340000000004,1.6094379124341003,3.970291913552122,10.440604705066423,0,4.334473595691,0.39590257793082506,Anomaly,-0.07359252528925964
15857,19,2,570.48,2.995732273553991,1.0986122886681098,6.348229486996957,3,-0.08474820198497157,-1.115646451203214,Normal,0.1051462652915236
15858,16,13,3960.37,2.833213344056216,2.6390573296152584,8.284345204014263,0,1.9851341558050524,-0.06185840202996785,Normal,0.11559204822747116
15859,432,1,438.46,6.07073772800249,0.6931471805599453,6.085546700469121,1,-1.502828840433218,0.35335975460684943,Normal,0.1570261888306096
15860,41,17,2505.21,3.7376696182833684,2.8903717578961645,7.8265269308277645,0,1.685089935201913,0.39194817271501126,Normal,0.08165760279346201
15861,12,12,4401.79,2.5649493574615367,2.5649493574615367,8.389993709864745,0,2.0613431763142422,-0.20532302051264076,Normal,0.11146665125544691
15862,8,13,2928.29,2.1972245773362196,2.6390573296152584,7.982515351827566,0,2.0595016124259073,-0.5029969842200938,Normal,0.09385925241743015
15863,26,5,358.7,3.295836866004329,1.791759469228055,5.885270350701578,3,0.14542200640746814,-0.8349894125048227,Normal,0.07244939669235295
15864,22,7,2180.76,3.1354942159291497,2.0794415416798357,7.687887169509484,0,1.201024825473774,-0.27851887315443397,Normal,0.1431611607312347
15865,41,5,2248.92,3.7376696182833684,1.791759469228055,7.718649939010796,2,0.8002341022413666,-0.042475271955219954,Normal,0.14404476621002293
15866,101,1,230.53,4.624972813284271,0.6931471805599453,5.444709454763107,1,-1.3140627622305356,-0.6359007796104352,Normal,0.11817116873052136
15867,5,31,9063.95,1.791759469228055,3.4657359027997265,9.112170607453939,0,3.312670351410033,-0.08588367511161046,Normal,0.024757038732074466
15868,583,1,94.53,6.369900982828227,0.6931471805599453,4.559440334281917,1,-2.263601987109029,0.0615315804842339,Normal,0.10072243281548188
15869,277,3,323.65999999999997,5.627621113690637,1.3862943611198906,5.7827784808826985,1,-0.9625820392768223,0.2720373831423054,Normal,0.11438123361336389
15870,33,4,862.61,3.5263605246161616,1.6094379124341003,6.761121278008535,3,0.31289390722461996,-0.5123944357767775,Normal,0.1348865341118678
15871,437,1,33.099999999999994,6.082218910376446,0.6931471805599453,3.529297384289471,1,-2.61877830346052,-0.40551270156417435,Normal,0.03932325259695102
15872,15,4,795.68,2.772588722239781,1.6094379124341003,6.680453092519068,3,0.5215838994278872,-0.9522935455883907,Normal,0.12005559125948034
15873,500,4,313.91999999999996,6.2166061010848646,1.6094379124341003,5.752318638316266,1,-0.9961351892788992,0.6694590495767547,Normal,0.08441059968031056
15874,64,21,11284.76,4.174387269895637,3.091042453358316,9.331297033018553,0,2.351629563472513,1.156725372576547,Normal,0.020038052127467787
15875,646,1,111.72,6.472346294500901,0.6931471805599453,4.724906867590425,1,-2.224740153561572,0.16756832459198992,Normal,0.09474288812592474
15876,409,2,1449.1399999999999,6.016157159698354,1.0986122886681098,7.27941538247794,2,-0.6564675640237149,0.8290505041487471,Normal,0.11282777996628018
15877,2,2,493.28,1.0986122886681098,1.0986122886681098,6.20310215823599,3,0.4656833895121757,-2.2054677966117504,Anomaly,-0.015868790657588394
15878,562,2,330.77,6.333279628139691,1.0986122886681098,5.804441957755378,1,-1.400800995806356,0.5624344190302253,Normal,0.12937920722158236
15879,404,4,1157.3,6.003887067106539,1.6094379124341003,7.0547086919383,2,-0.360660341548596,0.9419977491696264,Normal,0.13264942549025827
15880,369,1,686.5600000000001,5.91350300563827,0.6931471805599453,6.5331490984599565,1,-1.2572211872055539,0.4006235102464029,Normal,0.12642954428494607
15881,312,5,501.39000000000004,5.746203190540153,1.791759469228055,6.219376710497294,2,-0.5017179476743099,0.6165514640578346,Normal,0.09647760539991934
15882,199,8,1495.98,5.298317366548036,2.1972245773362196,7.3112050242769415,2,0.4274500724917014,0.8447648027515304,Normal,0.07780373102043392
15883,2,2,396.48,1.0986122886681098,1.0986122886681098,5.9851446183631625,3,0.3708490341553717,-2.270712686928676,Anomaly,-0.016740580442046626
15884,432,2,249.70000000000002,6.07073772800249,1.0986122886681098,5.524257005164248,1,-1.43779801967883,0.33375400337326877,Normal,0.12767649216126514
15885,93,15,1951.82,4.543294782270004,2.772588722239781,7.577029760730524,2,1.2261389190921939,0.7185009077711697,Normal,0.05145587684921393
15886,60,4,1052.8700000000001,4.110873864173311,1.6094379124341003,6.960224381835903,2,0.21047802819840195,-0.13039862912532213,Normal,0.15121616267644034
15887,407,3,1027.15,6.0112671744041615,1.3862943611198906,6.935516349767528,2,-0.5851013054186692,0.8287100819642831,Normal,0.1469645668192502
15888,81,3,429.16,4.406719247264253,1.3862943611198906,6.064157232501422,3,-0.4452818908754685,-0.31713499802874445,Normal,0.12061670401101204
15889,157,8,1806.28,5.062595033026967,2.1972245773362196,7.499578231548967,2,0.585650783171794,0.7711384037829021,Normal,0.10294253006674664
15890,395,5,535.65,5.981414211254481,1.791759469228055,6.285346112927534,2,-0.549087615556981,0.7660324869164731,Normal,0.09918381502228707
15891,227,1,524.52,5.429345628954441,0.6931471805599453,6.2643882485842175,1,-1.2175714105454247,0.053128345077063904,Normal,0.11861983425756845
15892,669,1,128.2,6.507277712385012,0.6931471805599453,4.861361591348501,1,-2.1766657735079407,0.22768242627059893,Normal,0.09371285666906409
15893,482,1,305.28000000000003,6.180016653652572,0.6931471805599453,5.724499716244923,1,-1.6952656916517215,0.30555552332114055,Normal,0.1568648071165521
15894,253,2,420.29,5.537334267018537,1.0986122886681098,6.043321432648199,1,-1.0394342981111886,0.19492957374939376,Normal,0.1432098275847089
15895,150,1,179.17,5.017279836814924,0.6931471805599453,5.1939008496276085,1,-1.5500729075227977,-0.4945981631566909,Normal,0.1195224356300369
15897,194,2,222.05,5.272999558563747,1.0986122886681098,5.407395961574274,1,-1.2306358621867046,-0.14122946850810753,Normal,0.1008921845708105
15898,1,25,5596.31,0.6931471805599453,3.258096538021482,8.630041404171932,0,3.299845237894309,-0.9121628407411044,Anomaly,-0.03634551814127218
15899,369,1,112.5,5.91350300563827,0.6931471805599453,4.7318028369214575,1,-2.0409954562079795,-0.1386037141270133,Normal,0.12813825984142146
15900,24,4,900.4,3.2188758248682006,1.6094379124341003,6.803949110256548,3,0.43097692426755435,-0.6691707190763749,Normal,0.12846278537797157
15901,17,7,703.22,2.8903717578961645,2.0794415416798357,6.557090807340088,3,0.7882888649184785,-0.7522191954171079,Normal,0.07997075586247221
15902,380,1,145.01,5.942799375126701,0.6931471805599453,4.983675112513472,1,-1.940879835118066,-0.047047813144927626,Normal,0.14481929462318727
15903,10,12,8939.84,2.3978952727983707,2.5649493574615367,9.098384823485164,0,2.42359706501712,-0.08540897963425267,Normal,0.09025505129275413
15904,8,1,164.68,2.1972245773362196,0.6931471805599453,5.110058217087329,3,-0.6744751560626623,-2.0751295015116886,Normal,0.01989230475194148
15905,543,1,114.69,6.298949246855942,0.6931471805599453,4.750914200040797,1,-2.157343195386834,0.07971443693640859,Normal,0.1296784487764594
15906,20,10,2555.64,3.044522437723423,2.3978952727983707,7.846449175391078,0,1.542325036567629,-0.1646650686332689,Normal,0.12152166957128918
15907,4,3,967.45,1.6094379124341003,1.3862943611198906,6.875696855288249,3,0.8125352398377019,-1.6170753155412612,Normal,0.061600449874499086
15908,491,2,764.57,6.198478716492308,1.0986122886681098,6.640620654418016,1,-0.9933776279584092,0.7383908646264762,Normal,0.1347589943208669
15909,174,1,191.94,5.1647859739235145,0.6931471805599453,5.262379259742407,1,-1.5679848893107573,-0.3927406955910924,Normal,0.11647250239954104
15910,1,15,2681.8,0.6931471805599453,2.772588722239781,7.894616304225583,0,2.609558640099609,-1.3100229551399536,Anomaly,-0.015181749294096547
15911,624,8,1702.34,6.437751649736401,2.1972245773362196,7.440346308416306,2,0.11511783353932954,1.511890674349784,Normal,0.024277671319647642
15912,178,9,1074.7,5.187385805840755,2.302585092994046,6.98072689143796,2,0.39989466662158496,0.7232173409327077,Normal,0.046936292650912925
15913,534,1,6.300000000000001,6.282266746896006,0.6931471805599453,1.9878743481543455,1,-3.354159341515303,-0.7565940996242552,Anomaly,-0.034611094179109236
15914,378,2,205.99,5.937536205082426,1.0986122886681098,5.332670482919699,1,-1.4780774376037795,0.20293438884005588,Normal,0.11406550200948756
15915,402,1,429.21,5.998936561946683,0.6931471805599453,6.064273461565794,1,-1.4888625916523233,0.30738893505427667,Normal,0.15977048988288461
15916,16,13,3427.17,2.833213344056216,2.6390573296152584,8.139781870086647,0,1.9222339662119095,-0.10513297225800267,Normal,0.11373116325099236
15917,248,5,560.63,5.517452896464707,1.791759469228055,6.330843270088287,2,-0.37923461882419945,0.5237488139020343,Normal,0.0979194438703006
15918,191,3,582.88,5.2574953720277815,1.3862943611198906,6.369695482262378,2,-0.587503537303759,0.2435820732416962,Normal,0.13606616494246604
15919,20,2,910.61,3.044522437723423,1.0986122886681098,6.8152122670349256,3,0.10265822356790345,-0.9489458882946247,Normal,0.11140427812555326
15920,154,9,571.64,5.043425116919247,2.302585092994046,6.350257247017716,2,0.17213491846681364,0.4550851323128427,Normal,0.03702548049836196
15921,173,4,802.11,5.159055299214529,1.6094379124341003,6.688491690866365,2,-0.2467628637119032,0.3663953655028655,Normal,0.14382093706535592
15922,373,1,739.0,5.924255797414532,0.6931471805599453,6.606650186198215,1,-1.2287182448489884,0.42855664875462884,Normal,0.1248414173660699
15923,373,1,254.16,5.924255797414532,0.6931471805599453,5.541890799373754,1,-1.6920000845986956,0.10982434223376854,Normal,0.1577255552049175
15924,731,1,102.82,6.595780513961311,0.6931471805599453,4.642658630399083,1,-2.300448537196085,0.2110291159046619,Normal,0.06808330076392699
15925,194,1,207.15,5.272999558563747,0.6931471805599453,5.3382589736409845,1,-1.5699683113201925,-0.310339922388314,Normal,0.12530229918775754
15926,542,1,134.44,6.297109319933935,0.6931471805599453,4.90852873782488,1,-2.088169285857295,0.1258810107028197,Normal,0.1367924587609124
15927,647,1,123.39,6.473890696352274,0.6931471805599453,4.8234217912218735,1,-2.182375343950114,0.1979102832054172,Normal,0.0996686459628402
15928,656,1,293.53,6.48768401848461,0.6931471805599453,5.685380865475649,1,-1.8117939918951085,0.46354282931668384,Normal,0.12080045015381946
15929,644,1,594.0,6.4692503167957724,0.6931471805599453,6.38856140554563,1,-1.499874885565215,0.6638703517934758,Normal,0.10322182338258362
15930,67,1,426.63,4.219507705176107,0.6931471805599453,6.058258335716989,1,-0.9159669476752906,-0.675875748325509,Normal,0.11471346963271672
15931,428,1,239.9,6.061456918928017,0.6931471805599453,5.484381909620826,1,-1.7613968298982017,0.1682840680825463,Normal,0.16289133524733568
15932,4,8,2495.87,1.6094379124341003,2.1972245773362196,7.822793226449505,0,1.843122583644629,-1.0367360185860313,Normal,0.07510847684524313
15933,21,3,1107.46,3.091042453358316,1.3862943611198906,7.010726943606016,3,0.3920986249578431,-0.7594587807305577,Normal,0.13061196725217938
15934,418,2,2190.66,6.037870919922137,1.0986122886681098,7.692414526548134,2,-0.4837924712168902,0.9646569425444771,Normal,0.09332295291023623
15935,239,2,416.86,5.480638923341991,1.0986122886681098,6.035146448194105,1,-1.0246545466700356,0.16121146151478155,Normal,0.13655565324546703
15936,379,2,282.79,5.940171252720432,1.0986122886681098,5.648234528023389,1,-1.3416262725463381,0.2988508636329762,Normal,0.13753187030460617
15937,64,1,145.35,4.174387269895637,0.6931471805599453,4.986001013137895,1,-1.367918070640886,-1.0217392233244855,Normal,0.08975172803397352
15938,112,9,734.81,4.727387818712341,2.302585092994046,6.600971933227955,2,0.3834366171736416,0.35582182957696,Normal,0.055080944786226826
15939,90,16,9060.39,4.51085950651685,2.833213344056216,9.111777808902684,0,1.9506441996376762,1.1822235177706226,Normal,0.04703455996466177
15940,311,1,35.8,5.7430031878094825,0.6931471805599453,3.6054978451748854,1,-2.4759120727893444,-0.5698005994082477,Normal,0.02952797037819055
15941,637,1,405.0,6.45833828334479,0.6931471805599453,6.0063531596017325,1,-1.6626462681342424,0.5434388843168072,Normal,0.12107079173099983
15942,134,1,337.44,4.90527477843843,0.6931471805599453,5.8243468240563,1,-1.2395375817438963,-0.36765383771183024,Normal,0.12776302702870607
15943,650,2,271.28999999999996,6.478509642208569,1.0986122886681098,5.606867674804115,1,-1.533737604864943,0.5833944451089791,Normal,0.08738125997771307
15944,277,4,2164.24,5.627621113690637,1.6094379124341003,7.680286488796148,2,0.03322555689103582,0.9217287212530425,Normal,0.13145727010150915
15945,365,4,827.27,5.902633333401366,1.6094379124341003,6.719339188186985,2,-0.47383314708056995,0.7857583242170323,Normal,0.14158093440430414
15946,503,3,2304.18,6.222576268071369,1.3862943611198906,7.742914043488088,2,-0.3021415256188589,1.1869519074926722,Normal,0.0906737026306908
15947,83,1,1708.24,4.430816798843313,0.6931471805599453,7.443804106257556,3,-0.3814522081434502,-0.14456715079615146,Normal,0.06874794990826794
15948,8,3,1509.0900000000001,2.1972245773362196,1.3862943611198906,7.319924530681809,3,0.8157155427825254,-1.1598968152437088,Normal,0.09431079897760697
15949,17,2,364.72,2.8903717578961645,1.0986122886681098,5.901868013296226,3,-0.2448858995969756,-1.3073761082288464,Normal,0.08552354610510315
15950,32,10,7180.71,3.4965075614664802,2.3978952727983707,8.879292795246196,0,1.8455366134520248,0.39381085310784675,Normal,0.11228945661507689
15951,9,3,1013.17,2.302585092994046,1.3862943611198906,6.921825822958919,3,0.6084246257362536,-1.220953604358653,Normal,0.10100628282631824
15952,34,4,806.57,3.5553480614894135,1.6094379124341003,6.694029738646186,3,0.27432674983263733,-0.5164896696278183,Normal,0.13652218794784632
15953,15,18,3669.5499999999997,2.772588722239781,2.9444389791664403,8.208096793580383,0,2.204482044602304,-0.0063408681321290876,Normal,0.08077188231046395
15954,589,1,190.75,6.380122536899765,0.6931471805599453,5.256192440247365,1,-1.9637477662458713,0.27573990165250656,Normal,0.13897507208888166
15955,24,22,8658.36,3.2188758248682006,3.1354942159291497,9.06639609582321,0,2.5793104012154067,0.566675913755487,Normal,0.060843570170117656
15956,551,2,617.6,6.313548046277095,1.0986122886681098,6.42745886025097,1,-1.1233416992449532,0.738049353315183,Normal,0.1309563758284597
15957,32,3,930.1,3.4965075614664802,1.3862943611198906,6.836366682894484,3,0.18509585405242693,-0.5880141075360089,Normal,0.13406342862652704
15958,74,4,492.99,4.31748811353631,1.6094379124341003,6.202515274068052,3,-0.1860291229467758,-0.2432559978780727,Normal,0.1182686897648309
15959,682,3,579.49,6.52649485957079,1.3862943611198906,6.363872574460713,1,-1.0004640383586045,0.9417699981538092,Normal,0.08761766732784348
15960,374,4,410.95,5.926926025970411,1.6094379124341003,6.020901982761599,1,-0.7855833537634775,0.5900822963135542,Normal,0.11083755139074819
15961,379,1,451.28999999999996,5.940171252720432,0.6931471805599453,6.114323567019841,1,-1.448079348643769,0.28995860382015565,Normal,0.15002449935710166
15962,449,1,295.83,6.1092475827643655,0.6931471805599453,5.693159584352287,1,-1.6860134015758053,0.2571404753899778,Normal,0.1597884781445884
15963,20,2,470.76,3.044522437723423,1.0986122886681098,6.156470381692249,3,-0.18396348302434773,-1.1461381583185248,Normal,0.10058118670349625
15964,663,1,272.96000000000004,6.498282149476434,0.6931471805599453,5.612982110329704,1,-1.8467227392354437,0.4477160130267684,Normal,0.1204333318456442
15965,17,13,3013.09,2.8903717578961645,2.6390573296152584,8.01105323939092,0,1.8477370362592753,-0.11214110643250279,Normal,0.11746580939169099
15966,451,1,426.53000000000003,6.113682179832232,0.6931471805599453,6.058024461353231,1,-1.528693231996243,0.36880755785007324,Normal,0.15522677964094195
15967,23,12,3041.6,3.1780538303479458,2.5649493574615367,8.020467692029028,0,1.7022669753377018,0.02222524519207808,Normal,0.1215970557921725
15968,388,1,418.05,5.963579343618446,0.6931471805599453,6.037990244544916,1,-1.4888631138443145,0.2800194654269299,Normal,0.15850594822806796
15969,3,5,1127.05,1.3862943611198906,1.791759469228055,7.0282457573167605,3,1.2603309448528468,-1.5460731176749543,Normal,0.04116238583913445
15970,304,2,1017.32,5.720311776607412,1.0986122886681098,6.925909489562179,2,-0.7145956763361596,0.5600527882296775,Normal,0.13167068740556426
15971,18,18,5902.83,2.9444389791664403,2.9444389791664403,8.683356571827812,0,2.3556890462925315,0.23071257107953283,Normal,0.08848939318937826
15972,456,5,1810.27,6.124683390894205,1.791759469228055,7.501783535671927,2,-0.06614686679343819,1.2091908603445312,Normal,0.09986370513432252
15973,367,3,988.44,5.908082938168931,1.3862943611198906,6.8971391265189474,2,-0.5684269925919431,0.7603095529147992,Normal,0.14463893265803945
15974,39,7,3442.15,3.6888794541139363,2.0794415416798357,8.14414202904651,0,1.2205645152942948,0.16328543085155672,Normal,0.12733915876965024
15975,84,1,371.01,4.442651256490317,0.6931471805599453,5.91892073563227,1,-1.0487637337564333,-0.5945086669936716,Normal,0.1279071723130178
15976,165,6,1746.6399999999999,5.111987788356544,1.9459101490553132,7.466021585348187,2,0.36339625582955615,0.6963465240305147,Normal,0.1221822408348866
15977,17,2,1054.73,2.8903717578961645,1.0986122886681098,6.961987749755856,3,0.2163772063585882,-0.9900326661599288,Normal,0.10099054276940694
15978,77,3,3279.42,4.356708826689592,1.3862943611198906,8.095726741961132,2,0.45483825151124363,0.2634250049565232,Normal,0.09171816602977084
15979,603,1,329.22,6.403574197934815,0.6931471805599453,5.799759099003687,1,-1.7348242125426945,0.4513898654996729,Normal,0.13812627390753895
15980,89,7,6593.68,4.499809670330265,2.0794415416798357,8.794018542366926,2,1.2410532612533167,0.8051015959258926,Normal,0.09911083623494166
15981,25,21,9362.77,3.258096538021482,3.091042453358316,9.14460326615622,0,2.566750107308284,0.5954486948121248,Normal,0.05671217084102753
15982,605,1,324.51,6.406879986069314,0.6931471805599453,5.7853931831429195,1,-1.7421440669323782,0.4489128194411652,Normal,0.1406154957673149
15983,22,8,3958.8199999999997,3.1354942159291497,2.1972245773362196,8.283953848669983,0,1.5502100667158525,-0.056975483249864185,Normal,0.11528500354366222
15984,3,30,8759.32,1.3862943611198906,3.4339872044851463,9.07798771294361,0,3.4047200915511384,-0.3313762152026608,Normal,0.00986184238344423
15985,123,7,2715.28,4.820281565605037,2.0794415416798357,7.907018576148396,2,0.7514665687959327,0.7163408934772194,Normal,0.11892662784718067
15986,30,2,354.42,3.4339872044851463,1.0986122886681098,5.87330018875734,3,-0.43313504944947406,-1.0160905581596495,Normal,0.1082407226908258
15987,12,8,1682.13,2.5649493574615367,2.1972245773362196,7.428410434226137,0,1.3624879007469373,-0.6277701174731309,Normal,0.11342603160784703
15988,19,3,770.09,2.995732273553991,1.3862943611198906,6.647805098268246,3,0.2650153679151058,-0.9206676764910011,Normal,0.12751252084476034
15989,376,2,372.51,5.932245187448011,1.0986122886681098,5.922944777976174,1,-1.219535052448965,0.3767127848581596,Normal,0.15189836796726008
15990,44,7,2010.05,3.8066624897703196,2.0794415416798357,7.60641225271568,2,0.9485016995585039,0.06728231045732512,Normal,0.1422578624771596
15991,534,1,150.55,6.282266746896006,0.6931471805599453,5.020915603503812,1,-2.0344687614624783,0.15133706966426538,Normal,0.14681946276489982
15992,4,3,896.6,1.6094379124341003,1.3862943611198906,6.799724534768432,3,0.7794793242421179,-1.63981738595704,Normal,0.06421589060266764
15993,9,7,2797.57,2.302585092994046,2.0794415416798357,7.93686385141862,0,1.5787398926558178,-0.6633889320380884,Normal,0.10945121981970429
15994,55,3,1202.18,4.02535169073515,1.3862943611198906,7.092723330716997,3,0.1255961105067086,-0.21958461757879177,Normal,0.14271831848500993
15995,414,1,696.19,6.028278520230698,0.6931471805599453,6.547057970456371,1,-1.2882907114743343,0.46809281728435004,Normal,0.13763987215887546
15996,88,7,1686.9,4.48863636973214,2.0794415416798357,7.431240431694882,2,0.6517157982439372,0.3909955804293458,Normal,0.12793714666378397
15998,37,16,8308.34,3.6375861597263857,2.833213344056216,9.025135462312697,0,2.195384665360635,0.6746236360693872,Normal,0.08268423111259621
15999,736,1,20.4,6.602587892189336,0.6931471805599453,3.0633909220278057,1,-2.9897970589056633,-0.25796491972971114,Anomaly,-0.03750090762572145
16000,3,3,12393.7,1.3862943611198906,1.3862943611198906,9.4250242408686,0,1.993929967780886,-0.9770196862326765,Anomaly,-0.031950144880873776
16001,381,1,583.39,5.945420608606575,0.6931471805599453,6.37056856816272,1,-1.3382837140968118,0.3695600643371637,Normal,0.13563402825855508
16002,625,1,169.21,6.439350371100098,0.6931471805599453,5.137032968819882,1,-2.0347504133216274,0.27273767676792493,Normal,0.12256012992147625
16003,30,10,5613.83,3.4339872044851463,2.3978952727983707,8.63316659066791,0,1.758666623246515,0.2856499546665627,Normal,0.11220139178915695
16004,475,5,2146.39,6.16541785423142,1.791759469228055,7.672008430194929,2,-0.005255779373635982,1.282614689534249,Normal,0.09741782946221683
16005,12,10,2436.22,2.5649493574615367,2.3978952727983707,7.79861332447886,0,1.6766176452134844,-0.4434985236812014,Normal,0.11375946228507738
16006,211,2,347.17,5.356586274672012,1.0986122886681098,5.852690866241513,1,-1.0639200295188456,0.038171329542936755,Normal,0.13113006525761672
16007,48,7,3075.14,3.8918202981106265,2.0794415416798357,8.031430843243916,2,1.1058870806925245,0.24148001257801938,Normal,0.12936517418096644
16008,24,15,5384.13,3.2188758248682006,2.772588722239781,8.591396730431873,0,2.095845781967845,0.291650177954916,Normal,0.10120296728594136
16009,22,4,992.71,3.1354942159291497,1.6094379124341003,6.9014454135860985,3,0.5003657737501496,-0.6859755812032392,Normal,0.1300385472345985
16010,246,11,1724.06,5.5093883366279774,2.4849066497880004,7.453017111469255,2,0.6403042316094388,1.1089361490885625,Normal,0.04685981644116233
16011,8,29,5880.46,2.1972245773362196,3.4011973816621555,8.679560309391226,0,2.9440778600569093,-0.01536869519275741,Normal,0.029419956287638827
16012,35,5,2989.79,3.58351893845611,1.791759469228055,8.00329284553317,2,0.9739398524939242,-0.042291878807166665,Normal,0.11481049360158374
16013,4,84,57446.44,1.6094379124341003,4.442651256490317,10.958625721796674,0,4.920138232283184,0.7238706730683784,Anomaly,-0.11867104007201223
16014,38,5,1130.27,3.6635616461296463,1.791759469228055,7.0310961744158655,3,0.5250446265539376,-0.28916737428084843,Normal,0.13648182480271925
16015,4,3,705.39,1.6094379124341003,1.3862943611198906,6.560167492904158,3,0.6752469235202305,-1.7115280179003132,Normal,0.052106909050570915
16016,3,11,2533.94,1.3862943611198906,2.4849066497880004,7.837925247106123,0,2.1412937413638176,-1.0499818650810393,Normal,0.057446438867731264
16017,47,5,1553.83,3.871201010907891,1.791759469228055,7.349121493878105,2,0.5962630585185774,-0.07944167939678172,Normal,0.14654243687255764
16018,39,4,698.13,3.6888794541139363,1.6094379124341003,6.5498367049130675,3,0.16840020822529392,-0.486002644580361,Normal,0.13101430166077704
16019,47,27,17465.85,3.871201010907891,3.332204510175204,9.768060077769146,0,2.8236611438069694,1.2085169963156552,Anomaly,-0.023545234419034777
16020,17,3,851.01,2.8903717578961645,1.3862943611198906,6.747598263849638,3,0.3425121342067989,-0.9489076944023662,Normal,0.12708082041531304
16021,395,2,532.25,5.981414211254481,1.0986122886681098,6.27899035735146,1,-1.080520459943384,0.51041361696328,Normal,0.1575031425208402
16022,260,1,628.28,5.564520407322694,0.6931471805599453,6.4445763086835,1,-1.182889718688992,0.18162423785470197,Normal,0.12153854063694786
16023,46,3,719.81,3.8501476017100584,1.3862943611198906,6.58037557967181,3,-0.04066332819916724,-0.46959006641994877,Normal,0.13093271025994369
16024,12,3,484.2,2.5649493574615367,1.3862943611198906,6.184561177069895,3,0.2027819742104294,-1.2969414388183909,Normal,0.0771512428978724
16025,30,1,439.65999999999997,3.4339872044851463,0.6931471805599453,6.0882736030360425,3,-0.6488497202778052,-1.1001534746110768,Normal,0.09388185406002253
16026,43,1,236.09,3.784189633918261,0.6931471805599453,5.468439815884993,3,-1.0318067619566242,-1.0925406267124902,Normal,0.09341105432279961
16027,92,15,2048.36,4.532599493153256,2.772588722239781,7.62528282826746,2,1.2505931871008682,0.7270462012780413,Normal,0.05504062767955964
16028,596,1,82.2,6.391917113392602,0.6931471805599453,4.421247347827163,1,-2.330850988755878,0.032307198698218825,Normal,0.08185280708629705
16029,39,107,122209.14,3.6888794541139363,4.68213122712422,11.713497301000492,0,4.758694565166065,2.1844366252857523,Anomaly,-0.15387214357242718
16030,310,1,331.24,5.739792912179234,0.6931471805599453,5.805857599322498,1,-1.5174868626446703,0.08709937010995582,Normal,0.14750896867221763
16031,92,2,548.94,4.532599493153256,1.0986122886681098,6.30980918136658,3,-0.5985272680085358,-0.27947098105381246,Normal,0.1327760363965717
16032,456,6,1970.45,6.124683390894205,1.9459101490553132,7.586524591596127,2,0.08829599575644088,1.2909824047300025,Normal,0.08944322867449078
16033,6,27,10836.13,1.9459101490553132,3.332204510175204,9.29073347979088,0,3.2386624466772282,0.003714900192221348,Normal,0.034854373117478854
16034,196,6,928.72,5.2832037287379885,1.9459101490553132,6.834883465546227,2,0.03340945902365067,0.6018534375177887,Normal,0.10287526027056854
16035,560,1,217.73,6.329720905522696,0.6931471805599453,5.387838092486448,1,-1.8901669428905001,0.28734801651559194,Normal,0.14721938164378978
16036,87,4,2556.84,4.477336814478207,1.6094379124341003,7.846918431316224,2,0.4777592971589515,0.3371571673366664,Normal,0.13260903283863174
16037,270,5,1509.34,5.602118820879701,1.791759469228055,7.320090070025923,2,0.02380820982183426,0.8665751162394666,Normal,0.1217980123865805
16038,8,3,471.78000000000003,2.1972245773362196,1.3862943611198906,6.158630164012735,3,0.31043087721505774,-1.5075265582807975,Normal,0.06137849147067742
16039,424,2,456.4,6.052089168924417,1.0986122886681098,6.125558281588681,1,-1.170137571916995,0.5034657881047149,Normal,0.15605590973951133
16040,65,7,2416.9,4.189654742026425,2.0794415416798357,7.790654673826565,2,0.9047969467502079,0.3336783886466641,Normal,0.14202322051073923
16041,31,3,3166.4,3.4657359027997265,1.3862943611198906,8.060666341057626,3,0.7277467619281296,-0.23849638835487633,Normal,0.08618001811867348
16042,22,8,2265.12,3.1354942159291497,2.1972245773362196,7.725824396937778,0,1.307365305339149,-0.2240497440538751,Normal,0.13516436125682912
16043,38,8,1856.5900000000001,3.6635616461296463,2.1972245773362196,7.52703522763887,2,1.0500806707560757,0.007704908591887918,Normal,0.12884384708849933
16044,435,1,340.84000000000003,6.077642243349034,0.6931471805599453,5.83434279133577,1,-1.6143619451801388,0.28197093369934534,Normal,0.16590037472478364
16045,120,8,3434.9300000000003,4.795790545596741,2.1972245773362196,8.14204291037043,2,0.9514816029321668,0.8162991171321677,Normal,0.10896293141089025
16046,562,1,235.78,6.333279628139691,0.6931471805599453,5.46713143998349,1,-1.8568170147802867,0.3130470793380799,Normal,0.14770401639562192
16047,682,1,107.14,6.52649485957079,0.6931471805599453,4.683426683953859,1,-2.2603014098284877,0.18501761706842024,Normal,0.07802230039234764
16048,373,4,1075.23,5.924255797414532,1.6094379124341003,6.9812194725263,2,-0.36688105658389625,0.8760774613110853,Normal,0.13703436452835427
16049,40,6,1899.68,3.713572066704308,1.9459101490553132,7.549966995862329,2,0.8522047506586703,-0.049836665287786075,Normal,0.13912328704751553
16050,174,3,300.7,5.1647859739235145,1.3862943611198906,5.709433146165015,1,-0.8448022060788395,-0.0052002540018231255,Normal,0.09861356271780025
16051,682,1,188.44,6.52649485957079,0.6931471805599453,5.244072351695641,1,-2.01636183097795,0.3528450990624591,Normal,0.10960054345506892
16052,54,1,362.06,4.007333185232471,0.6931471805599453,5.894568109862285,3,-0.9185666659417457,-0.84190314410174,Normal,0.1072239027041989
16053,33,6,3634.84,3.5263605246161616,1.9459101490553132,8.198595449928707,0,1.194975061688746,0.04106954197195207,Normal,0.1126767061662114
16054,145,4,2111.88,4.983606621708336,1.6094379124341003,7.655807224711368,2,0.2308652898049148,0.5591874684498709,Normal,0.13646938110367607
16055,221,1,134.8,5.402677381872279,0.6931471805599453,4.911183215124596,1,-1.7977321199977154,-0.366658413130918,Normal,0.11621780247012375
16056,45,1,664.85,3.828641396489095,0.6931471805599453,6.501064419948154,3,-0.5968837561899937,-0.7589098928348694,Normal,0.09629771405549514
16057,16,10,3854.85,2.833213344056216,2.3978952727983707,8.257346754558858,0,1.7894512859367098,-0.15821411271621078,Normal,0.11268699532041526
16058,406,1,62.7,6.008813185442595,0.6931471805599453,4.154184562578117,1,-2.3231456488968396,-0.25894248578411866,Normal,0.075214185514617
16059,66,12,3217.77,4.204692619390966,2.5649493574615367,8.076754577984975,0,1.3947163944072034,0.6053287582263117,Normal,0.10866100167569315
16060,401,3,541.95,5.996452088619021,1.3862943611198906,6.29701723466291,1,-0.858123708966055,0.6294059924497648,Normal,0.14777093209160225
16061,431,1,89.65,6.068425588244111,0.6931471805599453,4.50700593720086,1,-2.188911579276527,-0.12044664544299095,Normal,0.11337969573253781
16062,10,8,2863.45,2.3978952727983707,2.1972245773362196,7.960131638643054,0,1.6478718772640062,-0.5607416471283857,Normal,0.11011382136382408
16063,260,1,335.32,5.564520407322694,0.6931471805599453,5.818063087688587,1,-1.4554885811565836,-0.005920484891605756,Normal,0.15096480236633425
16064,725,1,111.0,6.587550014824796,0.6931471805599453,4.718498871295094,1,-2.2647881359103357,0.22919202399209723,Normal,0.08212872238333263
16065,365,8,2382.62,5.902633333401366,2.1972245773362196,7.776375619507197,2,0.43439673932858747,1.3173294220120233,Normal,0.08027959624394077
16066,17,5,1521.87,2.8903717578961645,1.791759469228055,7.328351991405618,3,0.9044514439250464,-0.6266464108676226,Normal,0.1325088502507299
16067,563,3,3395.29,6.335054251498059,1.3862943611198906,8.13043893836719,2,-0.16990587274595323,1.3649947431059035,Normal,0.051554220469766765
16068,594,1,122.93,6.38856140554563,0.6931471805599453,4.819716890076783,1,-2.156389686482377,0.14973689926698885,Normal,0.12118485226419345
16069,418,1,457.7,6.037870919922137,0.6931471805599453,6.128396401603126,1,-1.473554765751778,0.3480586161269018,Normal,0.15731286206249112
16070,22,2,852.15,3.1354942159291497,1.0986122886681098,6.748935381973274,3,0.044398235389076876,-0.918609149918349,Normal,0.11336588500007977
16071,45,4,1076.8,3.828641396489095,1.6094379124341003,6.982677205499396,3,0.31152856432281817,-0.27934595219929353,Normal,0.14321953034827534
16072,288,4,4328.89,5.666426688112432,1.6094379124341003,8.3732974165168,2,0.3222071693637681,1.1505829718385852,Normal,0.07996929320130047
16073,297,1,122.39999999999999,5.697093486505405,0.6931471805599453,4.8154311114712876,1,-1.934616019299235,-0.23293297185969433,Normal,0.12195062577783988
16074,390,1,265.25,5.968707559985366,0.6931471805599453,5.584435717023635,1,-1.6878654281025445,0.1470778983237274,Normal,0.16451555239034016
16075,503,2,736.9300000000001,6.222576268071369,1.0986122886681098,6.6038489691533275,1,-1.0171709271341474,0.7406746552341035,Normal,0.13328864123903061
16076,3,10,2234.73,1.3862943611198906,2.3978952727983707,7.712323075642278,0,2.020279554939536,-1.1194297024554332,Normal,0.0596882283820398
16077,626,1,2300.4,6.440946540632921,0.6931471805599453,7.741272912389358,2,-0.9021495520270004,1.0531889343666976,Normal,0.03728166092625129
16078,284,2,362.99,5.652489180268651,1.0986122886681098,5.897126394731892,1,-1.1402884972471534,0.2146815506077701,Normal,0.1477127612925614
16079,17,3,1352.0,2.8903717578961645,1.3862943611198906,7.210079628170788,3,0.5437399608537785,-0.8104653817098966,Normal,0.12262847130996879
16080,82,4,602.5600000000001,4.418840607796598,1.6094379124341003,6.40284545564545,2,-0.13164450618917964,-0.12738568829052802,Normal,0.13385932313429116
16081,56,8,4460.18,4.04305126783455,2.1972245773362196,8.403168584011615,0,1.308553773178589,0.47928440312742815,Normal,0.12178877777932207
16082,670,1,106.75,6.508769136971682,0.6931471805599453,4.6798137289838575,1,-2.2561404710589485,0.17415926817561872,Normal,0.07666974435218332
16083,101,4,2351.42,4.624972813284271,1.6094379124341003,7.7631998645051095,2,0.3935836910455161,0.3935265848179959,Normal,0.13636077744403147
16084,299,1,436.18,5.703782474656201,0.6931471805599453,6.0803450096018565,1,-1.3864093960700767,0.14940433242139792,Normal,0.13964100776663835
16085,23,12,2343.53,3.1780538303479458,2.5649493574615367,7.759840234353084,0,1.5888667371472622,-0.05579274812702349,Normal,0.11423646867514359
16086,59,10,2864.9900000000002,4.0943445622221,2.3978952727983707,7.960669119198499,0,1.2524833185338509,0.44856754980798663,Normal,0.13116058053919621
16087,389,5,1739.92,5.966146739123692,1.791759469228055,7.462168988109326,2,-0.03210853116695134,1.1098896925434554,Normal,0.11473668313910257
16088,576,2,1437.43,6.3578422665081,1.0986122886681098,7.271307520007092,2,-0.770505045507136,1.0150837196329874,Normal,0.08250742068650979
16089,386,2,271.44,5.958424693029782,1.0986122886681098,5.607418406373117,1,-1.3652891898815833,0.29670057963609503,Normal,0.13503156215326323
16090,624,1,205.91,6.437751649736401,0.6931471805599453,5.33228391611131,1,-1.949278736252666,0.33030362862527174,Normal,0.12365287663769903
16091,155,2,315.06,5.049856007249537,1.0986122886681098,5.755932068980957,1,-1.0068158171944008,-0.1599736478166884,Normal,0.12898093132769156
16092,115,6,1587.94,4.7535901911063645,1.9459101490553132,7.370822406226574,2,0.43788960275684685,0.4701707142942028,Normal,0.13180562239686594
16093,107,1,17.0,4.68213122712422,0.6931471805599453,2.8903717578961645,1,-2.4439536568617197,-1.3690072059863447,Anomaly,-0.03370572031133934
16094,12,11,3695.56,2.5649493574615367,2.4849066497880004,8.215157936435828,0,1.9242222620775635,-0.28695800013688594,Normal,0.11100295108585806
16095,456,1,447.05,6.124683390894205,0.6931471805599453,6.104904833330228,1,-1.5118534339967888,0.3889088889604002,Normal,0.15356770453238644
16096,264,4,1584.97,5.579729825986222,1.6094379124341003,7.368951486505174,2,-0.08674850485759035,0.8021166067311974,Normal,0.13124538142896708
16097,240,1,185.04999999999998,5.484796933490655,0.6931471805599453,5.226015454792631,1,-1.6873066906904561,-0.2271204264393808,Normal,0.12893217403102136
16098,88,14,4448.1,4.48863636973214,2.70805020110221,8.400457107514553,0,1.5528700690702266,0.9112204047359781,Normal,0.07747742067901586
16099,50,7,1573.2,3.9318256327243257,2.0794415416798357,7.36150248570835,2,0.8014593376673798,0.06300450193631445,Normal,0.1348583745557006
16100,463,1,582.64,6.139884552226255,0.6931471805599453,6.3692843543958215,1,-1.4017371000913936,0.4764344225636462,Normal,0.13627813230621377
16101,71,4,3229.16,4.276666119016055,1.6094379124341003,8.08028695059357,2,0.644201083448907,0.2963330973500862,Normal,0.1156444894931633
16102,42,3,1842.14,3.7612001156935624,1.3862943611198906,7.519225917888408,3,0.39660278406670335,-0.23760821974477375,Normal,0.13141031289309396
16103,7,22,6191.71,2.0794415416798357,3.1354942159291497,8.731128072778827,0,2.80195592220765,-0.1621533358451542,Normal,0.05847255868051604
16104,62,9,2778.61,4.143134726391533,2.302585092994046,7.930065909073649,2,1.1506940950373614,0.4314304583167233,Normal,0.1300940392320893
16105,249,5,2386.19,5.521460917862246,1.791759469228055,7.7778722209926245,2,0.24907821757701226,0.9591229574961594,Normal,0.12309529674977487
16106,66,1,108.38,4.204692619390966,0.6931471805599453,4.694828057918627,1,-1.5044103251070053,-1.0921856556927698,Normal,0.07744635236669456
16107,18,7,3204.1600000000003,2.9444389791664403,2.0794415416798357,8.072517290105589,0,1.430171363602927,-0.26875975325951795,Normal,0.12241416635883895
16108,85,4,2235.92,4.454347296253507,1.6094379124341003,7.712855198669154,2,0.42686315007037695,0.28434564042466204,Normal,0.14010720918194058
16109,219,3,939.48,5.393627546352362,1.3862943611198906,6.846390383230553,2,-0.42411996448048284,0.4613644001384241,Normal,0.13718091327484505
16110,45,4,1819.27,3.828641396489095,1.6094379124341003,7.5067401207161755,2,0.5395508147115357,-0.12246939981006523,Normal,0.13765569545363787
16111,428,1,562.48,6.061456918928017,0.6931471805599453,6.334131840392106,1,-1.3916666203069081,0.42265398371994983,Normal,0.14400457299710134
16112,143,4,195.73999999999998,4.969813299576001,1.6094379124341003,5.281883060084612,1,-0.797579216473504,-0.15904697682929717,Normal,0.04560858974610371
16113,183,1,161.38,5.214935757608986,0.6931471805599453,5.089939267434301,1,-1.6592340687744456,-0.4166993747163447,Normal,0.11333837016532428
16114,171,1,135.75000000000003,5.147494476813453,0.6931471805599453,4.918154441302091,1,-1.7121662212269044,-0.505320611103618,Normal,0.10632422133106001
16115,10,12,2575.14,2.3978952727983707,2.5649493574615367,7.854047433573542,0,1.8821799876932972,-0.4578973852631806,Normal,0.10400870406521767
16116,212,1,612.78,5.3612921657094255,0.6931471805599453,6.419636557751217,1,-1.128011905255749,0.06206577242374303,Normal,0.1082716282955466
16117,190,3,654.4,5.25227342804663,1.3862943611198906,6.485245736264714,2,-0.5355381654720318,0.27529144891711355,Normal,0.13984805735717454
16118,653,1,4376.25,6.483107351457199,0.6931471805599453,8.384175952306427,2,-0.6360552876380906,1.2688941680092862,Anomaly,-0.007036435960921961
16119,8,8,1720.81,2.1972245773362196,2.1972245773362196,7.451131342082467,0,1.4913054844009854,-0.8237914404935311,Normal,0.09934399539979083
16120,59,6,3056.91,4.0943445622221,1.9459101490553132,8.025486955055253,2,0.9359541569992211,0.30252807757078204,Normal,0.13267008768151117
16121,57,5,1477.09,4.060443010546419,1.791759469228055,7.29850599275302,2,0.5130343067134977,0.009785294066227988,Normal,0.1467149696271134
16122,73,6,1001.34,4.30406509320417,1.9459101490553132,6.9100925454456235,2,0.38281179009899186,0.08431206592084028,Normal,0.12342172984471445
16123,52,1,307.78,3.970291913552122,0.6931471805599453,5.732629049213781,3,-0.9770470206397865,-0.9108096139509504,Normal,0.10502534205243758
16124,317,4,1772.49,5.762051382780177,1.6094379124341003,7.480704635629976,2,-0.09709164140467766,0.9361310663618676,Normal,0.12621261624177832
16125,367,14,4587.65,5.908082938168931,2.70805020110221,8.431341142146454,2,1.107222494010927,1.70337722103787,Normal,0.01719679636308713
16126,29,15,14646.800000000001,3.4011973816621555,2.772588722239781,9.592045432520008,0,2.4722653001744916,0.69175266964052,Normal,0.03796943967790711
16127,39,2,801.31,3.6888794541139363,1.0986122886681098,6.6874950668474575,3,-0.16131369117919328,-0.6317752355955352,Normal,0.12573483720748646
16128,18,11,3801.05,2.9444389791664403,2.4849066497880004,8.243295673935073,0,1.8137284643038967,-0.0692232736002732,Normal,0.11630584560408608
16129,407,3,1396.05,6.0112671744041615,1.3862943611198906,7.242118149597153,2,-0.45169741374764155,0.9204903471137601,Normal,0.13439857776625258
16130,422,4,987.48,6.0473721790462776,1.6094379124341003,6.896168409730217,2,-0.4437061659893431,0.9185239287282886,Normal,0.1374393091489547
16131,52,12,9957.42,3.970291913552122,2.5649493574615367,9.206173703456702,0,1.9619431819119808,0.8141303945076898,Normal,0.07021242911886083
16132,544,2,664.1999999999999,6.300785794663244,1.0986122886681098,6.500087747318773,1,-1.0876128883977658,0.7527514136967586,Normal,0.12827677101942747
16133,4,56,22992.260000000002,1.6094379124341003,4.04305126783455,10.042956408487395,0,4.216948929916882,0.30350032381233294,Anomaly,-0.05572771452980685
16134,22,5,2145.34,3.1354942159291497,1.791759469228055,7.6715193449376216,3,0.9744863016048558,-0.3887203054958134,Normal,0.13732818834389898
16135,263,2,819.45,5.575949103146316,1.0986122886681098,6.709852970221159,1,-0.761912303747709,0.41575209998511026,Normal,0.14340944984227655
16136,60,4,946.8,4.110873864173311,1.6094379124341003,6.854143509533488,2,0.16432173947190615,-0.16215359792398437,Normal,0.1496777520591226
16137,680,1,422.7,6.523562306149512,0.6931471805599453,6.049025657632513,1,-1.6651743816344233,0.5921878058242289,Normal,0.10692864824645731
16138,379,3,910.35,5.940171252720432,1.3862943611198906,6.814927016670943,2,-0.6145760525355853,0.753398293732744,Normal,0.1488520199149605
16139,19,5,1111.15,2.995732273553991,1.791759469228055,7.014050357799739,3,0.7336210297331831,-0.6626188146805775,Normal,0.12816425826142896
16140,66,3,1557.6000000000001,4.204692619390966,1.3862943611198906,7.351543261409461,2,0.18020643690603583,-0.043190187799807454,Normal,0.14759234373512348
16141,88,2,955.94,4.48863636973214,1.0986122886681098,6.863740693562717,2,-0.34329025018962,-0.13790171702536633,Normal,0.1422917861038343
16142,250,1,535.34,5.5254529391317835,0.6931471805599453,6.284768288327816,1,-1.2397875238561038,0.11223811652033838,Normal,0.12441144222581746
16143,3,12,4910.83,1.3862943611198906,2.5649493574615367,8.499401860107549,0,2.4901543840727487,-0.8226725113554413,Normal,0.052874593744576814
16144,247,1,175.2,5.5134287461649825,0.6931471805599453,5.171619713502079,1,-1.7202347960449988,-0.22761141756571224,Normal,0.13314490183347205
16145,9,19,6805.4400000000005,2.302585092994046,2.995732273553991,8.825624501810465,0,2.6643041727640018,-0.06194658426048356,Normal,0.08164852237525283
16146,157,4,946.38,5.062595033026967,1.6094379124341003,6.8537002798593925,2,-0.1436821061983716,0.36264627780061837,Normal,0.14158981631321244
16147,134,5,2398.91,4.90527477843843,1.791759469228055,7.783186515632894,2,0.4506808669059896,0.6208493529355332,Normal,0.13826462132904732
16148,296,2,386.62,5.6937321388027,1.0986122886681098,5.960025478272602,1,-1.1262598376216935,0.25625820886542766,Normal,0.14340288066505785
16149,5,3,422.22,1.791759469228055,1.3862943611198906,6.047892138406626,3,0.3933860367736104,-1.7643144888418558,Normal,0.03269904617026642
16150,43,10,4395.59,3.784189633918261,2.3978952727983707,8.3885845194386,0,1.5389833760725184,0.4055931998564622,Normal,0.11876295214614047
16152,269,1,1829.04,5.598421958998375,0.6931471805599453,7.512093103520083,2,-0.7293727475295596,0.5198807491749257,Normal,0.06424601139805519
16153,50,11,5133.49,3.9318256327243257,2.4849066497880004,8.543735799027143,0,1.625105256890285,0.5653167698226985,Normal,0.11704944355247426
16155,382,5,796.9,5.948034989180646,1.791759469228055,6.681983276314235,2,-0.3657132167461397,0.866353862529917,Normal,0.12047875869309732
16156,9,20,6218.18,2.302585092994046,3.044522437723423,8.735393344245091,0,2.6622567145342155,-0.07109807232719254,Normal,0.07469707675457704
16157,16,3,656.69,2.833213344056216,1.3862943611198906,6.488733695691184,3,0.24836543212236395,-1.057924340841478,Normal,0.11424400663460738
16158,522,9,628.32,6.259581464064923,2.302585092994046,6.444639871372223,2,-0.18013485749138872,1.1541230311428898,Normal,0.008519892745434632
16159,282,4,1232.79,5.645446897643238,1.6094379124341003,7.1178460117013564,2,-0.21726026693914585,0.7631959812198766,Normal,0.13531419777695008
16160,65,2,1025.44,4.189654742026425,1.0986122886681098,6.933851783703411,3,-0.21608626995091665,-0.281820879223966,Normal,0.13639760254207783
16161,2,43,12831.8,1.0986122886681098,3.784189633918261,9.459759672302631,0,3.930976072451253,-0.24758186832642573,Anomaly,-0.03433464816639631
16162,252,1,37.4,5.53338948872752,0.6931471805599453,3.648057459593681,1,-2.389599746143827,-0.6726753175258088,Normal,0.02415322289213928
16163,232,6,2849.58,5.4510384535657,1.9459101490553132,7.955277761329525,2,0.466616263180733,1.02981101279269,Normal,0.0991830222698421
16164,17,3,822.48,2.8903717578961645,1.3862943611198906,6.713539262741108,3,0.3276929019099546,-0.9591031471172696,Normal,0.12740460650537533
16165,505,1,79.9,6.226536669287466,0.6931471805599453,4.393213824064446,1,-2.2895602372857238,-0.06730199770713698,Normal,0.10270302784464425
16166,428,2,435.83,6.061456918928017,1.0986122886681098,6.079544103390923,1,-1.1931883284562206,0.49485847975373215,Normal,0.15289851854274922
16167,414,5,1386.1200000000001,6.028278520230698,1.791759469228055,7.234984934236418,2,-0.15105239521934902,1.076152360165033,Normal,0.11224296237999504
16168,11,66,10636.47,2.4849066497880004,4.204692619390966,9.272137952666137,0,3.721697980469266,0.6147993886241054,Anomaly,-0.022354581319219413
16169,8,4,1822.97,2.1972245773362196,1.6094379124341003,7.5087707231305965,3,1.068076310329893,-1.021687909921289,Normal,0.09644324502859875
16170,51,20,6869.0,3.9512437185814275,3.044522437723423,8.834919385216395,0,2.1723425525969877,0.8680310061607104,Normal,0.06477045136527282
16171,59,1,73.2,4.0943445622221,0.6931471805599453,4.3067641501733345,1,-1.6375693777120621,-1.2692150582050172,Normal,0.050835121799736704
16172,95,8,1884.55,4.564348191467836,2.1972245773362196,7.5419748345117545,2,0.7652435313449506,0.5090160204614468,Normal,0.11752132537078969
16173,16,6,1418.32,2.833213344056216,1.9459101490553132,7.257933162659462,3,1.00987000213738,-0.6228278486209572,Normal,0.12426215676507352
16174,126,7,2246.75,4.844187086458591,2.0794415416798357,7.717684994864882,2,0.6613549755247871,0.6728498532409466,Normal,0.13218117694537912
16175,94,7,1836.44,4.553876891600541,2.0794415416798357,7.516128577492644,2,0.6675505763187897,0.452390720905838,Normal,0.12541088726078736
16176,421,4,2052.69,6.045005314036012,1.6094379124341003,7.627393454073833,2,-0.12478118971650111,1.1361083287440457,Normal,0.12350453796590977
16177,50,8,2247.31,3.9318256327243257,2.1972245773362196,7.717934101862074,2,1.0463782308198513,0.21281390451890814,Normal,0.1398506290506995
16178,138,2,612.6,4.9344739331306915,1.0986122886681098,6.419343250053046,1,-0.680844960900304,-0.02502392467838743,Normal,0.13762958777650613
16179,61,1,215.83,4.127134385045092,0.6931471805599453,5.379113636376126,1,-1.1815901181305355,-0.9301250828279229,Normal,0.10135720019536232
16180,100,13,16249.87,4.61512051684126,2.6390573296152584,9.69590172478629,0,2.022994662498729,1.343517531886379,Normal,0.00903565661182626
16181,73,1,305.54,4.30406509320417,0.6931471805599453,5.725348252570762,1,-1.0881657220502987,-0.7288927317097794,Normal,0.12032745662731348
16182,72,9,9971.65,4.290459441148391,2.302585092994046,9.207601625030192,0,1.658907335944569,0.8951152859830446,Normal,0.07494037766034856
16183,67,4,1077.81,4.219507705176107,1.6094379124341003,6.983613860781381,2,0.18551993529838232,-0.0634788422171158,Normal,0.1502630112772067
16184,64,6,1158.79,4.174387269895637,1.9459101490553132,7.055994233228931,2,0.4882354321707696,0.05646200064263738,Normal,0.131953020947023
16185,17,3,644.72,2.8903717578961645,1.3862943611198906,6.470365973289328,3,0.22188705477748732,-1.0318962911743397,Normal,0.11269008541635939
16186,23,26,9026.11,3.1780538303479458,3.295836866004329,9.107987550889137,0,2.732904198892681,0.6153014109375647,Normal,0.04943065483805831
16187,32,15,6911.4400000000005,3.4965075614664802,2.772588722239781,8.841077965865253,0,2.114690054908567,0.5195223733980066,Normal,0.09720152037324986
16188,45,5,1087.66,3.828641396489095,1.791759469228055,6.992702861144837,3,0.45494849650786884,-0.20960868946331906,Normal,0.13392187646515502
16189,16,2,215.48,2.833213344056216,1.0986122886681098,5.3774981644224775,3,-0.4545552037219432,-1.4958709086650221,Normal,0.05254916988617986
16190,40,8,2723.55,3.713572066704308,2.1972245773362196,7.910058555845948,0,1.2005612799785692,0.14994552514712117,Normal,0.130478073455642
16191,3,24,15688.02,1.3862943611198906,3.2188758248682006,9.66071638361065,0,3.4942013768359885,-0.23567660269308988,Anomaly,-0.004469930569186764
16192,736,1,351.3,6.602587892189336,0.6931471805599453,5.864483085347192,1,-1.7710286246574902,0.5805330329908349,Normal,0.0998586999016613
16193,237,2,630.43,5.472270673671475,1.0986122886681098,6.44798708845731,1,-0.842319127384076,0.2801783801373485,Normal,0.13716402820718537
16194,375,1,308.59999999999997,5.929589143389895,0.6931471805599453,5.735281141715572,1,-1.6095799736034082,0.17065678796878067,Normal,0.16225307819522683
16195,723,1,323.25,6.584791392385716,0.6931471805599453,5.781514823196553,1,-1.8013726638027003,0.5458808895123356,Normal,0.11248639318103715
16196,489,1,93.3,6.194405391104672,0.6931471805599453,4.546481189639412,1,-2.2124808043305197,-0.03914427275616012,Normal,0.1110549579562416
16197,469,9,2016.71,6.152732694704104,2.302585092994046,7.609718483946528,2,0.36135397916824796,1.443951931044647,Normal,0.04748935323167702
16198,75,2,1030.0410000000002,4.330733340286331,1.0986122886681098,6.93832425044256,3,-0.2597687094653746,-0.20266856708164327,Normal,0.1387109535397238
16199,392,7,942.75,5.973809611869261,2.0794415416798357,6.8498613005632345,2,-0.0815880620990662,1.0361256712003986,Normal,0.05486100096830715
16200,4,12,5643.45,1.6094379124341003,2.5649493574615367,8.638428040481838,0,2.4784749940216577,-0.6579781253804625,Normal,0.06318598766925265
16201,3,5,2112.12,1.3862943611198906,1.791759469228055,7.6559208072954945,3,1.5334353246004544,-1.3581806051496803,Normal,0.05397848488583279
16202,361,9,2501.9900000000002,5.8916442118257715,2.302585092994046,7.82524129621804,2,0.5395716734436612,1.3644616931838758,Normal,0.06299359590056886
16203,59,6,1114.54,4.0943445622221,1.9459101490553132,7.0170938715891715,2,0.49719756214793237,0.0006688431277849926,Normal,0.12828826966868628
16204,23,3,944.24,3.1780538303479458,1.3862943611198906,6.851438863503233,3,0.29464992153500935,-0.759149049196031,Normal,0.130653777725536
16205,31,7,1830.61,3.4657359027997265,2.0794415416798357,7.512950640475396,2,1.0181004979843638,-0.14873703124937104,Normal,0.1398819535622769
16206,55,13,2602.32,4.02535169073515,2.6390573296152584,7.864542832513582,0,1.4169080951610573,0.4700124685738904,Normal,0.10195781002426152
16207,25,1,394.38,3.258096538021482,0.6931471805599453,5.979847327767791,3,-0.6391389597901472,-1.2296250150629593,Normal,0.08040290557415752
16208,45,10,3440.45,3.828641396489095,2.3978952727983707,8.14364817318428,0,1.418033576415322,0.3567901618843636,Normal,0.1255553549030502
16209,89,9,4146.78,4.499809670330265,2.302585092994046,8.330328530334388,2,1.2094924432704517,0.7479758818814025,Normal,0.11103700915721021
16210,2,35,38489.51,1.0986122886681098,3.58351893845611,10.558166996384864,0,4.255845570810333,0.007770293997209546,Anomaly,-0.0774023650326554
16211,89,3,1090.59,4.499809670330265,1.3862943611198906,6.995390627927437,2,-0.07020566719024654,0.012971805123840422,Normal,0.14876405493219663
16212,19,4,1293.71,2.995732273553991,1.6094379124341003,7.1660420108317915,3,0.6606955940176712,-0.6838567158423927,Normal,0.12929172326169525
16213,79,1,159.0,4.382026634673881,0.6931471805599453,5.075173815233827,1,-1.3962744502146716,-0.8805197953171197,Normal,0.10699332726361682
16214,171,4,2038.25,5.147494476813453,1.6094379124341003,7.62033737218069,2,0.1624266607822254,0.6389638785776878,Normal,0.12815645294696582
16215,81,1,242.35,4.406719247264253,0.6931471805599453,5.494500736279464,1,-1.2218095488770926,-0.7413761375319046,Normal,0.1200729509748315
16216,267,1,914.9300000000001,5.5909869805108565,0.6931471805599453,6.81993994254006,1,-1.0281271955941955,0.3085860746561778,Normal,0.10355415759685932
16217,235,2,304.25,5.4638318050256105,1.0986122886681098,5.721131112990814,1,-1.1558482502067409,0.05794182248425024,Normal,0.1338756688440313
16218,30,13,4439.97,3.4339872044851463,2.6390573296152584,8.398628100033978,0,1.840553534829427,0.30371542139102536,Normal,0.10762837788900037
16219,501,1,40.8,6.218600119691729,0.6931471805599453,3.7328963395307104,1,-2.574300611179464,-0.269343411823037,Normal,0.048372754727257106
16221,37,9,2235.5099999999998,3.6375861597263857,2.302585092994046,7.712671894134983,0,1.2196122828159297,0.0875132380631341,Normal,0.12639266706179147
16222,318,2,1345.22,5.765191102784844,1.0986122886681098,7.205055944099741,2,-0.6076528583148837,0.6683680828641025,Normal,0.11343521724058264
16223,375,2,1102.3500000000001,5.929589143389895,1.0986122886681098,7.00610628532909,2,-0.7473873304599553,0.6994887360365777,Normal,0.13260079640344252
16224,57,5,1616.54,4.060443010546419,1.791759469228055,7.388661755590151,2,0.552261505072173,0.03677313243685508,Normal,0.1489936825312358
16225,45,15,2867.4100000000003,3.828641396489095,2.772588722239781,7.961513148266462,0,1.624566660831092,0.4394196333604619,Normal,0.09167259797475485
16226,203,5,672.1700000000001,5.318119993844216,1.791759469228055,6.511997898043822,2,-0.23594401979564283,0.46803255780389535,Normal,0.1100143770414222
16227,225,3,1027.22,5.420534999272286,1.3862943611198906,6.935584430900813,2,-0.39401377216060035,0.5029054615879658,Normal,0.13866845695656843
16228,385,3,890.8100000000001,5.955837369464831,1.3862943611198906,6.793253105407027,2,-0.6290732970047838,0.7555511014818753,Normal,0.1500408344362928
16229,87,6,2867.86,4.477336814478207,1.9459101490553132,7.961670017300314,2,0.7843176051717738,0.4946683824992797,Normal,0.12464683616756539
16230,190,2,542.03,5.25227342804663,1.0986122886681098,6.297164567026571,1,-0.8367899768789215,0.11368817773482595,Normal,0.13577855631347696
16231,379,4,1078.22,5.940171252720432,1.6094379124341003,6.983993836967935,2,-0.37082138326071756,0.8856863074570366,Normal,0.13870779250442256
16232,44,7,2712.97,3.8066624897703196,2.0794415416798357,7.906167786538584,2,1.0789267485442664,0.1570131678416492,Normal,0.13014179301542045
16233,71,9,1965.71,4.276666119016055,2.302585092994046,7.584117374881264,2,0.9569827819699078,0.40152262156686963,Normal,0.12288179932740828
16234,476,3,333.18,6.1675164908883415,1.3862943611198906,5.8116797699659974,1,-1.124622940583175,0.5784742817334791,Normal,0.10419285261274719
16235,41,9,2053.71,3.7376696182833684,2.302585092994046,7.627889997750669,0,1.1503537260566314,0.1173362108308685,Normal,0.12721501478204394
16236,78,1,432.2,4.3694478524670215,0.6931471805599453,6.071199515126835,1,-0.9588306621477013,-0.5893006668040356,Normal,0.12185849850731323
16237,437,1,136.65,6.082218910376446,0.6931471805599453,4.9247142315886165,1,-2.011625840440193,0.012200854945704788,Normal,0.14885013246340656
16238,423,1,63.66,6.049733455231958,0.6931471805599453,4.169142772297287,1,-2.329871924169379,-0.23189475692276493,Normal,0.07577223667231503
16239,57,6,1492.2,4.060443010546419,1.9459101490553132,7.308676747040429,2,0.6350312787077498,0.06925445789064498,Normal,0.1385132841326588
16240,24,2,3718.8,3.2188758248682006,1.0986122886681098,8.221425182381026,3,0.6581177571697111,-0.4318339844140257,Normal,0.05044619386004401
16241,10,16,4329.31,2.3978952727983707,2.833213344056216,8.373394411967329,0,2.3127568296405268,-0.20423846059192832,Normal,0.09178523737391558
16242,8,14,7474.4,2.1972245773362196,2.70805020110221,8.919372908532873,0,2.5197540298506143,-0.197297857910188,Normal,0.085854192485178
16243,34,2,409.1,3.5553480614894135,1.0986122886681098,6.016401032398013,3,-0.41012240482819295,-0.906315828927053,Normal,0.11265070340822425
16244,212,2,2579.38,5.3612921657094255,1.0986122886681098,7.855691953891729,2,-0.19392679859402465,0.6403588664993898,Normal,0.07509584443103634
16245,24,3,1413.66,3.2188758248682006,1.3862943611198906,7.254644498519316,3,0.4568837200540352,-0.6159349039684529,Normal,0.12676041205065908
16246,460,2,827.25,6.133398042996649,1.0986122886681098,6.719315041180005,1,-0.9380885723141063,0.7260517966463875,Normal,0.13575087205744302
16247,170,1,114.56,5.14166355650266,0.6931471805599453,4.749789875598035,1,-1.7835365702905663,-0.5589361136310214,Normal,0.09660929526657336
16248,62,1,152.94,4.143134726391533,0.6931471805599453,5.036562916106171,1,-1.3358104750008135,-1.0238413730761535,Normal,0.09466180705729244
16249,53,5,1800.07,3.9889840465642745,1.791759469228055,7.496136211716589,2,0.6221358073269494,0.02953126776445069,Normal,0.14545214315377258
16250,261,3,791.38,5.568344503761097,1.3862943611198906,6.675041074727977,2,-0.5551827957287552,0.5064386446752763,Normal,0.14836053010078526
16251,512,1,128.31,6.240275845170769,0.6931471805599453,4.86221262230776,1,-2.089940245612353,0.08066928548732505,Normal,0.14197559174740254
16252,383,1,295.09000000000003,5.950642552587727,0.6931471805599453,5.690663462163048,1,-1.6358025483730114,0.16891287426048704,Normal,0.16142500694113515
16253,67,7,7310.15,4.219507705176107,2.0794415416798357,8.89715585911198,0,1.3765856275702157,0.6813717074714227,Normal,0.0948702292300827
16254,378,3,985.14,5.937536205082426,1.3862943611198906,6.893798332352932,2,-0.5794065285732125,0.775554778776837,Normal,0.14723045201150314
16255,17,15,4906.8,2.8903717578961645,2.772588722239781,8.498581055204255,0,2.1617078695998417,0.08267597656951697,Normal,0.10780219764604448
16256,267,3,1629.37,5.5909869805108565,1.3862943611198906,7.396562261906629,2,-0.24856867503175306,0.7349124109701589,Normal,0.13137654209488264
16257,177,1,46.95,5.181783550292085,0.6931471805599453,3.8701588013294472,1,-2.179244039837021,-0.8001222182027827,Normal,0.02236580175773628
16258,45,15,11942.52,3.828641396489095,2.772588722239781,9.387944150869624,0,2.2452135293530975,0.8664171777620344,Normal,0.059994050895964324
16259,410,3,361.94,6.018593214496234,1.3862943611198906,5.894237531346878,1,-1.0405360678653384,0.5210473683854062,Normal,0.1262318104562929
16260,51,1,1035.45,3.9512437185814275,0.6931471805599453,6.9435566914455205,3,-0.44400600840566107,-0.5588285560860207,Normal,0.07600186064134618
16261,17,6,1059.45,2.8903717578961645,1.9459101490553132,6.966448625321355,3,0.8645572082511191,-0.6785564413008603,Normal,0.11507916231039306
16262,378,1,755.15,5.937536205082426,0.6931471805599453,6.62823976919675,1,-1.2236197391624821,0.44234437994021625,Normal,0.12652539888969383
16263,423,1,351.01,6.049733455231958,0.6931471805599453,5.863659584285475,1,-1.592579653390723,0.2753534144543915,Normal,0.17002692836882238
16264,438,2,837.53,6.0844994130751715,1.0986122886681098,6.731650358798553,1,-0.916906348397845,0.7027737430291108,Normal,0.1421112326941139
16265,9,12,6935.17,2.302585092994046,2.5649493574615367,8.844505027963939,0,2.3439585190276007,-0.21397648760712848,Normal,0.09860819279360394
16266,74,14,1757.95,4.31748811353631,2.70805020110221,7.472472319091938,0,1.204453231505895,0.5390323825737382,Normal,0.05743080938158107
16267,591,1,186.66,6.3835066348840055,0.6931471805599453,5.2346318148619035,1,-1.9742234001522307,0.2711523350613068,Normal,0.13930216906827053
16268,71,2,667.65,4.276666119016055,1.0986122886681098,6.5052607543188055,3,-0.4307099589499746,-0.36212612158834184,Normal,0.13518163355602536
16269,438,1,717.57,6.0844994130751715,0.6931471805599453,6.577263125964925,1,-1.2933315818591906,0.5081439018349395,Normal,0.13070961626669542
16270,353,1,1141.24,5.869296913133774,0.6931471805599453,7.040746525754151,1,-1.0220657662139638,0.528188802265967,Normal,0.09271719685107088
16271,3,10,3463.02,1.3862943611198906,2.3978952727983707,8.150185043337714,0,2.2107953657983246,-0.9883571271597552,Normal,0.05816818155351877
16272,117,1,411.7,4.770684624465665,0.6931471805599453,6.022720936758536,1,-1.1096941661651034,-0.38250590236626003,Normal,0.12736515710634722
16273,648,2,336.03999999999996,6.47543271670409,1.0986122886681098,5.820201617670761,1,-1.4399198419188242,0.6455581634965286,Normal,0.10141544985295509
16274,373,1,715.9,5.924255797414532,0.6931471805599453,6.5749363608588265,1,-1.2425170800887053,0.41906321688250436,Normal,0.12650885064070055
16275,197,3,2151.11,5.288267030694535,1.3862943611198906,7.674204035216971,2,-0.029858044961920665,0.651054979221709,Normal,0.11285566148005544
16276,177,3,2629.3900000000003,5.181783550292085,1.3862943611198906,7.8748874031514715,2,0.09189972058893628,0.6523967358296425,Normal,0.10143344098295459
16277,734,1,188.69,6.5998704992128365,0.6931471805599453,5.245391160738632,1,-2.039519571538792,0.3937110427349242,Normal,0.09467757171655072
16278,100,3,1117.84,4.61512051684126,1.3862943611198906,7.020047713280759,2,-0.09677173309599428,0.08395382371142059,Normal,0.14302706579218216
16279,21,9,5705.08,3.091042453358316,2.302585092994046,8.649287552004639,0,1.8039044092857044,0.0664337789935181,Normal,0.10445542122587875
16280,725,1,238.05,6.587550014824796,0.6931471805599453,5.476672735072112,1,-1.9349031057268278,0.45614893776600823,Normal,0.1078306405130961
16281,72,3,3424.02,4.290459441148391,1.3862943611198906,8.138862590095334,2,0.495033610399194,0.23979698619305295,Normal,0.09624167921933019
16282,340,3,1307.58,5.831882477283517,1.3862943611198906,7.17669785880975,2,-0.4221444872497423,0.8019653380912755,Normal,0.1301760071833198
16283,6,8,4403.82,1.9459101490553132,2.1972245773362196,8.390454674879306,0,1.9812910252949203,-0.6812233244503143,Normal,0.07918407102709579
16284,31,3,1029.77,3.4657359027997265,1.3862943611198906,6.938061374745844,3,0.2392960372473407,-0.574544583517035,Normal,0.1347108948617428
16285,646,1,176.9,6.472346294500901,0.6931471805599453,5.18122159467179,1,-2.0261954599124024,0.30416467421032706,Normal,0.11845545261743856
16286,477,2,328.95,6.169610732491456,1.0986122886681098,5.798941127829431,1,-1.3502597213845695,0.47051433611015386,Normal,0.1405706960390491
16287,170,5,1006.98,5.14166355650266,1.791759469228055,6.915703607164632,2,-0.0032192285028745863,0.49155402655942004,Normal,0.12736404608692076
16288,470,1,129.85,6.154858094016418,0.6931471805599453,4.874051628976154,1,-2.0571627500750798,0.03710012918197634,Normal,0.1386945554897016
16289,462,1,136.31,6.137727054086234,0.6931471805599453,4.92224114333366,1,-2.0306546477578378,0.04207668723112983,Normal,0.14696166236093883
16290,465,4,2069.3,6.144185634125646,1.6094379124341003,7.635448803294666,2,-0.15335372419113433,1.1932236969287524,Normal,0.1070665246369863
16291,682,1,117.72,6.52649485957079,0.6931471805599453,4.77676777941907,1,-2.2196882581939716,0.2129589745421867,Normal,0.09115755738198517
16292,122,5,1253.76,4.812184355372417,1.791759469228055,7.134699598218368,2,0.1986289716623145,0.3753818008780017,Normal,0.13019052444504509
16293,22,15,4657.95,3.1354942159291497,2.772588722239781,8.446545379842489,0,2.0597880222390956,0.20229932311896287,Normal,0.10909926845191548
16294,477,1,126.05000000000001,6.169610732491456,0.6931471805599453,4.8445807097661735,1,-2.0747570672777504,0.0364150883644014,Normal,0.13848169627053175
16295,10,4,1328.55,2.3978952727983707,1.6094379124341003,7.192595818099261,3,0.8656050743728674,-1.0056516658535206,Normal,0.1065719737752171
16296,626,4,1313.67,6.440946540632921,1.6094379124341003,7.181340962548159,2,-0.4469182667463139,1.220969799911129,Normal,0.06472856833444629
16297,269,1,301.9,5.598421958998375,0.6931471805599453,5.713402718033191,1,-1.5119914323140289,-0.01855144722293366,Normal,0.1510576574994632
16298,23,7,1085.7,3.1780538303479458,2.0794415416798357,6.990900860068806,3,0.8839979202472126,-0.4636852530295703,Normal,0.10621616030427711
16299,477,1,193.65,6.169610732491456,0.6931471805599453,5.271203074056465,1,-1.8891316609629618,0.16412312443926444,Normal,0.14911204522472965
16300,430,3,1392.43,6.066108090103747,1.3862943611198906,7.239523612434581,2,-0.4705632654362508,0.9499618069166439,Normal,0.1329152280163436
16301,737,1,107.33,6.6039438246004725,0.6931471805599453,4.6851821239574765,1,-2.2845865879212544,0.22826095342138555,Normal,0.07131566810847734
16302,127,1,233.22,4.852030263919617,0.6931471805599453,5.4562608446139915,1,-1.3824728911572453,-0.5072068078619189,Normal,0.12310998984086197
16303,26,7,7928.27,3.295836866004329,2.0794415416798357,8.97831625490603,0,1.7106376987405256,0.19620573248004686,Normal,0.09260320389947935
16304,695,1,381.66,6.54534966033442,0.6931471805599453,5.9471468664568565,1,-1.7165489132071432,0.5737077776981807,Normal,0.11097168135316016
16305,139,1,361.21999999999997,4.941642422609304,0.6931471805599453,5.8922517620363895,1,-1.2217540497062938,-0.327267727664065,Normal,0.13182795398710084
16306,214,7,1192.82,5.3706380281276624,2.0794415416798357,7.084913528819212,2,0.21576540702294597,0.7738017051440873,Normal,0.06782124778030174
16307,429,3,1194.92,6.063785208687608,1.3862943611198906,7.0866710426412585,2,-0.5363188613915525,0.9029246690562918,Normal,0.13769635971190025
16308,38,7,5120.0,3.6635616461296463,2.0794415416798357,8.54110501146255,0,1.4014734117791827,0.26815070329630536,Normal,0.10408474782242066
16309,106,2,706.57,4.672828834461906,1.0986122886681098,6.56183656455249,2,-0.5342227223408269,-0.12668231612958292,Normal,0.13212098296812735
16310,414,2,460.08,6.028278520230698,1.0986122886681098,6.133571563732811,1,-1.1589499815495503,0.49273150631007545,Normal,0.1571630354496817
16311,18,2,616.26,2.9444389791664403,1.0986122886681098,6.425290328985104,3,-0.03462910081199256,-1.1208699309714358,Normal,0.10061166393696036
16312,432,1,171.15,6.07073772800249,0.6931471805599453,5.148366189784533,1,-1.9106005084176823,0.072817775364226,Normal,0.15804711042249603
16313,3,2,274.15000000000003,1.3862943611198906,1.0986122886681098,5.617316403505768,3,0.11776149185214728,-2.222146588154272,Anomaly,-0.0036038280242437493
16314,390,3,1491.4,5.968707559985366,1.3862943611198906,7.308140841347003,2,-0.40920575961732536,0.9167797922692791,Normal,0.12494939500797486
16315,331,2,402.71,5.805134968916488,1.0986122886681098,6.00069679842156,1,-1.1445940817416707,0.3298785266994554,Normal,0.14247861424638503
16316,64,13,5744.91,4.174387269895637,2.6390573296152584,8.656243576346606,0,1.713178906976505,0.7892078025509254,Normal,0.09002601619508005
16317,120,5,2192.51,4.795790545596741,1.791759469228055,7.693258279519971,2,0.4469626706892296,0.5335423593174304,Normal,0.14020949571617136
16318,35,1,328.15,3.58351893845611,0.6931471805599453,5.796513573913885,3,-0.8241582788432622,-1.1050149873089374,Normal,0.09650321256583794
16319,218,1,404.40000000000003,5.389071729816501,0.6931471805599453,6.004874234017899,1,-1.3174615742043467,-0.04676986635965209,Normal,0.13316191563623708
16320,172,6,5628.99,5.153291594497779,1.9459101490553132,8.635862944933224,2,0.8590410499266443,1.0693163625519622,Normal,0.0725462564527578
16321,72,7,604.5500000000001,4.290459441148391,2.0794415416798357,6.40613713596706,2,0.2697840040125153,-0.025172524717249747,Normal,0.07858859471279228
16322,1,2,326.75,0.6931471805599453,1.0986122886681098,5.792251122643809,3,0.4180579605174469,-2.552093593899733,Anomaly,-0.04731352134894895
16323,196,2,353.66,5.2832037287379885,1.0986122886681098,5.871159584064333,1,-1.0321504088592501,0.003224909312769633,Normal,0.1373499674266167
16324,128,3,428.68,4.859812404361672,1.3862943611198906,6.0630407455972035,1,-0.5923096078281713,-0.06756056882449868,Normal,0.12267733162560074
16325,47,12,3597.5,3.871201010907891,2.5649493574615367,8.188272370947859,0,1.5510980380671286,0.454770190180923,Normal,0.11170281568366658
16326,6,24,4826.99,1.9459101490553132,3.2188758248682006,8.482185510964241,0,2.800422951585827,-0.2798036328973852,Normal,0.03756921208900754
16327,14,16,10731.34,2.70805020110221,2.833213344056216,9.28101689199784,0,2.607355613665018,0.2385248691911599,Normal,0.07136317251472668
16328,563,1,310.83,6.335054251498059,0.6931471805599453,5.742458167518031,1,-1.737595013458902,0.39644406547951166,Normal,0.15188634860560596
16329,428,4,1703.07,6.061456918928017,1.6094379124341003,7.440774786357715,2,-0.2113007239919408,1.0893186976749514,Normal,0.12453320772425475
16330,18,7,634.33,2.9444389791664403,2.0794415416798357,6.4541445489425575,3,0.7260097377891563,-0.7532144413179956,Normal,0.07385899193644807
16331,432,6,2037.7,6.07073772800249,1.9459101490553132,7.620067628803093,2,0.1203381383525144,1.2712690659205854,Normal,0.10360728554091814
16332,28,11,2010.41,3.367295829986474,2.4849066497880004,7.6065912476595505,0,1.3999326276791795,-0.02658723105416464,Normal,0.10704566399276033
16333,8,22,26626.8,2.1972245773362196,3.1354942159291497,10.189711061801596,0,3.398498222419351,0.3394333655661393,Anomaly,-0.005162998925350548
16334,492,1,277.48,6.20050917404269,0.6931471805599453,5.629346243503184,1,-1.7432952229967318,0.28837451749484705,Normal,0.15524747850827658
16335,552,7,2774.0,6.315358001522335,2.0794415416798357,7.928406026180535,2,0.2772263493023029,1.5473694448755302,Normal,0.05324790816639147
16336,421,4,3517.69,6.045005314036012,1.6094379124341003,8.165844040232853,2,0.10950120427490756,1.2972917842717946,Normal,0.08212881272195999
16337,37,1,151.05,3.6375861597263857,0.6931471805599453,5.024209414123374,3,-1.177678191304555,-1.3063803735804405,Normal,0.07488225688171224
16338,157,1,214.79999999999998,5.062595033026967,0.6931471805599453,5.374352052824034,1,-1.4862138311832223,-0.41558656634213953,Normal,0.1154099080326893
16339,284,1,109.95,5.652489180268651,0.6931471805599453,4.709079649378603,1,-1.9664638682143005,-0.2893709495076841,Normal,0.11456977814715319
16340,107,3,1526.06,4.68213122712422,1.3862943611198906,7.331099597177538,2,0.01689543169668395,0.21402672102153364,Normal,0.1337305106252124
16341,25,7,3850.79,3.258096538021482,2.0794415416798357,8.256293254297947,0,1.4086882683111224,-0.040745640349331126,Normal,0.10935860734123637
16342,75,4,322.41,4.330733340286331,1.6094379124341003,5.778920868124441,3,-0.37462089574735685,-0.3627520699905313,Normal,0.08936161243052687
16343,16,3,687.0699999999999,2.833213344056216,1.3862943611198906,6.533890576943802,3,0.2680134045027388,-1.0444067733092854,Normal,0.11456289954035714
16344,158,4,842.42,5.0689042022202315,1.6094379124341003,6.73746505457173,2,-0.1962971487439944,0.33133152950837386,Normal,0.14181769069525785
16345,44,2,1198.74,3.8066624897703196,1.0986122886681098,7.0898601456338115,3,-0.02433679389883973,-0.446363977090947,Normal,0.12200078432015937
16346,385,1,224.51,5.955837369464831,0.6931471805599453,5.418364503857487,1,-1.7559612484190585,0.09026631456730143,Normal,0.15262294865120807
16347,11,11,3509.41,2.4849066497880004,2.4849066497880004,8.163488118755067,0,1.927628341400952,-0.34657365335107515,Normal,0.1096831346001167
16348,32,8,1798.22,3.4965075614664802,2.1972245773362196,7.495108516634901,0,1.0902187762730655,-0.0939928162684358,Normal,0.12955253489504637
16349,291,1,53.5,5.676753802268282,0.6931471805599453,3.9982007016691985,1,-2.2836184570061273,-0.4887868556881686,Normal,0.05255931706413364
16350,21,9,2253.89,3.091042453358316,2.302585092994046,7.720856470259167,0,1.3999396591700386,-0.2114890867658028,Normal,0.12850696787278698
16351,333,13,3330.0299999999997,5.811140992976701,2.6390573296152584,8.111036844457535,2,0.9465888197648009,1.5287719105155857,Normal,0.04012652114999338
16352,18,2,494.44,2.9444389791664403,1.0986122886681098,6.205446256629806,3,-0.1302842953649961,-1.1866795487346795,Normal,0.09455588698245021
16353,4,38,9999.460000000001,1.6094379124341003,3.6635616461296463,9.210386370918215,0,3.565254810005565,-0.08463342084456103,Anomaly,-0.0003285768751353224
16354,63,5,1129.51,4.1588830833596715,1.791759469228055,7.030424137322423,2,0.36455258478516683,-0.016168415809718166,Normal,0.14573480664529903
16355,375,1,416.35,5.929589143389895,0.6931471805599453,6.033925198296746,1,-1.4796385336167874,0.2600549282065964,Normal,0.15177518049985422
16356,198,6,415.87,5.293304824724492,1.9459101490553132,6.032774422594961,2,-0.3188589282693766,0.36731604233676396,Normal,0.05909410039712937
16357,33,4,868.37,3.5263605246161616,1.6094379124341003,6.767768811403081,3,0.31578628041139967,-0.5104045179815117,Normal,0.13612765945725674
16358,1,5,2919.65,0.6931471805599453,1.791759469228055,7.97956147322974,0,1.8984344532901318,-1.6436129627950853,Anomaly,-0.01187699569828693
16359,7,16,2697.75,2.0794415416798357,2.833213344056216,7.900543981829017,0,2.2100134639569764,-0.5214314704422708,Normal,0.07056673564995863
16360,5,6,3512.53,1.791759469228055,1.9459101490553132,8.164376509090179,0,1.7411006337523263,-0.9259125830080146,Normal,0.06075973649084854
16361,10,4,896.66,2.3978952727983707,1.6094379124341003,6.799791377454196,3,0.6946940064116491,-1.1232364149787037,Normal,0.11008461307401579
16362,32,6,946.94,3.4965075614664802,1.9459101490553132,6.854291209112812,3,0.6197171478875356,-0.37780935861413817,Normal,0.12174859316086539
16363,53,1,109.36000000000001,3.9889840465642745,0.6931471805599453,4.703747749349086,1,-1.4307636496630713,-1.2084920732562054,Normal,0.0691554291992863
16364,12,2,707.04,2.5649493574615367,1.0986122886681098,6.562500589272956,3,0.14780839199891302,-1.289108264834334,Normal,0.08657886633501283
16365,18,15,3307.2,2.9444389791664403,2.772588722239781,8.10415951380812,0,1.9726064697391286,-0.005571460195861194,Normal,0.10300279815506713
16366,19,4,1548.1299999999999,2.995732273553991,1.6094379124341003,7.3454487620083295,3,0.7387563190763808,-0.6301518804443655,Normal,0.13163520874110246
16367,37,3,1362.4,3.6375861597263857,1.3862943611198906,7.217736858928685,3,0.30540338853614996,-0.39603867526669234,Normal,0.1320381295695648
16368,2,3,640.21,1.0986122886681098,1.3862943611198906,6.463357016371739,3,0.7983383139488813,-2.0222595632031513,Normal,0.0006352270835897622
16369,18,7,2664.81,2.9444389791664403,2.0794415416798357,7.888263230382028,0,1.3500015516939041,-0.323915614920125,Normal,0.13115636462600638
16370,82,4,1320.56,4.418840607796598,1.6094379124341003,7.186568135964853,2,0.2093569347793832,0.10721918175049691,Normal,0.14219379299857104
16371,449,1,157.2,6.1092475827643655,0.6931471805599453,5.063860055333554,1,-1.9598245998287,0.06876168027567861,Normal,0.1514007016029263
16372,33,5,1328.61,3.5263605246161616,1.791759469228055,7.192640945131866,3,0.6397078751864638,-0.3164842929277241,Normal,0.13627329163679636
16373,382,2,309.49,5.948034989180646,1.0986122886681098,5.738151694735743,1,-1.3050462222070365,0.3301046116411284,Normal,0.15039950689004145
16374,66,5,1771.45,4.204692619390966,1.791759469228055,7.480118049263697,2,0.5454005536038511,0.14371278080039568,Normal,0.1497606389133455
16375,470,2,104.0,6.154858094016418,1.0986122886681098,4.653960350157523,1,-1.8436748862878394,0.11963102930233556,Normal,0.07073682123596137
16376,9,2,987.01,2.302585092994046,1.0986122886681098,6.895692819154136,3,0.37763722624670737,-1.3340782117750896,Normal,0.07421760402826139
16377,267,2,1308.48,5.5909869805108565,1.0986122886681098,7.17738539082617,2,-0.5633503732244088,0.5640007412015526,Normal,0.1188651646152808
16378,247,3,362.95,5.5134287461649825,1.3862943611198906,5.897016495564267,1,-0.875943803866635,0.24325007686300437,Normal,0.11594651501106495
16379,4,4,2157.4,1.6094379124341003,1.6094379124341003,7.677122485453491,3,1.3314322149169109,-1.2954927207950477,Normal,0.05566563882687303
16380,61,1,1780.59,4.127134385045092,0.6931471805599453,7.485261502995209,3,-0.26519523069755624,-0.2996564758278314,Normal,0.06608477164727189
16381,396,2,258.7,5.983936280687191,1.0986122886681098,5.5595271186687025,1,-1.3943780160877273,0.29643568048964813,Normal,0.13072583685820155
16382,408,2,353.1,6.013715156042802,1.0986122886681098,5.869579359117858,1,-1.269104072164256,0.40567369885900095,Normal,0.1568065047721403
16383,75,7,2974.84,4.330733340286331,2.0794415416798357,7.998281631066817,2,0.9495079858727054,0.47364434576712877,Normal,0.12665138120167652
16384,90,4,1358.95,4.51085950651685,1.6094379124341003,7.215203213348377,2,0.19205492429435717,0.16654506273260736,Normal,0.14079816646902832
16385,60,5,1030.61,4.110873864173311,1.791759469228055,6.938875967639927,2,0.34024695436610564,-0.07005309354314637,Normal,0.14168244667974061
16386,29,3,1102.59,3.4011973816621555,1.3862943611198906,7.006323781048,3,0.2898707429526875,-0.5897074011265339,Normal,0.13643090488856136
16387,323,5,918.55,5.780743515792329,1.791759469228055,6.82388441994499,2,-0.2498650128218029,0.8165600138545068,Normal,0.11762691941527159
16388,654,1,186.05,6.484635235635252,0.6931471805599453,5.231375960794155,1,-2.008347616469129,0.32595632702375826,Normal,0.11395021522850546
16389,53,4,1382.07,3.9889840465642745,1.6094379124341003,7.2320609449898114,2,0.36817768908234433,-0.11625493101535461,Normal,0.14528355668485016
16390,537,3,467.5,6.2878585601617845,1.3862943611198906,6.149536101678477,1,-1.016541760926005,0.7459865176378967,Normal,0.11145773475129417
16391,401,4,1103.61,5.996452088619021,1.6094379124341003,7.007247610476987,2,-0.37890621991443996,0.9236895803754863,Normal,0.13741734168945402
16392,270,3,763.05,5.602118820879701,1.3862943611198906,6.638633232051266,2,-0.5819474990196213,0.5141686796732037,Normal,0.14810955751637045
16393,2,23,5561.66,1.0986122886681098,3.1780538303479458,8.623831690105762,0,3.1049565210833174,-0.7196812926136739,Anomaly,-0.0016742246729435362
16394,57,5,1555.34,4.060443010546419,1.791759469228055,7.350092189866152,2,0.5354797048006085,0.025227456674951854,Normal,0.14966521614953487
16395,61,14,3537.85,4.127134385045092,2.70805020110221,8.171557094592721,0,1.5701935899139199,0.6433094193983792,Normal,0.09390214824445653
16396,476,1,137.8,6.1675164908883415,0.6931471805599453,4.933034048072704,1,-2.035593270519142,0.06173820881438515,Normal,0.14140493081966587
16397,628,1,127.88,6.444131256700441,0.6931471805599453,4.858881738868719,1,-2.157321588436804,0.19211094986392704,Normal,0.1106652516461763
16398,154,2,1705.8,5.043425116919247,1.0986122886681098,7.4423755513138445,2,-0.27095637569936837,0.34131076806574345,Normal,0.10299384283145152
16399,19,3,641.82,2.995732273553991,1.3862943611198906,6.46586474725612,3,0.18585226159773324,-0.9751309368716022,Normal,0.11576524806208482
16400,95,9,3159.44,4.564348191467836,2.302585092994046,8.058466537394228,2,1.0703305954960909,0.7021918164121205,Normal,0.11280922874218635
16401,1,23,6849.15,0.6931471805599453,3.1780538303479458,8.832025828826737,0,3.326680572161553,-0.8809979029707986,Anomaly,-0.020429205250541926
16402,265,2,511.4,5.583496308781699,1.0986122886681098,6.239105570022579,1,-0.9691776812033727,0.27899812244366995,Normal,0.14673204096080578
16403,312,1,177.5,5.746203190540153,0.6931471805599453,5.184588601219693,1,-1.7898771871089942,-0.09533984993934926,Normal,0.13883825705847957
16404,70,1,443.05,4.2626798770413155,0.6931471805599453,6.095937168704513,1,-0.9135356952084741,-0.6407846117676026,Normal,0.11697074166157273
16405,302,2,167.25,5.713732805509369,1.0986122886681098,5.125450968524837,1,-1.4958558775480053,0.01746260034506351,Normal,0.09307561604543341
16406,19,3,552.68,2.995732273553991,1.3862943611198906,6.316586902533608,3,0.12090076608364103,-1.0198167807811553,Normal,0.10798868801452044
16407,13,14,2821.65,2.6390573296152584,2.70805020110221,7.945431438987258,0,1.9530874699950476,-0.24514626967698877,Normal,0.10481657343755546
16408,591,1,231.93,6.3835066348840055,0.6931471805599453,5.450737979243263,1,-1.8801945870187389,0.3358430220643813,Normal,0.13985384564055708
16409,36,12,5709.04,3.6109179126442243,2.5649493574615367,8.64998130787946,0,1.836171996302682,0.4494191979077348,Normal,0.1034912912487293
16410,734,1,130.32,6.5998704992128365,0.6931471805599453,4.877637092633392,1,-2.1995311040554086,0.28362504226378005,Normal,0.08378909666771428
16411,19,4,910.1899999999999,2.995732273553991,1.6094379124341003,6.814751437533682,3,0.5078474058747586,-0.7890144219606493,Normal,0.1307661789201746
16412,54,5,647.23,4.007333185232471,1.791759469228055,6.474245571648193,3,0.17157178056200684,-0.26624774236061266,Normal,0.11171104822747596
16413,57,2,528.98,4.060443010546419,1.0986122886681098,6.272839269985096,3,-0.46190555531570593,-0.5509610437968856,Normal,0.12899737824077795
16414,22,5,559.71,3.1354942159291497,1.791759469228055,6.329203837819883,3,0.3904384825790628,-0.7905381461803113,Normal,0.09554371972012765
16415,44,3,719.44,3.8066624897703196,1.3862943611198906,6.579862136468857,3,-0.026822531147033105,-0.49372846840962387,Normal,0.1280719949577856
16416,27,9,2972.88,3.332204510175204,2.302585092994046,7.997622776508652,0,1.4423640026174216,0.004375674126021901,Normal,0.1288261803766103
16417,493,1,35.7,6.202535517187923,0.6931471805599453,3.6027767550605247,1,-2.6257205533672807,-0.3171549048607062,Normal,0.03831605619339673
16418,45,5,1101.94,3.828641396489095,1.791759469228055,7.005734620675105,3,0.4606186766490973,-0.20570767405598317,Normal,0.13534359418115577
16419,113,8,1487.42,4.736198448394496,2.1972245773362196,7.30547043363024,2,0.6067585759083796,0.533005136108619,Normal,0.09998028424183475
16420,396,1,75.0,5.983936280687191,0.6931471805599453,4.330733340286331,1,-2.238282613638502,-0.21981431323980924,Normal,0.1052638671731349
16421,376,3,526.27,5.932245187448011,1.3862943611198906,6.26771275130897,1,-0.8501080723009332,0.5852197481688776,Normal,0.14299366092359317
16422,17,109,63651.47,2.8903717578961645,4.700480365792417,11.061193409202769,0,4.747126890140572,1.5554620447851808,Anomaly,-0.12791412858680595
16423,25,1,346.12,3.258096538021482,0.6931471805599453,5.849670541490095,3,-0.6957794945303946,-1.268593018406426,Normal,0.08003548315911957
16424,191,2,443.06,5.2574953720277815,1.0986122886681098,6.09595968843743,1,-0.9260240805506127,0.05633836498361751,Normal,0.13279686001057245
16425,302,1,302.7,5.713732805509369,0.6931471805599453,5.716040372051703,1,-1.548138256826148,0.0458391252365651,Normal,0.14980785382758094
16426,2,10,1908.25,1.0986122886681098,2.3978952727983707,7.554465773768493,0,2.044638845269015,-1.3253580741768252,Normal,0.023648932451088567
16427,263,2,241.06,5.575949103146316,1.0986122886681098,5.489185629310458,1,-1.2930304309201581,0.050349247587157586,Normal,0.11741866261967054
16428,414,3,660.28,6.028278520230698,1.3862943611198906,6.494177350763422,2,-0.7826318938345591,0.7059794683408964,Normal,0.15039606728045124
16429,106,1,284.55,4.672828834461906,0.6931471805599453,5.654417145110872,1,-1.2382958179571644,-0.5467299265324713,Normal,0.12836457682350494
16430,57,7,1117.94,4.060443010546419,2.0794415416798357,7.02013708757141,2,0.6113314869590117,0.03175823192031038,Normal,0.11086545919658786
16431,213,3,642.81,5.365976015021851,1.3862943611198906,6.467403651518229,2,-0.5800756687664551,0.332664423576368,Normal,0.13526654223925733
16432,64,1,287.4,4.174387269895637,0.6931471805599453,5.664348405410794,1,-1.0727659153554818,-0.8186781076987474,Normal,0.11071679860087486
16433,28,2,384.52,3.367295829986474,1.0986122886681098,5.954593072332077,3,-0.37619443361957805,-1.0285401747774188,Normal,0.10511020290392864
16434,29,12,2741.74,3.4011973816621555,2.5649493574615367,7.916712699715199,0,1.5849523500106,0.1142438660052131,Normal,0.10912812860604842
16435,512,3,1011.5699999999999,6.240275845170769,1.3862943611198906,6.920246932393394,2,-0.6658123688365225,0.9504515486072284,Normal,0.12501589280881809
16436,668,3,329.34,6.505784060128229,1.3862943611198906,5.800122427092944,1,-1.2390559881325385,0.7615899248969942,Normal,0.06127885760336427
16437,381,2,301.25,5.945420608606575,1.0986122886681098,5.711254489494902,1,-1.3159037656678192,0.3206110284223958,Normal,0.14683048827976586
16438,6,5,798.35,1.9459101490553132,1.791759469228055,6.683798897410901,3,0.9294664142439036,-1.3405197745454775,Normal,0.073594152847123
16439,722,1,310.70000000000005,6.583409222158765,0.6931471805599453,5.7420411867732915,1,-1.8181008002657062,0.5333022314943777,Normal,0.11286117906263327
16440,8,6,3856.9700000000003,2.1972245773362196,1.9459101490553132,8.257896417385673,0,1.6506537900035285,-0.6742788406253077,Normal,0.0754431196919414
16441,67,5,1034.43,4.219507705176107,1.791759469228055,6.942572078357499,2,0.306720183907203,-0.009028453234366034,Normal,0.14086672701024416
16442,2,5,899.47,1.0986122886681098,1.791759469228055,6.802916849235962,3,1.2553330205465592,-1.7721988982542918,Normal,0.009259563628820966
16443,521,1,162.24,6.257667587882639,0.6931471805599453,5.095221510537605,1,-1.994181912373859,0.1600123606839272,Normal,0.14798401118162258
16444,46,17,3656.58,3.8501476017100584,2.8903717578961645,8.20455700551905,0,1.8131943469520486,0.56714876436598,Normal,0.08451137337590853
16445,34,4,602.73,3.5553480614894135,1.6094379124341003,6.403127078124099,3,0.14775362784618107,-0.6035704477910312,Normal,0.11716776851175698
16446,1,2,168472.5,0.6931471805599453,1.0986122886681098,12.034533746376653,0,3.1341046222759257,-0.683486316765232,Anomaly,-0.12501255086497098
16447,136,3,775.14,4.919980925828125,1.3862943611198906,6.654332916281998,2,-0.35449563118195165,0.1426274727917932,Normal,0.14809483851351957
16448,198,2,367.87,5.293304824724492,1.0986122886681098,5.910444278444026,1,-1.0183244058063836,0.02055603007084517,Normal,0.13933079309059332
16449,198,2,707.69,5.293304824724492,1.0986122886681098,6.563418195373777,1,-0.7342123695218324,0.21602167725493715,Normal,0.13514475098234868
16450,150,3,1505.73,5.017279836814924,1.3862943611198906,7.317697018672935,2,-0.0973317352163497,0.39486970146782535,Normal,0.1292477104951022
16451,88,3,1013.15,4.48863636973214,1.3862943611198906,6.921806102204797,2,-0.09860891048812052,-0.015218246665345976,Normal,0.15051451261477855
16452,631,2,332.17,6.448889394146858,1.0986122886681098,5.808652870224797,1,-1.4363599663522424,0.6274608137824847,Normal,0.10743446527737044
16453,531,2,251.71,6.2766434893416445,1.0986122886681098,5.532242586226923,1,-1.5009186509595807,0.4497141086781372,Normal,0.11195641254781091
16454,45,4,30.950000000000003,3.828641396489095,1.6094379124341003,3.4641721808235437,1,-1.219389595377007,-1.3325991433872273,Anomaly,-0.014123008588168617
16455,64,11,4384.37,4.174387269895637,2.4849066497880004,8.386029279809897,0,1.4780357611527024,0.651895438617075,Normal,0.1164443423159246
16456,99,13,6862.91,4.605170185988092,2.6390573296152584,8.834032529193724,0,1.6512094952963288,1.0800315358893462,Normal,0.07170605897947102
16457,218,1,208.36,5.389071729816501,0.6931471805599453,5.34405525822189,1,-1.6049870326662259,-0.244583906747106,Normal,0.1231683034903372
16458,3,30,5715.34,1.3862943611198906,3.4339872044851463,8.651084019436118,0,3.2189722775647827,-0.4591684662761421,Anomaly,-0.00032943401265272954
16459,730,1,71.78999999999999,6.594413459749778,0.6931471805599453,4.287578583130166,1,-2.454503403032635,0.10398302872682227,Normal,0.043900833603629175
16460,28,3,814.72,3.367295829986474,1.3862943611198906,6.704071158824147,3,0.16932382884992306,-0.6988845374697651,Normal,0.13503274824710837
16461,178,3,1615.22,5.187385805840755,1.3862943611198906,7.387845368428882,2,-0.12182648267594745,0.5096922525415594,Normal,0.1260090663108125
16462,74,3,136.0,4.31748811353631,1.3862943611198906,4.919980925828125,1,-0.914258774297576,-0.7088569439032301,Normal,0.044782106770831054
16463,21,4,1422.4,3.091042453358316,1.6094379124341003,7.260803654865171,3,0.6711010805281716,-0.6029207160399331,Normal,0.13195810405527092
16464,20,3,1314.68,3.044522437723423,1.3862943611198906,7.182108921222586,3,0.48171349730464064,-0.7338147753624882,Normal,0.13031389580159797
16465,421,2,746.24,6.045005314036012,1.0986122886681098,6.616386418672361,1,-0.954284830464982,0.6464864361458476,Normal,0.15331778318406908
16466,34,15,3838.59,3.5553480614894135,2.772588722239781,8.253120869048027,0,1.839836619943663,0.3759734447953454,Normal,0.09990028940531176
16467,509,7,2869.16,6.234410725718371,2.0794415416798357,7.962123056328662,2,0.31807721002754136,1.5128151458592933,Normal,0.05759019179624403
16468,74,3,787.52,4.31748811353631,1.3862943611198906,6.670157770697776,3,-0.15274856024183936,-0.18494712024964202,Normal,0.15147454463916138
16469,24,5,828.91,3.2188758248682006,1.791759469228055,6.721317261176341,3,0.5340811383785531,-0.6271701831193514,Normal,0.12135713861733882
16470,52,11,2458.6,3.970291913552122,2.4849066497880004,7.807754014079315,0,1.2924351249243238,0.3662194951047929,Normal,0.1252913376108895
16471,275,4,1189.98,5.62040086571715,1.6094379124341003,7.0825317766030516,2,-0.22452512945955744,0.7388103565719584,Normal,0.13586142964433834
16472,434,2,789.6,6.075346031088684,1.0986122886681098,6.672792150862585,1,-0.939555394649046,0.6801060761389429,Normal,0.14533326066113655
16473,165,4,470.83,5.111987788356544,1.6094379124341003,6.156618751217421,2,-0.46296045447894046,0.18122029037491072,Normal,0.11280682310555268
16474,7,7,1871.5,2.0794415416798357,2.0794415416798357,7.535029715391374,0,1.476070299544731,-0.9067540364061876,Normal,0.10081802092516257
16475,88,4,544.3,4.48863636973214,1.6094379124341003,6.301336101932016,2,-0.19838544207413047,-0.11927554721329879,Normal,0.1282337512355632
16476,432,1,350.35,6.07073772800249,0.6931471805599453,5.861782877638206,1,-1.600189536937342,0.28637677211394125,Normal,0.16635491867019842
16477,64,11,4320.02,4.174387269895637,2.4849066497880004,8.371246764479425,0,1.4716038188912173,0.6474703400776638,Normal,0.11909679075863344
16478,25,3,331.0,3.258096538021482,1.3862943611198906,5.805134968916488,3,-0.18648970746213955,-1.0282083042670025,Normal,0.07768759516605611
16479,10,2,300.83,2.3978952727983707,1.0986122886681098,5.709863944972069,3,-0.16914827197246418,-1.636482875253248,Normal,0.061121251632049844
16480,76,1,769.29,4.343805421853684,0.6931471805599453,6.646767067319571,3,-0.700105082251115,-0.431149738665639,Normal,0.09999606169184039
16481,682,1,453.38,6.52649485957079,0.6931471805599453,6.118933852353786,1,-1.6357054586872257,0.6147320825834066,Normal,0.10702655956252421
16482,16,1,220.62,2.833213344056216,0.6931471805599453,5.400964203508179,3,-0.75359563828893,-1.6372609434929921,Normal,0.05055461435451958
16483,192,1,139.35,5.262690188904886,0.6931471805599453,4.9441393028078915,1,-1.7381173280362778,-0.43400463067343553,Normal,0.11295104375462628
16484,174,2,404.3,5.1647859739235145,1.0986122886681098,6.004627533634263,1,-0.9357785394876416,-0.022136537712044057,Normal,0.13257269437995334
16485,77,5,2294.68,4.356708826689592,1.791759469228055,7.738784374903863,2,0.6087815602417483,0.30498997085367785,Normal,0.14151729567899085
16486,538,1,134.36,6.289715570908998,0.6931471805599453,4.907937895857914,1,-2.086035036240745,0.12162603830934039,Normal,0.13950801220891318
16487,577,2,209.4,6.359573868672378,1.0986122886681098,5.349010480863555,1,-1.6074656137640297,0.44060535273626833,Normal,0.09822794391888545
16488,33,3,498.8,3.5263605246161616,1.3862943611198906,6.214208018400852,3,-0.0952635329605851,-0.7577895689145618,Normal,0.11348651220531392
16489,380,2,303.7,5.942799375126701,1.0986122886681098,5.719327685991663,1,-1.3115433057068595,0.32158194297539316,Normal,0.1476647556391779
16490,436,1,205.41000000000003,6.07993319509559,0.6931471805599453,5.329864482046166,1,-1.8346037934543706,0.13222057056318312,Normal,0.15657478300318695
16491,47,2,1533.16,3.871201010907891,1.0986122886681098,7.33573827896526,3,0.061772533372941765,-0.33716419675717996,Normal,0.11724079153682831
16492,541,1,385.56,6.295266001439646,0.6931471805599453,5.957287095306396,1,-1.6312533931745807,0.43880675729822255,Normal,0.14403198914946913
16493,80,7,2132.09,4.394449154672439,2.0794415416798357,7.665326911674032,2,0.7840304886096608,0.4091185954331815,Normal,0.13530610895769374
16494,297,1,826.53,5.697093486505405,0.6931471805599453,6.7184453603705006,1,-1.1066055286574812,0.33672823836235416,Normal,0.112752524076706
16495,3,3,684.41,1.3862943611198906,1.3862943611198906,6.530017199354501,3,0.7342987263217077,-1.843630756446275,Normal,0.027670249284093673
16496,9,6,2330.77,2.302585092994046,1.9459101490553132,7.754382914819036,0,1.3974963976799641,-0.7668912103885491,Normal,0.10639266100409167
16497,50,23,6695.28,3.9318256327243257,3.1780538303479458,8.809307427304605,0,2.2693241521755505,0.898531079661459,Normal,0.050491560457718965
16498,161,2,100.97,5.087596335232384,1.0986122886681098,4.624678652376135,1,-1.5112357118496045,-0.4777946248612917,Normal,0.05939132353952126
16499,360,8,2578.34,5.8888779583328805,2.1972245773362196,7.855288831236204,2,0.47318109108031875,1.3333649063665347,Normal,0.07408149663654617
16500,5,9,843.9100000000001,1.791759469228055,2.302585092994046,6.739230112808961,3,1.3930507778192576,-1.2219699857569604,Normal,0.02643745908708217
16501,383,1,1237.23,5.950642552587727,0.6931471805599453,7.121438219510729,1,-1.0132656916392428,0.5972107077093445,Normal,0.09369055643872976
16502,620,2,266.5,6.431331081933479,1.0986122886681098,5.589119566336061,1,-1.5262011363357095,0.5520597382374414,Normal,0.09601869582157552
16503,107,11,3614.34,4.68213122712422,2.4849066497880004,8.192941182728983,2,1.2298048215581905,0.8741470479824792,Normal,0.09390338553388378
16504,25,1,484.38,3.258096538021482,0.6931471805599453,6.18493208931219,3,-0.5499056111025311,-1.1682335496406369,Normal,0.08036223613291577
16505,32,1,777.6,3.4965075614664802,0.6931471805599453,6.657497435176356,3,-0.42139842581901865,-0.8952743379099771,Normal,0.07915772561209389
16506,20,2,90.30000000000001,3.044522437723423,1.0986122886681098,4.514150787600923,3,-0.8985444976860751,-1.6377612599756042,Normal,0.02223152831806874
16507,572,1,152.76,6.35088571671474,0.6931471805599453,5.035392945221982,1,-2.050362733474814,0.19351838293697243,Normal,0.14154855241012976
16508,630,1,248.8,6.447305862541213,0.6931471805599453,5.520660597691477,1,-1.870405229148019,0.3919633178470584,Normal,0.13109028915604792
16509,297,1,363.7,5.697093486505405,0.6931471805599453,5.8990750978146345,1,-1.463117401077033,0.09145237894221118,Normal,0.14672503473898074
16510,372,6,2100.0,5.921578419643816,1.9459101490553132,7.650168700845001,2,0.18167719648453218,1.198009224812832,Normal,0.10765939727767143
16511,22,6,1819.02,3.1354942159291497,1.9459101490553132,7.506602769021451,3,1.0203019490131884,-0.3816629722585887,Normal,0.13661080690298483
16513,5,4,874.59,1.791759469228055,1.6094379124341003,6.774897944843427,3,0.8799025949460603,-1.4650092295775905,Normal,0.0669706412157095
16515,52,10,3216.3,3.970291913552122,2.3978952727983707,8.076297777476105,0,1.3429156969324543,0.4147579788452771,Normal,0.12918152551386608
16516,30,1,101.69999999999999,3.4339872044851463,0.6931471805599453,4.631812116934513,3,-1.282562994051414,-1.5361405479051047,Normal,0.04807904936776419
16517,277,1,162.7,5.627621113690637,0.6931471805599453,5.098035484377089,1,-1.7891843772874005,-0.186654531004149,Normal,0.13655261744676783
16518,61,4,959.37,4.127134385045092,1.6094379124341003,6.867318626874623,2,0.16479522648162645,-0.14924099495644336,Normal,0.1515587837535139
16519,25,4,556.26,3.258096538021482,1.6094379124341003,6.3230319173719,3,0.2090425986507885,-0.7914991107835027,Normal,0.10311656431057148
16520,186,6,2482.62,5.231108616854587,1.9459101490553132,7.817472452284856,2,0.47778746252727416,0.8672546513039368,Normal,0.11261858912776002
16521,415,3,1148.01,6.030685260261263,1.3862943611198906,7.0466559810310745,2,-0.543024232924091,0.8726896385029372,Normal,0.13998039622528607
16522,436,2,433.36,6.07993319509559,1.0986122886681098,6.0738736833487,1,-1.201631255795224,0.5033518564132702,Normal,0.14967360848808386
16523,2,28,11916.33,1.0986122886681098,3.367295829986474,9.385748922240507,0,3.580806292969543,-0.42233457268802677,Anomaly,-0.007148542361651966
16524,446,2,308.14,6.102558594613569,1.0986122886681098,5.733794248724172,1,-1.3569190580493158,0.41402946322258816,Normal,0.14872612706174537
16525,2,48,24582.64,1.0986122886681098,3.8918202981106265,10.10983646003242,0,4.295918093771764,-0.013586851425133521,Anomaly,-0.06582583886032356
16526,172,2,717.21,5.153291594497779,1.0986122886681098,6.576762005393183,1,-0.6831225511154204,0.1427902261688558,Normal,0.13624238207341166
16527,81,2,1272.44,4.406719247264253,1.0986122886681098,7.1494771790575395,2,-0.1924708605130613,-0.09754973048039849,Normal,0.12900778441139432
16528,4,1,244.41,1.6094379124341003,0.6931471805599453,5.502930281242811,3,-0.31342940738384584,-2.2817248803302985,Anomaly,-0.0047457506734944754
16529,190,4,2012.0,5.25227342804663,1.6094379124341003,7.607381425639791,2,0.12290127159015363,0.6928775709966289,Normal,0.12740429086070132
16530,668,1,48.349999999999994,6.505784060128229,0.6931471805599453,3.8989377658794906,1,-2.5949378416351507,-0.06123989903275899,Normal,0.021000369632784177
16531,22,11,2298.33,3.1354942159291497,2.4849066497880004,7.7403730551320615,0,1.5331123013223833,-0.11439287333143584,Normal,0.1165786426354361
16532,18,5,8756.64,2.9444389791664403,1.791759469228055,9.07768174124132,0,1.6481063592067624,-0.07316877611311576,Normal,0.06636682389892357
16533,19,3,1095.56,2.995732273553991,1.3862943611198906,6.999933285923126,3,0.4182280060220264,-0.8152592332022514,Normal,0.12887717530622178
16534,642,1,635.9,6.466144724237619,0.6931471805599453,6.45661265737732,1,-1.46926103622914,0.6825283510736355,Normal,0.09826138654045757
16535,5,3,1001.59,1.791759469228055,1.3862943611198906,6.910341930712237,3,0.7686420161200208,-1.5061429103974164,Normal,0.06665743168628557
16536,110,1,548.97,4.709530201312334,0.6931471805599453,6.309863731284314,1,-0.9649780733616647,-0.33028104051780516,Normal,0.11301801708573239
16537,641,1,23.35,6.464588303689961,0.6931471805599453,3.192531849528599,1,-2.888974630883089,-0.29542222836647986,Anomaly,-0.02028993646739441
16538,541,3,399.62,6.295266001439646,1.3862943611198906,5.993013347097833,1,-1.0870413071215734,0.7032175910680524,Normal,0.09942152040506286
16539,3,10,3732.01,1.3862943611198906,2.3978952727983707,8.224970157721604,0,2.2433347223951148,-0.9659704430920116,Normal,0.057306255976446674
16540,414,1,226.70000000000002,6.028278520230698,0.6931471805599453,5.4280289730696945,1,-1.7751855151808538,0.13311507694761907,Normal,0.15990120390285972
16541,735,1,424.03,6.601230118728877,0.6931471805599453,6.052159754668478,1,-1.6889304804398861,0.6359645465735662,Normal,0.09315985410302152
16542,54,2,257.32,4.007333185232471,1.0986122886681098,5.55419912645002,3,-0.7574121996850001,-0.7953769889806224,Normal,0.0988040372530174
16543,592,1,292.21,6.385194398997726,0.6931471805599453,5.680889075842892,1,-1.7806006236493732,0.4056689198193976,Normal,0.14340874334834852
16544,520,4,376.70000000000005,6.255750041753367,1.6094379124341003,5.934100229718411,1,-0.9297013126908391,0.745465068167359,Normal,0.08328921687322988
16545,165,2,689.82,5.111987788356544,1.0986122886681098,6.5378792977932045,1,-0.6866818924276089,0.10836923181585048,Normal,0.13731256404847764
16546,291,5,5606.47,5.676753802268282,1.791759469228055,8.631854916402343,2,0.5704244280480925,1.3004134812166488,Normal,0.06899167094152936
16547,546,1,111.71,6.304448802421981,0.6931471805599453,4.724818148253987,1,-2.1704764078955834,0.07493600951399505,Normal,0.129465029482823
16548,599,1,30.15,6.396929655216146,0.6931471805599453,3.4388142452334622,1,-2.7599334576488763,-0.25901627472286404,Normal,0.001448437410019765
16549,10,34,13182.19,2.3978952727983707,3.5553480614894135,9.48669781215506,0,3.3479367886637026,0.3933520955335826,Normal,0.00853650107708237
16550,109,18,9435.13,4.700480365792417,2.9444389791664403,9.152301217456825,0,1.9917803301891344,1.3396540978603835,Normal,0.03149833267062041
16551,96,7,2237.12,4.574710978503383,2.0794415416798357,7.713391506737356,2,0.7466423316673227,0.5229320217599775,Normal,0.13362071287749772
16552,243,2,475.02000000000004,5.497168225293202,1.0986122886681098,6.165459870155462,1,-0.9733005605736939,0.20933728940999483,Normal,0.14148674983279863
16553,163,33,16644.01,5.099866427824199,3.5263605246161616,9.71986575078996,0,2.5533936416465526,1.9428424042602697,Anomaly,-0.06678416438848389
16554,42,8,2841.72,3.7612001156935624,2.1972245773362196,7.952516619287596,0,1.2036308534434483,0.1889249983411476,Normal,0.13041626569526504
16555,35,6,1915.68,3.58351893845611,1.9459101490553132,7.558349801620829,2,0.8979146606692833,-0.11905957039315498,Normal,0.13449880100174771
16556,67,17,8012.58,4.219507705176107,2.8903717578961645,8.988892881537227,0,2.035002077527244,1.0056619275174525,Normal,0.062067969069523055
16557,24,2,281.85,3.2188758248682006,1.0986122886681098,5.644916721789165,3,-0.46293324695773314,-1.2031035262249241,Normal,0.08359530456131381
16558,1,38,13873.51,0.6931471805599453,3.6635616461296463,9.537808622675719,0,4.004069662525801,-0.492011117804753,Anomaly,-0.0622023754449188
16559,397,1,185.20000000000002,5.986452005284438,0.6931471805599453,5.226821364842967,1,-1.8492041302617068,0.04981433841473584,Normal,0.1602880004576535
16560,27,8,3048.38,3.332204510175204,2.1972245773362196,8.02269357024902,0,1.3729133394029727,-0.02668512588308378,Normal,0.1301780975769698
16561,6,2,511.12,1.9459101490553132,1.0986122886681098,6.238558972577978,3,0.2070729942698673,-1.7275172125523646,Normal,0.04590560639304886
16562,477,1,223.85999999999999,6.169610732491456,0.6931471805599453,5.415477986321614,1,-1.82635696499783,0.20731135656794433,Normal,0.1464444611811409
16563,54,6,4422.76,4.007333185232471,1.9459101490553132,8.39474529218269,2,1.124761911275051,0.3650722688571109,Normal,0.11197754726666287
16564,569,1,87.8,6.345636360828596,0.6931471805599453,4.486386649998124,1,-2.287540190250967,0.026279768263702704,Normal,0.09840060526193384
16565,364,4,773.05,5.8998973535824915,1.6094379124341003,6.651636470986475,2,-0.5024060332747103,0.7639826724677734,Normal,0.13965480260439472
16566,15,5,614.66,2.772588722239781,1.791759469228055,6.422694863102173,3,0.5484897980555555,-0.9627165297506262,Normal,0.08725817607400871
16567,194,2,865.6,5.272999558563747,1.0986122886681098,6.764577509305809,2,-0.6401197586540295,0.2650384737414021,Normal,0.13152441143958343
16568,428,2,1020.9000000000001,6.061456918928017,1.0986122886681098,6.929418918618164,2,-0.8234037810481116,0.7492657791523774,Normal,0.14032569698132646
16569,3,5,1455.23,1.3862943611198906,1.791759469228055,7.28360618331412,3,1.3714394726754144,-1.469631793391324,Normal,0.04541695511717503
16570,15,20,7434.31,2.772588722239781,3.044522437723423,8.913995552712347,0,2.5879561713564185,0.24160173359268058,Normal,0.07967273399462471
16571,27,10,4248.74,3.332204510175204,2.3978952727983707,8.354613083576517,0,1.670385805696424,0.14612646184571404,Normal,0.1206310842902209
16572,127,3,1009.6,4.852030263919617,1.3862943611198906,6.918299492857808,2,-0.21766554267880206,0.18416606593875523,Normal,0.14707833387103691
16573,85,2,663.61,4.454347296253507,1.0986122886681098,6.499200402451892,3,-0.4908134888348938,-0.2659382092460526,Normal,0.14087093196923156
16574,71,3,1301.78,4.276666119016055,1.3862943611198906,7.172255721733736,2,0.0789195087108538,-0.05716154135687778,Normal,0.14631258137513203
16576,420,2,540.87,6.042632833682381,1.0986122886681098,6.2950261202719355,1,-1.0933428936993728,0.5489796934738345,Normal,0.1598981841944792
16577,667,1,380.0,6.504288173536645,0.6931471805599453,5.942799375126701,1,-1.7051601910360308,0.5497584435103767,Normal,0.11737272244064689
16578,626,1,156.6,6.440946540632921,0.6931471805599453,5.060060177423779,1,-2.0687578806183153,0.2505765039307376,Normal,0.12017860423155646
16579,426,1,295.05,6.056784013228625,0.6931471805599453,5.690528358977785,1,-1.6701901984767473,0.22741595245237486,Normal,0.16714357460665058
16581,183,1,105.84,5.214935757608986,0.6931471805599453,4.67133238824176,1,-1.8413718996533912,-0.5420080010422041,Normal,0.09052836049065266
16582,113,1,313.62,4.736198448394496,0.6931471805599453,5.751365561394358,1,-1.2166084596841538,-0.4827565031709785,Normal,0.12988429807741259
16583,374,2,531.4,5.926926025970411,1.0986122886681098,6.277395086520957,1,-1.0635916955555114,0.479882504022086,Normal,0.1510955448389253
16584,80,5,3163.67,4.394449154672439,1.791759469228055,8.059804063739419,2,0.7362525551461407,0.4219022887892083,Normal,0.11972783830497097
16585,594,2,341.59,6.38856140554563,1.0986122886681098,5.83653439690594,1,-1.4047169661835535,0.6025324761620944,Normal,0.1237855979248772
16586,249,3,1462.78,5.521460917862246,1.3862943611198906,7.288777410005061,2,-0.272979864492306,0.6642994765791359,Normal,0.1268364536055
16587,232,1,225.15,5.4510384535657,0.6931471805599453,5.421198495923853,1,-1.5914632705596143,-0.18731287997421947,Normal,0.12497305704882722
16588,386,4,1361.28,5.958424693029782,1.6094379124341003,7.216915045610148,2,-0.2753798948914062,0.9654784150883686,Normal,0.12825045597726653
16589,71,4,612.36,4.276666119016055,1.6094379124341003,6.418952039250639,3,-0.07865358558840742,-0.20098217852196326,Normal,0.1316105206773946
16590,401,2,605.9,5.996452088619021,1.0986122886681098,6.408364032841809,1,-1.0290929970779872,0.5574355226990939,Normal,0.1542020214295864
16591,69,1,213.5,4.248495242049359,0.6931471805599453,5.368309738368072,1,-1.2255421537360947,-0.8664212442558877,Normal,0.10570318416652819
16592,4,28,7807.91,1.6094379124341003,3.367295829986474,8.963020668432987,0,3.2316611463669673,-0.26712527954587206,Normal,0.02596696477953353
16593,51,8,1071.1399999999999,3.9512437185814275,2.1972245773362196,6.977411930118625,2,0.7178932290805803,0.0018512326000011713,Normal,0.09777659557945079
16594,75,1,181.09,4.330733340286331,0.6931471805599453,5.204501070343752,1,-1.3234139857554843,-0.8700974919966754,Normal,0.10728342031966176
16595,61,5,1810.18,4.127134385045092,1.791759469228055,7.501733845545069,2,0.5798900075181668,0.10740528032559447,Normal,0.15016211433076582
16596,16,4,579.63,2.833213344056216,1.6094379124341003,6.364113720941144,3,0.36433558932510174,-1.0135505270184746,Normal,0.0995649712651
16597,4,1,90.04,1.6094379124341003,0.6931471805599453,4.511298970378021,3,-0.7448928757839538,-2.578566531919651,Anomaly,-0.04056512735246298
16598,286,1,145.04999999999998,5.659482215759621,0.6931471805599453,4.98394902883375,1,-1.8491286293015177,-0.20323259492174445,Normal,0.13151245038457304
16599,386,1,172.8,5.958424693029782,0.6931471805599453,5.157905212831292,1,-1.870125123193688,0.013725728917047243,Normal,0.1538335728249311
16600,4,13,2153.41,1.6094379124341003,2.6390573296152584,7.675272183150189,0,2.115923915547746,-0.9191696119012167,Normal,0.051952769279189015
16601,41,3,684.25,3.7376696182833684,1.3862943611198906,6.529783735182895,3,-0.02629781897968269,-0.5467730743360905,Normal,0.13123514620187754
16602,36,2,763.33,3.6109179126442243,1.0986122886681098,6.638999633081288,3,-0.15719952485445238,-0.6892927564538669,Normal,0.11930105724239326
16603,75,2,482.47,4.330733340286331,1.0986122886681098,6.180989265398516,3,-0.5892887395488148,-0.4293743651981008,Normal,0.1283543644936861
16604,563,2,432.45,6.335054251498059,1.0986122886681098,6.071776449314649,1,-1.2850564541177805,0.6434389549728813,Normal,0.12831656809334352
16605,724,1,60.48,6.586171654854675,0.6931471805599453,4.118711918670395,1,-2.525312475833072,0.048887473937634346,Normal,0.021247137084622003
16606,404,2,357.66,6.003887067106539,1.0986122886681098,5.882374864520278,1,-1.2603580317050374,0.4040831989444301,Normal,0.1563338093946623
16607,18,25,5706.87,2.9444389791664403,3.258096538021482,8.649601203284814,0,2.5802303880463957,0.3354177297772461,Normal,0.04776768771675488
16608,454,2,1288.72,6.12029741895095,1.0986122886681098,7.162180419532466,2,-0.7411586765882135,0.85139632977901,Normal,0.11154558611584475
16609,15,7,5493.46,2.772588722239781,2.0794415416798357,8.611495590853199,0,1.7202641419337943,-0.2022042773683066,Normal,0.09597769575361992
16610,219,1,75.66,5.393627546352362,0.6931471805599453,4.339380059952409,1,-2.043599425820091,-0.5428173921410013,Normal,0.0750019986157654
16611,186,6,1785.13,5.231108616854587,1.9459101490553132,7.487806547141364,2,0.3343482696659402,0.7685702202222361,Normal,0.11636913866490245
16612,33,9,3245.43,3.5263605246161616,2.302585092994046,8.085311210034273,0,1.4177226279990982,0.1377138670656029,Normal,0.12703450471513444
16613,70,1,618.59,4.2626798770413155,0.6931471805599453,6.429057968967668,3,-0.7685932611576415,-0.5410659689157084,Normal,0.10740436979388113
16614,183,3,1179.79,5.214935757608986,1.3862943611198906,7.073938984975659,2,-0.2673189929970873,0.43092087064070494,Normal,0.1335200410675667
16615,626,1,291.5,6.440946540632921,0.6931471805599453,5.678464666671911,1,-1.7996871656441116,0.43569390384280543,Normal,0.13114402680998277
16616,15,2,500.42,2.772588722239781,1.0986122886681098,6.2174440732414,3,-0.06948321544389757,-1.2778739901286238,Normal,0.08585993966277283
16617,236,1,151.85,5.4680601411351315,0.6931471805599453,5.029457048336844,1,-1.7674170748107045,-0.2951909215930385,Normal,0.12315380865833603
16618,31,5,2647.59,3.4657359027997265,1.791759469228055,7.881782701906185,2,0.959164264423412,-0.1436301135010992,Normal,0.1257272368520097
16619,264,4,1938.33,5.579729825986222,1.6094379124341003,7.5700978315818475,2,0.0007712202175489865,0.8623291198190005,Normal,0.13090605078826034
16620,4,6,1758.93,1.6094379124341003,1.9459101490553132,7.473029314513969,3,1.4992596627842645,-1.2334266607105557,Normal,0.06749004985748808
16621,52,4,813.48,3.970291913552122,1.6094379124341003,6.70254987279894,3,0.1438304342726521,-0.28507222870324866,Normal,0.14361895081322867
16622,544,1,225.4,6.300785794663244,0.6931471805599453,5.422303346329028,1,-1.865812592388915,0.28170559262660827,Normal,0.14371447395855352
16623,246,4,1015.24,5.5093883366279774,1.6094379124341003,6.923864820715205,2,-0.25765757727437616,0.6300836986655184,Normal,0.13769917834823592
16624,81,2,810.5699999999999,4.406719247264253,1.0986122886681098,6.6989706432467875,3,-0.38848838269911495,-0.23240741667552037,Normal,0.1395108641151554
16625,275,5,1654.03,5.62040086571715,1.791759469228055,7.411574414535091,2,0.057700598940089845,0.9040443294959364,Normal,0.12382064344881127
16626,1,17,4413.1,0.6931471805599453,2.8903717578961645,8.392559241748096,0,2.916049777761396,-1.1178525924974467,Anomaly,-0.014710077168790692
16627,79,1,322.8,4.382026634673881,0.6931471805599453,5.780126041243535,1,-1.0895464060736793,-0.6694946080649951,Normal,0.12563092812437254
16628,30,7,2318.1,3.4339872044851463,2.0794415416798357,7.7489344583611635,0,1.1310465140154653,-0.0956073854218436,Normal,0.13920255230048512
16629,74,2,417.73,4.31748811353631,1.0986122886681098,6.037226320804645,3,-0.6475568304930722,-0.4797148957923802,Normal,0.12547680813051576
16630,407,1,106.80000000000001,6.0112671744041615,0.6931471805599453,4.680277658474897,1,-2.0950337401658135,-0.10010468000551075,Normal,0.13143998407734558
16631,482,7,1892.52,6.180016653652572,2.0794415416798357,7.546192809736556,2,0.15469643027771432,1.3583060963873401,Normal,0.06286553518093219
16632,486,2,406.4,6.18826412308259,1.0986122886681098,6.009795503792706,1,-1.2645489703320638,0.5439214052662547,Normal,0.14131530061754172
16633,17,6,2883.1,2.8903717578961645,1.9459101490553132,7.966968171867508,0,1.2998879899893807,-0.37905412487522927,Normal,0.11932172194731239
16634,223,6,1814.61,5.4116460518550396,1.9459101490553132,7.504176778388248,2,0.28308060557536424,0.8730480568734121,Normal,0.1129365781299001
16635,407,1,473.0,6.0112671744041615,0.6931471805599453,6.161207321695077,1,-1.4506742469259857,0.34320686361100705,Normal,0.15438838340055322
16636,438,4,3802.04,6.0844994130751715,1.6094379124341003,8.243556025885042,2,0.13054065353314062,1.3423380340561748,Normal,0.07339697941092416
16637,32,4,1154.47,3.4965075614664802,1.6094379124341003,7.052262466590724,3,0.4492260265495566,-0.44170799385324777,Normal,0.1354022588065804
16638,23,15,2430.53,3.1780538303479458,2.772588722239781,7.796275967830652,0,1.7630878598016066,0.031117496613580136,Normal,0.09763958136588752
16639,31,4,1747.98,3.4657359027997265,1.6094379124341003,7.466788039847446,3,0.639540404238904,-0.33459354909902883,Normal,0.13514638368606569
16640,398,1,179.4,5.988961416889864,0.6931471805599453,5.1951766076285235,1,-1.863784521599348,0.04172567616512321,Normal,0.16112339457551406
16641,106,2,554.5,4.672828834461906,1.0986122886681098,6.319868609079685,1,-0.6395041229643438,-0.1991146473269585,Normal,0.13313065766319276
16642,5,3,1077.45,1.791759469228055,1.3862943611198906,6.983280104068383,3,0.8003777599496165,-1.4843091022010342,Normal,0.06953835261168351
16643,246,2,923.11,5.5093883366279774,1.0986122886681098,6.828831112175126,2,-0.6886168959149307,0.41465548286863996,Normal,0.13334927344232156
16644,178,2,833.78,5.187385805840755,1.0986122886681098,6.72716821708184,2,-0.628707038716601,0.2066188902814141,Normal,0.1350656553851617
16645,736,1,160.39,6.602587892189336,0.6931471805599453,5.083823796047731,1,-2.1106971697200363,0.34684517922376185,Normal,0.09287427438890661
16646,449,1,678.8,6.1092475827643655,0.6931471805599453,6.521798637262015,1,-1.3254686346821338,0.5051909174667297,Normal,0.1343255427997218
16647,170,4,541.9,5.14166355650266,1.6094379124341003,6.296925140911405,2,-0.41151038468557344,0.23958856294817657,Normal,0.12369249336901622
16648,43,3,672.8,3.784189633918261,1.3862943611198906,6.512933330972452,3,-0.04867527364047804,-0.5261585489680017,Normal,0.12760541104884376
16649,520,1,306.58000000000004,6.255750041753367,0.6931471805599453,5.728735216011778,1,-1.71791692251898,0.3485950117847108,Normal,0.1576023831079929
16650,72,7,1916.11,4.290459441148391,2.0794415416798357,7.558574122724386,2,0.7712147817329694,0.319805790059204,Normal,0.1364008122610733
16651,587,1,136.2,6.376726947898627,0.6931471805599453,4.921439715291784,1,-2.1083020380152373,0.1736598719314541,Normal,0.13248522888535974
16652,59,16,17550.39,4.0943445622221,2.833213344056216,9.772888428036879,0,2.373008151132671,1.1503913408983981,Normal,0.002601589572972629
16653,16,2,1212.66,2.833213344056216,1.0986122886681098,7.101395866495808,3,0.2955208311451651,-0.979827662099656,Normal,0.09592880169407852
16654,141,8,1711.47,4.955827057601261,2.1972245773362196,7.445692051734759,2,0.5967361487375116,0.6961186665317964,Normal,0.10553219079726328
16655,18,13,6548.37,2.9444389791664403,2.6390573296152584,8.787124140797289,0,2.1679224283487453,0.14999461442079337,Normal,0.10761499872573171
16656,22,30,16833.170000000002,3.1354942159291497,3.4339872044851463,9.731166028330486,0,3.123185042149833,0.8289415454572243,Anomaly,-0.007515031463717459
16657,10,4,933.62,2.3978952727983707,1.6094379124341003,6.8401400295665695,3,0.7122498955762337,-1.1111581754140454,Normal,0.10957800653324423
16658,368,6,814.07,5.910796644040527,1.9459101490553132,6.703273999123117,2,-0.22683405962374742,0.9086125235934437,Normal,0.09519565149098563
16659,189,1,39.12,5.247024072160486,0.6931471805599453,3.691874963093735,1,-2.2779166353925917,-0.8175067668472554,Normal,0.02099111628270367
16660,16,7,1879.55,2.833213344056216,2.0794415416798357,7.5393195662301435,0,1.2341477330792872,-0.48971853603787135,Normal,0.13171213131147502
16661,540,4,986.63,6.293419278846481,1.6094379124341003,6.89530813368038,2,-0.5236584081496312,1.0539764634879976,Normal,0.10233208706363339
16662,394,1,163.8,5.978885764901122,0.6931471805599453,5.1047326174753715,1,-1.8998784051898603,0.009094218268999284,Normal,0.1553211658181467
16663,729,1,165.0,6.593044534142437,0.6931471805599453,5.111987788356544,1,-2.095356317258189,0.3500122330964483,Normal,0.10066521093523279
16664,569,1,109.2,6.345636360828596,0.6931471805599453,4.702296896718814,1,-2.1935966218172607,0.09091180794359238,Normal,0.12327810456209015
16665,362,1,135.39999999999998,5.8944028342648505,0.6931471805599453,4.915591745409362,1,-1.9548505493268733,-0.09412200914827373,Normal,0.13761197027902017
16666,19,2,225.94,2.995732273553991,1.0986122886681098,5.424685665362843,3,-0.4865864821359276,-1.3921063313273425,Normal,0.05901573052009723
16667,68,2,570.13,4.23410650459726,1.0986122886681098,6.347616854496022,3,-0.4855366955439275,-0.4327905530604986,Normal,0.13333104832956788
16668,15,13,862.42,2.772588722239781,2.6390573296152584,6.760901247087513,0,1.3418840474693774,-0.5513346576571272,Normal,0.052616731872347944
16669,24,3,1374.8700000000001,3.2188758248682006,1.3862943611198906,7.226841537285894,3,0.44478652026402005,-0.6242576312171582,Normal,0.12556276681745887
16670,17,20,8030.150000000001,2.8903717578961645,3.044522437723423,8.991083009638244,0,2.583403238564688,0.3296421795380028,Normal,0.08190443241574275
16671,28,3,1692.27,3.367295829986474,1.3862943611198906,7.434416849630159,3,0.4871006894972783,-0.4802578979973217,Normal,0.13051140587865456
16672,2,20,8134.9400000000005,1.0986122886681098,3.044522437723423,9.004046563069934,0,3.1685446313508043,-0.6547423855928836,Normal,0.010991306454456229
16673,679,1,188.83,6.522092798170152,0.6931471805599453,5.24612893480245,1,-2.014043262582167,0.35103272395517504,Normal,0.10991675272043888
16674,55,2,319.61,4.02535169073515,1.0986122886681098,5.770225431204915,3,-0.6692457798865449,-0.7207718975712083,Normal,0.11435840816836534
16675,442,2,608.86,6.093569770045136,1.0986122886681098,6.413229422629599,1,-1.0583863878165614,0.612458315120485,Normal,0.1508670995693026
16676,34,6,2361.9,3.5553480614894135,1.9459101490553132,7.767644957205523,2,0.9980911546082243,-0.0719457022476706,Normal,0.13617052184334788
16677,411,2,880.62,6.021023349349527,1.0986122886681098,6.781761124166734,1,-0.8745731333524749,0.6827633003196325,Normal,0.14549889060634363
16678,3,12,3109.99,1.3862943611198906,2.5649493574615367,8.042696282491956,0,2.2914396295095316,-0.9593858608272858,Normal,0.0575030990581582
16679,366,3,793.06,5.905361848054571,1.3862943611198906,6.677159025142743,2,-0.6632613037995068,0.6929583673283196,Normal,0.14982496769132247
16680,43,3,821.45,3.784189633918261,1.3862943611198906,6.712287690518167,3,0.0380647500637596,-0.4664824609999038,Normal,0.13708580444299578
16681,73,7,1921.84,4.30406509320417,2.0794415416798357,7.561558538799058,2,0.7681128990265176,0.3282035164285737,Normal,0.1349568050731107
16682,5,5,1028.0,1.791759469228055,1.791759469228055,6.9363427358340495,3,1.0892057083118283,-1.3499451344537832,Normal,0.0696154224633907
16683,534,1,320.25,6.282266746896006,0.6931471805599453,5.77221963620943,1,-1.7075728272352126,0.37623752154651235,Normal,0.15276519444867614
16684,4,55,147142.77,1.6094379124341003,4.02535169073515,11.899165415014757,0,5.0110946670733165,0.8526718659297082,Anomaly,-0.12203884641928398
16685,61,2,324.24,4.127134385045092,1.0986122886681098,5.784563371339637,3,-0.6959264038272523,-0.6603404870713967,Normal,0.11810575631034442
16686,47,16,5070.92,3.871201010907891,2.833213344056216,8.531474723122006,0,1.9050335209365699,0.6557007860945567,Normal,0.0934671222112286
16687,391,1,157.63,5.971261839790462,0.6931471805599453,5.066574446420364,1,-1.9140154331097567,-0.0065333697833963,Normal,0.1512687974072211
16688,1,4,1260.86,0.6931471805599453,1.6094379124341003,7.1403421019236415,3,1.3942284178279307,-1.9615667041228524,Anomaly,-0.021200453649699136
16689,76,2,422.59999999999997,4.343805421853684,1.0986122886681098,6.048789613727251,3,-0.6510372784618952,-0.4617378526421419,Normal,0.12366275338781485
16690,72,4,353.03,4.290459441148391,1.6094379124341003,5.869381655305767,3,-0.3222353696814435,-0.35788644730140867,Normal,0.09087304914899985
16691,418,2,178.83,6.037870919922137,1.0986122886681098,5.192011960177106,1,-1.5717294412003586,0.21616945600822998,Normal,0.11429252181940841
16692,256,4,1914.6999999999998,5.54907608489522,1.6094379124341003,7.557838370071055,2,0.005351275335699871,0.8417518723830059,Normal,0.13076011786635577
16693,69,5,1199.46,4.248495242049359,1.791759469228055,7.090460095655974,2,0.3616916473067573,0.05122975351087049,Normal,0.14126742675916337
16694,723,1,98.30000000000001,6.584791392385716,0.6931471805599453,4.598145571051127,1,-2.3162622163355215,0.1916431003278015,Normal,0.06841049217469497
16695,562,2,193.15,6.333279628139691,1.0986122886681098,5.268631056177676,1,-1.6339348505650284,0.4020411446133473,Normal,0.09945514904590963
16696,135,4,657.9000000000001,4.912654885736052,1.6094379124341003,6.490571777919774,2,-0.2531865502471719,0.1712437447389784,Normal,0.1384428122392225
16697,241,1,112.75,5.488937726156687,0.6931471805599453,4.7340030578310595,1,-1.9027228475321412,-0.37211885807001066,Normal,0.10670891640162172
16698,227,2,1998.0,5.429345628954441,1.0986122886681098,7.6004023345004,2,-0.32701475061561897,0.6014743938862044,Normal,0.09085829813905905
16699,380,7,994.6,5.942799375126701,2.0794415416798357,6.903345570493437,2,-0.04828729899772407,1.0350319696531884,Normal,0.05392397235316615
16700,9,25,9167.710000000001,2.302585092994046,3.258096538021482,9.123551879236922,0,2.994040547503005,0.1232715870045871,Normal,0.05472890279920073
16701,9,26,9916.73,2.302585092994046,3.295836866004329,9.20207934344803,0,3.0569929879725444,0.1605928215153445,Normal,0.049476255704670735
16702,415,4,1110.83,6.030685260261263,1.6094379124341003,7.0137625854257,2,-0.38714340776582057,0.9445215095187882,Normal,0.13569908439702555
16704,618,2,695.66,6.428105272684596,1.0986122886681098,6.54629748686697,1,-1.1086851915414222,0.8368086464536605,Normal,0.10809621150400972
16705,1,42,43515.051,0.6931471805599453,3.7612001156935624,10.680885137523006,0,4.575897088810377,-0.11409570957945053,Anomaly,-0.11093327305969292
16706,37,3,531.35,3.6375861597263857,1.3862943611198906,6.277301167760616,3,-0.10378462385604248,-0.6775550823438861,Normal,0.12111694777709464
16707,400,4,551.11,5.993961427306569,1.6094379124341003,6.313747301786717,2,-0.6798459370836628,0.7147187354681616,Normal,0.12372768185494487
16708,46,1,656.63,3.8501476017100584,0.6931471805599453,6.488642463139346,3,-0.6092442657099864,-0.7507663754706764,Normal,0.09760895010915649
16709,85,14,9087.460000000001,4.454347296253507,2.70805020110221,9.114760755877159,0,1.8747569255758423,1.1061323846860358,Normal,0.04862322995224733
16710,19,22,6349.09,2.995732273553991,3.1354942159291497,8.756224265014644,0,2.516523510170989,0.35074962638669327,Normal,0.06600456227592932
16711,3,9,2868.48,1.3862943611198906,2.302585092994046,7.961886107668752,0,2.056171975411099,-1.0796106940411365,Normal,0.0626460671061404
16712,9,13,4266.99,2.302585092994046,2.6390573296152584,8.358898269401092,0,2.18919130964758,-0.33221518346830414,Normal,0.10062947169971442
16713,19,32,14560.69,2.995732273553991,3.4965075614664802,9.58614938644348,0,3.1529748502389245,0.7313286556924656,Anomaly,-0.00897913554616192
16714,219,4,1529.8,5.393627546352362,1.6094379124341003,7.333545753551547,2,-0.04196346425492734,0.688871200831477,Normal,0.13118624225962694
16715,78,2,625.52,4.3694478524670215,1.0986122886681098,6.440180697210462,3,-0.4890345875011022,-0.33043281535492514,Normal,0.13899950423320162
16716,267,3,2149.6800000000003,5.5909869805108565,1.3862943611198906,7.673539350185795,2,-0.12805463532069117,0.8178246137580032,Normal,0.11935705909272137
16717,24,14,6986.2300000000005,3.2188758248682006,2.70805020110221,8.851839476287456,0,2.1599417420996714,0.34598950527952615,Normal,0.10333979972830865
16718,369,5,3647.53,5.91350300563827,1.791759469228055,8.202079625729086,2,0.30685641435471117,1.3023433226350993,Normal,0.07953530349547278
16719,15,14,3973.3,2.772588722239781,2.70805020110221,8.287603910951965,0,2.0587808577902456,-0.06906729084024843,Normal,0.10683542153239589
16720,26,3,795.48,3.295836866004329,1.3862943611198906,6.6802020191792275,3,0.18204991204107399,-0.7454436861642452,Normal,0.13414825540525427
16721,262,1,292.47,5.572154032177765,0.6931471805599453,5.681775419393111,1,-1.517256899267348,-0.042507349194002376,Normal,0.14883676585517175
16722,17,22,8989.08,2.8903717578961645,3.1354942159291497,9.10387702620249,0,2.7018651575438826,0.3967055832453507,Normal,0.06896503289714717
16723,91,4,1301.63,4.5217885770490405,1.6094379124341003,7.17214057670845,2,0.16978342639597582,0.1596824528419457,Normal,0.139754925217342
16724,405,1,147.35,6.0063531596017325,0.6931471805599453,4.999574346736831,1,-1.954516924351893,-0.00723462107201932,Normal,0.1534513464618552
16725,302,14,1882.11,5.713732805509369,2.70805020110221,7.540679944369933,2,0.7825494079957004,1.329564639094876,Normal,0.01594280579844609
16726,26,7,2088.41,3.295836866004329,2.0794415416798357,7.644637008454939,0,1.1303475575335074,-0.2030268712804494,Normal,0.1443003667438652
16727,364,4,1437.42,5.8998973535824915,1.6094379124341003,7.271300567958845,2,-0.23278725702857095,0.949477131911061,Normal,0.1258997234528379
16728,46,4,1054.67,3.8501476017100584,1.6094379124341003,6.9619309154279065,3,0.29554609807124277,-0.27369429729143996,Normal,0.14402085700014083
16729,38,21,7239.92,3.6635616461296463,3.091042453358316,8.887503549130026,0,2.323747008051062,0.7421255772008036,Normal,0.06105616011340953
16730,52,3,743.11,3.970291913552122,1.3862943611198906,6.612188873366803,3,-0.06567896049186099,-0.39379990745299864,Normal,0.1329964324316194
16731,648,1,174.05,6.47543271670409,0.6931471805599453,5.165071647400675,1,-2.0342206062385912,0.30103259031666274,Normal,0.11773781705280034
16732,32,4,4387.64,3.4965075614664802,1.6094379124341003,8.386774663084227,2,1.0298785882553685,-0.04222604916979765,Normal,0.0806788432484637
16733,530,1,259.68,6.274762021241939,0.6931471805599453,5.56329360146418,1,-1.796050311609708,0.3095568671561075,Normal,0.15177895305059397
16734,52,3,650.51,3.970291913552122,1.3862943611198906,6.47929274564127,3,-0.12350269354381228,-0.43358193693477604,Normal,0.13054673701372072
16735,79,14,6270.56,4.382026634673881,2.70805020110221,8.743780406508177,0,1.736731976527247,0.9551913299131005,Normal,0.0693596955093132
16736,506,5,2956.56,6.2285110035911835,1.791759469228055,7.992119883051658,2,0.1136202861859093,1.413238764793558,Normal,0.07530329931559432
16737,53,2,835.1999999999999,3.9889840465642745,1.0986122886681098,6.728867818922464,3,-0.24037372050671305,-0.45386435900578626,Normal,0.13023540630843927
16738,298,1,3.75,5.700443573390687,0.6931471805599453,1.55814461804655,1,-3.352960265779464,-1.2061434555077901,Anomaly,-0.040386031432663394
16739,177,2,786.43,5.181783550292085,1.0986122886681098,6.6687744778600475,2,-0.6523025176506256,0.1860489244878432,Normal,0.1360312310095631
16740,395,1,236.81,5.981414211254481,0.6931471805599453,5.471472035517174,1,-1.7411261159999045,0.12027107962982499,Normal,0.1608690747284442
16741,625,1,173.06,6.439350371100098,0.6931471805599453,5.159400067361368,1,-2.0250183830710493,0.27943319595894994,Normal,0.12428115024322062
16742,47,14,2852.6099999999997,3.871201010907891,2.70805020110221,7.95634013838393,0,1.5593270816976323,0.43772197215238146,Normal,0.09934368532883658
16743,29,14,4253.26,3.4011973816621555,2.70805020110221,8.355676112839369,0,1.885091258781078,0.2980261071686909,Normal,0.10956132425057369
16744,11,7,1304.76,2.4849066497880004,2.0794415416798357,7.174540525720933,3,1.188081952268019,-0.7910264609629551,Normal,0.10746308925209241
16745,87,17,7194.3,4.477336814478207,2.8903717578961645,8.881183314074189,0,1.9047486003096088,1.1156279700362755,Normal,0.05817705574832499
16746,5,42,18066.4,1.791759469228055,3.7612001156935624,9.801864488341764,0,3.8381117077814126,0.22872428969409522,Anomaly,-0.023447840584646995
16747,38,2,836.06,3.6635616461296463,1.0986122886681098,6.729895752508072,3,-0.13467652517102024,-0.6330470491897584,Normal,0.12282290110337357
16748,18,14,3637.33,2.9444389791664403,2.70805020110221,8.199280064145107,0,1.9647699615226453,-0.0007208017186684121,Normal,0.11189684485547913
16749,591,2,4387.08,6.3835066348840055,1.0986122886681098,8.386647052769494,2,-0.2935160591457155,1.363112502685618,Normal,0.019530961546365022
16750,45,5,623.93,3.828641396489095,1.791759469228055,6.437639643463933,3,0.2134378680535587,-0.37576508294106153,Normal,0.11229759549096363
16751,31,1,1764.72,3.4657359027997265,0.6931471805599453,7.476313818197086,3,-0.05517520669651504,-0.6671367362850003,Normal,0.05596942495248536
16752,373,1,415.0,5.924255797414532,0.6931471805599453,6.030685260261263,1,-1.4793233053173267,0.25614339596659175,Normal,0.15177518049985422
16753,58,1,223.92000000000002,4.07753744390572,0.6931471805599453,5.415744783424001,1,-1.1496108123141786,-0.9465154192863796,Normal,0.09858067224756023
16754,372,29,67502.47,5.921578419643816,3.4011973816621555,11.119934282946714,0,2.8013447129032736,2.769358832358949,Anomaly,-0.12412906702305693
16755,114,7,2900.58,4.74493212836325,2.0794415416798357,7.973010695196109,2,0.8045499888668406,0.6945355898348053,Normal,0.12025744648521103
16756,215,7,1312.3700000000001,5.375278407684165,2.0794415416798357,7.180351632015874,2,0.2557901590657625,0.8049302488865135,Normal,0.06983418573830369
16757,319,2,270.48,5.768320995793772,1.0986122886681098,5.603888471835558,1,-1.3053406778814827,0.19079006467703008,Normal,0.12577467046573915
16758,65,1,369.34000000000003,4.189654742026425,0.6931471805599453,5.91442150260967,1,-0.9688958206765254,-0.7353985817129607,Normal,0.11539730275372961
16759,8,3,789.79,2.1972245773362196,1.3862943611198906,6.673032445794151,3,0.5342497403535995,-1.353541885517528,Normal,0.09104518214374918
16760,430,1,228.0,6.066108090103747,0.6931471805599453,5.43372200355424,1,-1.7849435022237325,0.15568459369812623,Normal,0.1591438549497306
16761,97,1,316.62,4.584967478670572,0.6931471805599453,5.760855699682501,1,-1.1635672878770735,-0.5633288093885763,Normal,0.12860833984442432
16762,20,3,1501.38,3.044522437723423,1.3862943611198906,7.314805796331314,3,0.5394505346016348,-0.6940923915123159,Normal,0.13063201606921654
16763,199,2,964.6999999999999,5.298317366548036,1.0986122886681098,6.872853226972872,2,-0.6011969096913992,0.3114147852768257,Normal,0.12646786447119163
16764,4,13,2799.25,1.6094379124341003,2.6390573296152584,7.9374639778918485,0,2.2300048041863163,-0.8406833393001464,Normal,0.06520241419764905
16765,294,2,454.75,5.68697535633982,1.0986122886681098,6.121944413558772,1,-1.0536228274270099,0.3010013430326214,Normal,0.14442810953493568
16766,273,2,1145.6,5.6131281063880705,1.0986122886681098,7.044556320474283,2,-0.628305936317256,0.5364509730685234,Normal,0.12736988903129365
16767,31,15,8073.8,3.4657359027997265,2.772588722239781,8.996503379982272,0,2.192268729216439,0.5490760167501201,Normal,0.08771322991910135
16768,48,9,1708.12,3.8918202981106265,2.302585092994046,7.4437338971514055,2,1.0203702598193123,0.1472332206575271,Normal,0.1185599048753967
16769,260,4,1141.75,5.564520407322694,1.6094379124341003,7.041192917211854,2,-0.22443869145391668,0.6956142039471022,Normal,0.1367761595137268
16770,58,9,1932.13,4.07753744390572,2.302585092994046,7.566895729921602,2,1.0138928750022889,0.28653570858445976,Normal,0.12117542416031724
16771,33,10,3967.6,3.5263605246161616,2.3978952727983707,8.286168666651152,0,1.5778102901845168,0.23272678690292084,Normal,0.12239088849630464
16772,423,3,3723.5499999999997,6.049733455231958,1.3862943611198906,8.222701318146976,2,-0.03748202439593998,1.235241284199767,Normal,0.07418073594298213
16773,57,3,421.24,4.060443010546419,1.3862943611198906,6.045573872755014,3,-0.3413729973177993,-0.5136904347860585,Normal,0.11389917592686355
16774,68,8,1594.45,4.23410650459726,2.1972245773362196,7.374911107088734,2,0.7993619314418259,0.2768574989796013,Normal,0.12769014757296593
16775,10,16,3056.89,2.3978952727983707,2.833213344056216,8.025480414619006,0,2.161377805646274,-0.30838539953223315,Normal,0.08192343112746103
16776,60,2,619.85,4.110873864173311,1.0986122886681098,6.431089506862851,3,-0.40936075890343143,-0.4757736364252352,Normal,0.13274106371190642
16777,80,5,1307.76,4.394449154672439,1.791759469228055,7.176835403034256,2,0.3520687192160217,0.15758845291730275,Normal,0.13395247308852953
16778,74,2,245.94,4.31748811353631,1.0986122886681098,5.509145392139597,1,-0.8773273375165624,-0.6377942276168926,Normal,0.09895882830771852
16779,2,53,33268.24,1.0986122886681098,3.9889840465642745,10.412388525349144,0,4.501667288360827,0.11254649471954754,Anomaly,-0.08264324314582094
16780,100,3,605.55,4.61512051684126,1.3862943611198906,6.407787165216928,2,-0.3631691902333586,-0.09932440711791074,Normal,0.1336972938011557
16781,372,2,934.25,5.921578419643816,1.0986122886681098,6.840813873228256,2,-0.8167159667324829,0.6455905776407693,Normal,0.13916130121032377
16782,10,38,10438.41,2.3978952727983707,3.6635616461296463,9.253343346429725,0,3.328938294611808,0.3631081703336482,Normal,0.009181623483641044
16783,437,1,391.95,6.082218910376446,0.6931471805599453,5.973682377312184,1,-1.5552148443004883,0.3262061041039382,Normal,0.16007584389159568
16784,20,5,896.53,3.044522437723423,1.791759469228055,6.799646545987636,3,0.6245529299056802,-0.6998891420408959,Normal,0.12627947596148398
16785,410,1,533.78,6.018593214496234,0.6931471805599453,6.281855447370681,1,-1.4005491063779574,0.38336325309263186,Normal,0.14743380686906676
16786,394,1,51.839999999999996,5.978885764901122,0.6931471805599453,3.9672684796541247,1,-2.3947944255977824,-0.3314020222138265,Normal,0.06468356840158629
16787,398,4,1035.43,5.988961416889864,1.6094379124341003,6.943537394621777,2,-0.4042041608050827,0.9004865670942833,Normal,0.13920149155396178
16788,123,5,1950.3,4.820281565605037,1.791759469228055,7.576251096100953,2,0.38813126942282755,0.5120249329155628,Normal,0.13856149991973082
16789,8,1,80.8,2.1972245773362196,0.6931471805599453,4.404277243608702,3,-0.981563792142866,-2.286402771659874,Anomaly,-0.012847228927082566
16790,4,6,1545.6200000000001,1.6094379124341003,1.9459101490553132,7.343827183683202,3,1.443043205233815,-1.2721029040728409,Normal,0.06482942640333555
16791,29,15,4038.69,3.4011973816621555,2.772588722239781,8.303923235337827,0,1.9117972463423627,0.3061574224240875,Normal,0.10170025345541156
16792,282,5,623.46,5.645446897643238,1.791759469228055,6.436887276273271,2,-0.37449090792218154,0.6260892832807373,Normal,0.11161978257638522
16793,57,1,243.84,4.060443010546419,0.6931471805599453,5.500604935982869,1,-1.1071589815644256,-0.9305414325697099,Normal,0.10499149982766448
16794,1,15,2090.91,0.6931471805599453,2.772588722239781,7.645832803226877,0,2.5013117634171733,-1.3844954980251047,Anomaly,-0.02608935685063163
16795,365,3,2492.39,5.902633333401366,1.3862943611198906,7.82139850931488,2,-0.1645148266825565,1.0339778429443973,Normal,0.10359886012728453
16796,89,1,305.62,4.499809670330265,0.6931471805599453,5.725609195882308,1,-1.1513609925657746,-0.620849487800853,Normal,0.13021373681009463
16797,393,5,1827.77,5.976350909297934,1.791759469228055,7.511398888706521,2,-0.01398865873339034,1.1302547306087654,Normal,0.11324465062530464
16798,554,3,848.71,6.318968113746434,1.3862943611198906,6.74489511479984,2,-0.7675598676683992,0.9413641536950131,Normal,0.11791675210916441
16799,432,2,495.98,6.07073772800249,1.0986122886681098,6.208549783838228,1,-1.1400589986808538,0.5385948513443829,Normal,0.15487279313782631
16800,11,1,1201.49,2.4849066497880004,0.6931471805599453,7.092149685937022,3,0.09489845840187353,-1.3231224843523952,Normal,0.030394161992730595
16801,163,4,1619.73,5.099866427824199,1.6094379124341003,7.390631944012902,2,0.07788487425958741,0.5439325074735519,Normal,0.13401348465323365
16802,679,2,582.61,6.522092798170152,1.0986122886681098,6.369232951525817,1,-1.2161247796691068,0.835644826602327,Normal,0.09682668027513214
16803,65,1,332.3,4.189654742026425,0.6931471805599453,5.8090429853136945,1,-1.0147465114213863,-0.766943302793717,Normal,0.1148440201021162
16804,23,3,536.99,3.1780538303479458,1.3862943611198906,6.287839972628443,3,0.04942538134655643,-0.9278605690605054,Normal,0.11007523164096278
16805,174,5,1097.24,5.1647859739235145,1.791759469228055,7.001464177419488,2,0.026617218966135052,0.5299796084992826,Normal,0.12760603710916418
16806,103,4,801.49,4.6443908991413725,1.6094379124341003,6.687719393867341,2,-0.08064324908041885,0.0822952207269567,Normal,0.14630885370349378
16807,143,6,2123.88,4.969813299576001,1.9459101490553132,7.661470609175758,2,0.4944199194890425,0.6764356179193003,Normal,0.13160139401676624
16808,99,2,288.42,4.605170185988092,1.0986122886681098,5.667878920309847,1,-0.9013053776446474,-0.4316035603647327,Normal,0.11200191118946606
16809,23,9,1727.43,3.1780538303479458,2.302585092994046,7.454968761000411,0,1.2561089534628165,-0.24308961222979286,Normal,0.12262255856027998
16810,192,2,842.0400000000001,5.262690188904886,1.0986122886681098,6.737014406460975,2,-0.6487782808120834,0.25110129810918574,Normal,0.13529695396625485
16811,5,2,547.07,1.791759469228055,1.0986122886681098,6.3064030160165885,3,0.28644853491080524,-1.7922318635416585,Normal,0.042939484498064395
16812,361,4,2392.0,5.8916442118257715,1.6094379124341003,7.780303087908373,2,-0.008648578413066781,1.0972932897838008,Normal,0.11814113236396612
16813,8,10,1692.98,2.1972245773362196,2.3978952727983707,7.434836068766861,0,1.6372680518569216,-0.7552168320154484,Normal,0.08547387702699905
16814,14,36,12499.710000000001,2.70805020110221,3.6109179126442243,9.433540721677334,0,3.2668792940874707,0.5688496670554319,Normal,0.0041954815016082
16815,454,2,410.97,6.12029741895095,1.0986122886681098,6.020950531164366,1,-1.2377131928506668,0.5097728239511373,Normal,0.14953241915862647
16816,103,4,417.06,4.6443908991413725,1.6094379124341003,6.035624962893636,2,-0.3643726168702912,-0.11290715515772988,Normal,0.1082078589301077
16817,3,13,2804.9,1.3862943611198906,2.6390573296152584,7.939479622108615,0,2.3030521584805554,-0.9631573075694028,Normal,0.05400676170740959
16818,11,11,3349.57,2.4849066497880004,2.4849066497880004,8.116885759599102,0,1.9073514347555527,-0.3605239200563014,Normal,0.11169423702730974
16819,465,2,182.59,6.144185634125646,1.0986122886681098,5.212705010472114,1,-1.5971106979587395,0.28100293508265767,Normal,0.1069923341865458
16820,96,1,497.61,4.574710978503383,0.6931471805599453,6.211824227045576,1,-0.9640315362173342,-0.43398991596204156,Normal,0.1149757025039368
16821,382,1,113.35,5.948034989180646,0.6931471805599453,4.73926392046879,1,-2.048917631157564,-0.11732375733304261,Normal,0.133452418180394
16822,686,1,181.39,6.532334292222349,0.6931471805599453,5.206147251575906,1,-2.0347518432554934,0.3447131470146871,Normal,0.10915661530689658
16823,227,7,2260.09,5.429345628954441,2.0794415416798357,7.723602276881599,2,0.4746743575561464,0.9973719728704382,Normal,0.10237646556190139
16824,16,3,686.24,2.833213344056216,1.3862943611198906,6.532683576193766,3,0.2674882327738251,-1.0447680851115497,Normal,0.11456289954035714
16825,39,5,1826.89,3.6888794541139363,1.791759469228055,7.5109175751488,2,0.7256287576163486,-0.1315700544999463,Normal,0.1445933283076435
16826,51,1,341.7,3.9512437185814275,0.6931471805599453,5.836855428880563,3,-0.9255369564478639,-0.8901160285532919,Normal,0.10754550273583591
16827,393,5,392.13,5.976350909297934,1.791759469228055,5.974140345974778,2,-0.682857113579075,0.6700813176228668,Normal,0.08226814841983143
16828,93,2,128.5,4.543294782270004,1.0986122886681098,4.863680881139593,1,-1.2312036541359621,-0.706465740850422,Normal,0.06442506724187291
16829,157,2,513.32,5.062595033026967,1.0986122886681098,6.2428456398334315,1,-0.799077549166407,-0.007191278997297579,Normal,0.1370971277874991
16830,39,4,1207.5,3.6888794541139363,1.6094379124341003,7.097135200143538,3,0.4065323692563572,-0.32217059585763597,Normal,0.14301381711867645
16831,565,1,91.8,6.338594078203183,0.6931471805599453,4.530446639792155,1,-2.2660918260114435,0.0355847343711158,Normal,0.10594483176938863
16832,184,5,417.61,5.220355825078324,1.791759469228055,6.036939698880882,2,-0.4110246513217289,0.27190247896196584,Normal,0.08071606892897737
16833,1,6,2409.04,0.6931471805599453,1.9459101490553132,7.787398623857337,0,1.932395118390421,-1.6447117141064111,Anomaly,-0.008970570362286212
16834,228,2,898.96,5.43372200355424,1.0986122886681098,6.8023503178921825,2,-0.6756663851039869,0.36499392181546875,Normal,0.13183759231500503
16835,128,6,1538.41,4.859812404361672,1.9459101490553132,7.339154505116535,2,0.38975576583364113,0.519279090605896,Normal,0.13172972020662627
16836,40,4,782.37,3.713572066704308,1.6094379124341003,6.663605125885249,3,0.2099151625449095,-0.4383269435096928,Normal,0.14168670367441155
16837,31,11,3170.98,3.4657359027997265,2.4849066497880004,8.062111277564622,0,1.5662935047763993,0.16406696201003373,Normal,0.1237426967242386
16838,197,4,1159.61,5.288267030694535,1.6094379124341003,7.0567010079523715,2,-0.1283436325743654,0.5478858325252128,Normal,0.1311231784620982
16839,9,44,22310.49,2.302585092994046,3.8066624897703196,10.01285707139101,0,3.799375911046176,0.5902767132947333,Anomaly,-0.033991515804465244
16840,603,2,139.85,6.403574197934815,1.0986122886681098,4.947695494322382,1,-1.7963104935429934,0.3447418773452759,Normal,0.05912882752346149
16841,37,12,4006.06,3.6375861597263857,2.5649493574615367,8.295813084319896,0,1.6734465350020087,0.3581092491641432,Normal,0.11214776696481721
16842,101,3,1264.19,4.624972813284271,1.3862943611198906,7.142977587511544,2,-0.046470848958705555,0.12618663251325712,Normal,0.13704944772880684
16843,43,35,19571.43,3.784189633918261,3.58351893845611,9.881877222329129,0,3.093004218633138,1.2865856232920792,Anomaly,-0.05649497612241727
16844,563,2,614.34,6.335054251498059,1.0986122886681098,6.4221749605721845,1,-1.1325964063833414,0.7483296251811753,Normal,0.12829756730646552
16845,618,1,253.88,6.428105272684596,0.6931471805599453,5.540792846161739,1,-1.8554356303411692,0.3873995397391977,Normal,0.13671336542642643
16846,50,3,842.41,3.9318256327243257,1.3862943611198906,6.737453198012385,3,0.001265119112245273,-0.377518945193476,Normal,0.13696146714559043
16847,43,2,614.89,3.784189633918261,1.0986122886681098,6.423068376159172,3,-0.30719274612061115,-0.658361111456143,Normal,0.1233281781142535
16848,53,4,1411.62,3.9889840465642745,1.6094379124341003,7.2532014151642725,2,0.3773760075351243,-0.10992659909077088,Normal,0.14507427400866102
16849,187,1,124.57,5.236441962829949,0.6931471805599453,4.8328633720008725,1,-1.7780446628774562,-0.4817922289889431,Normal,0.10569638932610875
16850,334,1,332.41,5.814130531825066,0.6931471805599453,5.809372963868082,1,-1.5400000004927632,0.12915343655653633,Normal,0.15090262249975223
16851,4,3,342.45,1.6094379124341003,1.3862943611198906,5.839041540659891,3,0.36148161468049567,-1.9273947582127515,Normal,0.018731277821350423
16852,10,2,144.91000000000003,2.3978952727983707,1.0986122886681098,4.982989993275932,3,-0.48541456253059895,-1.8540702607610664,Normal,0.02410197510190948
16854,417,2,1408.96,6.035481432524756,1.0986122886681098,7.251316614175486,2,-0.6749434354872917,0.8312977488410602,Normal,0.12043420049602532
16855,24,2,328.4,3.2188758248682006,1.0986122886681098,5.79727281774354,3,-0.39664238978920874,-1.1574962176846544,Normal,0.09079693981384818
16856,15,3,358.49,2.772588722239781,1.3862943611198906,5.884686360362535,3,0.005149137608192002,-1.272182167370382,Normal,0.07218382390658618
16857,443,1,352.8,6.095824562432225,0.6931471805599453,5.8687317817256845,1,-1.6052797605284632,0.3022938310059886,Normal,0.1621861472059153
16858,369,10,4668.28,5.91350300563827,2.3978952727983707,8.4487601631878,2,0.8764916185695629,1.5980534147436973,Normal,0.04218614444368951
16859,145,7,1932.41,4.983606621708336,2.0794415416798357,7.567040562252569,2,0.550717023697045,0.7046533442700074,Normal,0.11919681595456727
16860,453,3,1610.62,6.118097198041348,1.3862943611198906,7.38499516326749,2,-0.42408251503842587,1.0221834283738491,Normal,0.12069036269482669
16861,60,5,946.59,4.110873864173311,1.791759469228055,6.8539219192530085,2,0.3032830465406415,-0.09548381538106647,Normal,0.13821121845722106
16862,547,4,662.33,6.306275286948016,1.6094379124341003,6.497272603912174,2,-0.701003509894636,0.9419166810218812,Normal,0.1026919267390548
16863,31,3,998.52,3.4657359027997265,1.3862943611198906,6.907275163745259,3,0.22590081138902657,-0.5837603370127795,Normal,0.1339707235331858
16864,434,2,409.25,6.075346031088684,1.0986122886681098,6.0167667299702,1,-1.224995154724818,0.48372697103336837,Normal,0.15203056303433016
16865,402,1,130.95,5.998936561946683,0.6931471805599453,4.882423062949333,1,-2.003091283838745,-0.0463941901990961,Normal,0.14708443710981145
16866,141,3,207.73999999999998,4.955827057601261,1.3862943611198906,5.341089458391906,1,-0.9374876210729849,-0.23071640456119297,Normal,0.06115906860313902
16867,690,1,76.74000000000001,6.53813982376767,0.6931471805599453,4.353369925424078,1,-2.4076769444294865,0.09263909674768028,Normal,0.0602743196055715
16868,394,3,393.39,5.978885764901122,1.3862943611198906,5.977340267437464,1,-0.9915352688785206,0.5240228137266264,Normal,0.13043936727337857
16869,23,4,825.42,3.1780538303479458,1.6094379124341003,6.717103118867857,3,0.4063927013576915,-0.7176836199183988,Normal,0.13141915342426042
16870,469,1,450.15999999999997,6.152732694704104,0.6931471805599453,6.111822043771716,1,-1.5179155860930904,0.4064504438925279,Normal,0.1501152685250649
16871,22,6,2812.34,3.1354942159291497,1.9459101490553132,7.942127668587332,0,1.209800890487139,-0.2512899908097903,Normal,0.12231273044620894
16872,77,6,1213.13,4.356708826689592,1.9459101490553132,7.101783049906128,2,0.4491909029218719,0.17073024897965675,Normal,0.12226214832704446
16873,5,12,14617.39,1.791759469228055,2.5649493574615367,9.590035604120759,0,2.8335564811902016,-0.2725559411575097,Normal,0.02722989898608963
16874,379,1,217.74,5.940171252720432,0.6931471805599453,5.38788380990708,1,-1.7641567190872893,0.07250119306790263,Normal,0.15286271747421232
16875,67,11,4234.53,4.219507705176107,2.4849066497880004,8.351263746835542,0,1.4483160094474101,0.6663751733193993,Normal,0.11474967087777749
16876,404,1,136.01,6.003887067106539,0.6931471805599453,4.920053915865017,1,-1.9883190420689745,-0.032399008095333935,Normal,0.1497270035378322
16877,12,6,853.72,2.5649493574615367,1.9459101490553132,6.750773929921596,3,0.8759660658860707,-0.9226083682535589,Normal,0.10241540331274546
16878,84,1,13.3,4.442651256490317,0.6931471805599453,2.6602595372658615,1,-2.466622616975713,-1.5699784423980456,Anomaly,-0.03619779803607159
16880,31,8,1840.86,3.4657359027997265,2.1972245773362196,7.518531209583671,0,1.1103624429430323,-0.10395376401137363,Normal,0.13168021577764571
16881,67,1,432.0,4.219507705176107,0.6931471805599453,6.07073772800249,3,-0.9105371051319646,-0.6721400822808085,Normal,0.11471346963271672
16882,67,3,705.12,4.219507705176107,1.3862943611198906,6.559785194721083,3,-0.16908281671117584,-0.2720289971523196,Normal,0.14284175690649042
16883,187,19,2396.59,5.236441962829949,2.995732273553991,7.782219345156252,2,1.2614292278293942,1.2439153077493559,Normal,0.027213369937471366
16884,38,4,1073.92,3.6635616461296463,1.6094379124341003,6.98000151918791,3,0.36375537861670365,-0.37119851028567363,Normal,0.14164593849309975
16885,15,4,710.74,2.772588722239781,1.6094379124341003,6.567712676182383,3,0.47253001162852265,-0.9860420275287878,Normal,0.11001852577512006
16886,456,1,134.0,6.124683390894205,0.6931471805599453,4.90527477843843,1,-2.033818138630043,0.02980348064109675,Normal,0.14681627060972252
16887,35,3,660.72,3.58351893845611,1.3862943611198906,6.4948425057388155,3,0.008355363812609446,-0.6422561670105823,Normal,0.12492950282671633
16888,401,3,437.15,5.996452088619021,1.3862943611198906,6.08256131750186,1,-0.9514344917372634,0.5652093016578223,Normal,0.1330953125325619
16889,195,6,2530.9,5.278114659230517,1.9459101490553132,7.8367252880133655,2,0.47096150464409275,0.8989446392585597,Normal,0.10482798158442558
16890,477,3,285.41,6.169610732491456,1.3862943611198906,5.657424350678052,1,-1.1924175336640848,0.5334535194457188,Normal,0.08874490816965425
16891,2,11,2056.82,1.0986122886681098,2.4849066497880004,7.629402449011984,0,2.1436082349145593,-1.2710767905526639,Normal,0.02110334024414684
16892,1,7,762.1,0.6931471805599453,2.0794415416798357,6.637389084295587,3,1.5338657117287717,-1.9400861849439803,Anomaly,-0.04513736354761089
16893,367,2,401.77,5.908082938168931,1.0986122886681098,5.998365679421281,1,-1.178904371819022,0.3859628283741851,Normal,0.14814194681515125
16894,502,3,1324.06,6.220590170099739,1.3862943611198906,7.189213020413946,2,-0.5424171018269115,1.0201078278420785,Normal,0.1119746010458042
16895,65,5,1121.42,4.189654742026425,1.791759469228055,7.023242347588869,2,0.35147541183560904,-0.0013458057928217903,Normal,0.1463440478315718
16896,555,1,103.95,6.320768294250582,0.6931471805599453,4.653484046266642,1,-2.206792354203727,0.06258357489215893,Normal,0.11922201056247966
16897,299,2,289.78,5.703782474656201,1.0986122886681098,5.672566967503279,1,-1.25458492972733,0.17575180208422955,Normal,0.13033006156191596
16898,26,5,1016.37,3.295836866004329,1.791759469228055,6.924976145026455,3,0.5978029096928694,-0.5237568185226251,Normal,0.13191680307153264
16899,8,8,1721.02,2.1972245773362196,2.1972245773362196,7.4512532993220875,0,1.491358548572141,-0.82375493298511,Normal,0.09934399539979083
16900,17,3,887.11,2.8903717578961645,1.3862943611198906,6.789095609194309,3,0.3605678252238507,-0.9364855972038184,Normal,0.12935862709814555
16901,729,1,204.26,6.593044534142437,0.6931471805599453,5.324277468217568,1,-2.002988074570786,0.41356046770227717,Normal,0.10449463856121577
16902,116,1,1706.88,4.762173934797756,0.6931471805599453,7.443008114269093,2,-0.48896793001739897,0.03795834073677113,Normal,0.061970496931601726
16903,29,3,1062.28,3.4011973816621555,1.3862943611198906,6.9691137491130775,3,0.2736804822559784,-0.6008461048102873,Normal,0.13693235542879484
16904,4,21,5132.37,1.6094379124341003,3.091042453358316,8.543517642565243,0,2.838433325188621,-0.4938206356464929,Normal,0.03462644197483078
16905,5,17,5034.15,1.791759469228055,2.8903717578961645,8.524198596168688,0,2.6180073392450343,-0.4724947635109228,Normal,0.05127039757280294
16906,82,7,1448.8,4.418840607796598,2.0794415416798357,7.279180894866777,2,0.6081277118474027,0.30698040545964256,Normal,0.11631958394050279
16907,29,9,1707.9,3.4011973816621555,2.302585092994046,7.443605167652863,0,1.1789942623366279,-0.12341392254306215,Normal,0.11890996220706929
16908,722,1,252.59,6.583409222158765,0.6931471805599453,5.535718789608946,1,-1.9078726500588707,0.4715402838197653,Normal,0.11070298461464873
16909,72,1,379.14,4.290459441148391,0.6931471805599453,5.940539605922692,1,-0.9901345312771527,-0.6719802414454183,Normal,0.12262376300328631
16910,4,8,1510.06,1.6094379124341003,2.1972245773362196,7.320566670286484,0,1.6246014362478574,-1.1870759269471856,Normal,0.05893662608179073
16911,636,2,255.25,6.456769655572163,1.0986122886681098,5.546153530452618,1,-1.5531233476016528,0.5532289257162596,Normal,0.08255564052978598
16912,29,15,4480.31,3.4011973816621555,2.772588722239781,8.407670693379636,0,1.9569382554996637,0.33721389114981826,Normal,0.10255021116635382
16913,290,3,423.90999999999997,5.673323267171493,1.3862943611198906,6.051877381793223,1,-0.8602770827271582,0.3777988145211828,Normal,0.12644119465192538
16914,36,1,208.46,3.6109179126442243,0.6931471805599453,5.344532790344999,3,-1.0296787829833547,-1.2252017713075662,Normal,0.08276333902996758
16915,9,11,1543.18,2.302585092994046,2.4849066497880004,7.342248304100646,0,1.6292704777486051,-0.6929706701569198,Normal,0.07676121835105432
16916,24,4,1123.4,3.2188758248682006,1.6094379124341003,7.025004839032377,3,0.5271593162536999,-0.6029983958508409,Normal,0.13076328453095099
16917,277,2,1857.83,5.627621113690637,1.0986122886681098,7.5277025365253865,2,-0.42277414469754937,0.6890730246261292,Normal,0.10008020664932943
16918,50,16,3213.29,3.9318256327243257,2.833213344056216,8.075361772469643,0,1.6869690662068455,0.552603032185407,Normal,0.0864774775774883
16919,156,24,5125.91,5.056245805348308,3.2188758248682006,8.542258417504407,0,1.8205987672289914,1.4537197442104766,Normal,0.004903994252675736
16920,411,1,355.45,6.021023349349527,0.6931471805599453,5.876193977563638,1,-1.5778402963055582,0.26327016184855645,Normal,0.1687555502275786
16921,61,3,446.67,4.127134385045092,1.3862943611198906,6.104056353843788,3,-0.337496691602515,-0.459399511178863,Normal,0.11450939148541533
16922,573,1,611.08,6.352629396319567,0.6931471805599453,6.416862992923597,1,-1.4498425394823955,0.6080187559022363,Normal,0.12367754314436968
16923,12,32,13378.36,2.5649493574615367,3.4965075614664802,9.501468499952257,0,3.2554560214871877,0.4683765233115338,Normal,0.011987648525877415
16924,21,3,846.75,3.091042453358316,1.3862943611198906,6.742585781005748,3,0.2754291382557199,-0.8397259775135416,Normal,0.13098480344090202
16925,540,1,125.65,6.293419278846481,0.6931471805599453,4.841427376447684,1,-2.1161719514490436,0.10375914962649253,Normal,0.13434671340802284
16926,371,5,1421.35,5.918893854273146,1.791759469228055,7.2600657122857815,2,-0.10476182848433911,1.023327863207385,Normal,0.11384499128208087
16927,116,3,543.05,4.762173934797756,1.3862943611198906,6.299041154397021,2,-0.4580459339157784,-0.050768203753019804,Normal,0.13434524940273312
16928,80,29,4113.23,4.394449154672439,3.4011973816621555,8.322206975310369,0,2.0779530489222053,1.0895627518223006,Normal,0.0033563898334324493
16929,4,7,1295.39,1.6094379124341003,2.0794415416798357,7.167338757569021,3,1.468097434512939,-1.2760569528173809,Normal,0.05710519742247544
16930,26,3,380.55,3.295836866004329,1.3862943611198906,5.944241903735643,3,-0.13816981129189537,-0.9657509856399388,Normal,0.0960795467041275
16931,5,23,5233.62,1.791759469228055,3.1780538303479458,8.563049532322315,0,2.8543283711864693,-0.35556308384709984,Normal,0.034266961120740125
16932,53,3,440.71,3.9889840465642745,1.3862943611198906,6.090653558146974,3,-0.298646954598767,-0.5396099739050364,Normal,0.11085978138135
16933,1,9,3181.25,0.6931471805599453,2.302585092994046,8.065343772750545,0,2.3253684401573658,-1.430954126608069,Normal,0.004236233320048077
16934,55,6,2110.9900000000002,4.02535169073515,1.9459101490553132,7.655385909966458,2,0.7972355048749309,0.15368571990775615,Normal,0.1461056328963909
16935,382,3,535.1,5.948034989180646,1.3862943611198906,6.284320710833492,1,-0.8479886968163547,0.5989003309755234,Normal,0.14539823341195662
16936,26,2,551.17,3.295836866004329,1.0986122886681098,6.313855969878249,3,-0.19676579090809043,-0.9604099772899853,Normal,0.11160116951520183
16937,499,1,202.1,6.214608098422191,0.6931471805599453,5.313698468586339,1,-1.8851950143067913,0.2016627896348521,Normal,0.14902442614687111
16938,9,9,7043.18,2.302585092994046,2.302585092994046,8.8599570229523,0,2.1505749898126356,-0.30538554911292337,Normal,0.09153449025411609
16939,489,3,449.0,6.194405391104672,1.3862943611198906,6.1092475827643655,1,-1.003846338157865,0.6823811283233391,Normal,0.11791996812935113
16940,52,8,6427.66,3.970291913552122,2.1972245773362196,8.768521397380008,0,1.4910527465555732,0.5485203524279473,Normal,0.11511759130486315
16941,612,1,33.0,6.418364935936212,0.6931471805599453,3.5263605246161616,1,-2.7287743764942993,-0.22098670577862659,Normal,0.01753706829157764
16942,13,9,1920.59,2.6390573296152584,2.302585092994046,7.560908247315509,0,1.4765289935471668,-0.5086665718349543,Normal,0.10947501296434975
16943,212,5,1299.49,5.3612921657094255,1.791759469228055,7.170496395508893,2,0.036608801798388005,0.6889640692305121,Normal,0.11495800163609149
16944,610,1,101.36,6.415096959171596,0.6931471805599453,4.628496011291588,1,-2.248173071752447,0.10713152684564281,Normal,0.09658765572671535
16945,22,33,8548.16,3.1354942159291497,3.5263605246161616,9.053588311490355,0,2.898821450006146,0.6599227201494676,Normal,0.017645660413114994
16946,383,5,1222.04,5.950642552587727,1.791759469228055,7.109094841611854,2,-0.18071830953298115,0.995646570392061,Normal,0.11546265360822794
16947,236,5,955.21,5.4680601411351315,1.791759469228055,6.8629775542004845,2,-0.1317255959452175,0.6557983728559241,Normal,0.11538660076822826
16948,139,7,868.77,4.941642422609304,2.0794415416798357,6.768228808881206,2,0.21672255221467748,0.44238578085263597,Normal,0.08287547396659478
16949,4,6,1286.27,1.6094379124341003,1.9459101490553132,7.160278975803028,3,1.3631805127967038,-1.3270474712486202,Normal,0.058310603707249165
16950,57,10,3784.37,4.060443010546419,2.3978952727983707,8.238898915387173,0,1.3845070472188084,0.5131559631324893,Normal,0.12307206697669698
16951,135,3,1277.75,4.912654885736052,1.3862943611198906,7.153638317265837,2,-0.1348760632595613,0.2880521826017426,Normal,0.13696072361490658
16952,109,5,798.78,4.700480365792417,1.791759469228055,6.684336689848494,2,0.038801872808525865,0.17895551256521658,Normal,0.12786055342641156
16953,30,1,20.8,3.4339872044851463,0.6931471805599453,3.0819099697950434,1,-1.9569327409106387,-2.0000987833076724,Anomaly,-0.03557059253621642
16954,1,20,6081.88,0.6931471805599453,3.044522437723423,8.713233547017788,0,3.173148311787338,-0.9654351868334704,Anomaly,-0.017399404468075974
16955,185,6,1309.41,5.225746673713202,1.9459101490553132,7.1780953443273185,2,0.2013256517675218,0.6729017249917452,Normal,0.10496210105441073
16956,18,1,308.74,2.9444389791664403,0.6931471805599453,5.735733235888028,3,-0.6439092689275274,-1.4757011529216306,Normal,0.0606844134654404
16957,239,2,416.64,5.480638923341991,1.0986122886681098,6.03461981742191,1,-1.0248836862071276,0.16105381628264395,Normal,0.13655565324546703
16958,435,1,809.44,6.077642243349034,0.6931471805599453,6.697577310057951,1,-1.238764527662375,0.540377417479052,Normal,0.12320742955185421
16959,87,1,117.35000000000001,4.477336814478207,0.6931471805599453,4.773646335959993,1,-1.5582962335553567,-0.9182116732153157,Normal,0.10053358119317302
16960,39,8,2043.43,3.6888794541139363,2.1972245773362196,7.622874301018507,2,1.0835922770313091,0.05035835055869238,Normal,0.13500437713039676
16961,116,3,794.56,4.762173934797756,1.3862943611198906,6.679046269195045,2,-0.29270391310206445,0.06298510824221568,Normal,0.14504560955299212
16962,410,1,251.04,6.018593214496234,0.6931471805599453,5.529587805073855,1,-1.72786431169101,0.15817434777067643,Normal,0.16668854580796139
16963,187,1,110.55000000000001,5.236441962829949,0.6931471805599453,4.714472920878541,1,-1.8295569075061047,-0.517232030716173,Normal,0.09629320614502784
16964,733,2,207.85,6.598509028614515,1.0986122886681098,5.341616290943184,1,-1.6879606092716837,0.5701793106219907,Normal,0.06251968781171546
16965,227,1,201.19,5.429345628954441,0.6931471805599453,5.309207849379209,1,-1.6331749150670625,-0.23280184304751403,Normal,0.1258198290901974
16966,8,7,2154.97,2.1972245773362196,2.0794415416798357,7.675996017275306,0,1.4993113539950438,-0.7995916631566267,Normal,0.1115497416979645
16967,189,1,319.02,5.247024072160486,0.6931471805599453,5.768383493840728,1,-1.3744179630310134,-0.19591059995255913,Normal,0.13642591168788076
16968,4,2,439.43,1.6094379124341003,1.0986122886681098,6.087751522419478,3,0.25027969672806183,-1.9582459996424617,Normal,0.03446853477950229
16969,39,3,650.41,3.6888794541139363,1.3862943611198906,6.479139244274806,3,-0.03255348790801439,-0.5888441060760642,Normal,0.12890255887745766
16970,626,1,71.4,6.440946540632921,0.6931471805599453,4.282206299391671,1,-2.4072057779840423,0.01772844102632141,Normal,0.06232171150792454
16971,38,1,357.21,3.6635616461296463,0.6931471805599453,5.881119406601529,3,-0.8132337424282725,-1.0355400436666466,Normal,0.10269521889584043
16972,383,2,786.25,5.950642552587727,1.0986122886681098,6.668545859981134,1,-0.901070677956996,0.6100533511834281,Normal,0.14845138993078005
16973,386,1,127.0,5.958424693029782,0.6931471805599453,4.852030263919617,1,-2.003212758596249,-0.07783695574199988,Normal,0.13926520898859945
16974,523,2,365.5,6.261491684321042,1.0986122886681098,5.903998521326706,1,-1.3342654055085483,0.5526409060805332,Normal,0.13897110082903996
16975,423,3,926.12,6.049733455231958,1.3862943611198906,6.832083007026135,2,-0.6425466216540119,0.8189641541003622,Normal,0.14951424979112143
16976,267,1,251.51999999999998,5.5909869805108565,0.6931471805599453,5.5314904534994245,1,-1.5887376556602546,-0.07710714632807626,Normal,0.14691480186427297
16977,395,4,496.0,5.981414211254481,1.6094379124341003,6.208590026096629,2,-0.7215422736241803,0.6763196836874418,Normal,0.12336396857601178
16978,78,3,768.88,4.3694478524670215,1.3862943611198906,6.646234658546923,3,-0.17996272933831478,-0.1634494465177094,Normal,0.1490507360259531
16979,4,9,2859.74,1.6094379124341003,2.302585092994046,7.958835611604893,0,1.9826743521889478,-0.9574465053523308,Normal,0.07541926597557524
16980,255,3,1473.3300000000002,5.545177444479562,1.3862943611198906,7.295958928288776,2,-0.2775256839150667,0.6795303590405783,Normal,0.12801742533181965
16982,61,1,384.06,4.127134385045092,0.6931471805599453,5.95339916630119,3,-0.9317157708014129,-0.7582145518482633,Normal,0.11514194248264387
16983,13,11,3710.22,2.6390573296152584,2.4849066497880004,8.21911594251549,0,1.9019759935311997,-0.24489809503401838,Normal,0.11095919520879521
16984,88,9,10754.8,4.48863636973214,2.302585092994046,9.283200422942915,0,1.6277052371653606,1.0270522658768966,Normal,0.06999678831496492
16985,17,23,10923.16,2.8903717578961645,3.1780538303479458,9.298732129135914,0,2.8191080012867666,0.47061315187867603,Normal,0.05349975676717689
16986,30,11,4888.75,3.4339872044851463,2.4849066497880004,8.494896456417628,0,1.7648687227683943,0.2761084638716361,Normal,0.11308386859594366
16987,3,11,2535.9,1.3862943611198906,2.4849066497880004,7.838698142188607,0,2.141630031665812,-1.0497505014176738,Normal,0.057446438867731264
16988,5,2,382.67,1.791759469228055,1.0986122886681098,5.949782808113339,3,0.13128139757090365,-1.8989849786806103,Normal,0.03659817156151646
16989,7,6,1133.25,2.0794415416798357,1.9459101490553132,7.033726918544073,3,1.1561059068752677,-1.1056946157882968,Normal,0.08275854031411856
16990,219,2,344.0,5.393627546352362,1.0986122886681098,5.84354441703136,1,-1.0798797884677227,0.05586390088670305,Normal,0.13480620971459512
16991,421,1,1041.21,6.045005314036012,0.6931471805599453,6.949098737516397,1,-1.1187707476498996,0.5976682830500825,Normal,0.11130584733106874
16992,11,13,5476.5,2.4849066497880004,2.6390573296152584,8.608404071469621,0,2.2387850032199292,-0.15696490911232971,Normal,0.10408389134123108
16993,464,2,1950.9499999999998,6.142037405587356,1.0986122886681098,7.576584151890876,2,-0.5678809230744502,0.9874376926466287,Normal,0.08240903195136368
16996,30,9,2123.61,3.4339872044851463,2.302585092994046,7.661343535103169,0,1.2631281864691601,-0.04014904383004646,Normal,0.12495622491033131
16997,288,3,702.0,5.666426688112432,1.3862943611198906,6.555356891810665,2,-0.6389802389375372,0.5247099045602497,Normal,0.14862321299055753
16998,150,5,402.0,5.017279836814924,1.791759469228055,5.998936561946683,2,-0.3618800214886676,0.14851750789482476,Normal,0.08592763533955566
16999,23,2,484.82,3.1780538303479458,1.0986122886681098,6.185838184926078,3,-0.21437288446507188,-1.0636962535370174,Normal,0.10390981268903843
17000,396,2,406.3,5.983936280687191,1.0986122886681098,6.009550014654367,1,-1.198570927874565,0.4311485906547269,Normal,0.15522684633183115
17001,1,19,6640.8,0.6931471805599453,2.995732273553991,8.801138290071108,0,3.1741835360715953,-0.9569801034874201,Anomaly,-0.014401417439973918
17002,86,7,2571.55,4.465908118654584,2.0794415416798357,7.852652903865288,2,0.8424252542266253,0.5046080285406631,Normal,0.12840311052705616
17003,402,4,830.16,5.998936561946683,1.6094379124341003,6.72282231543168,2,-0.5034645518669538,0.839918120099533,Normal,0.14178184837623625
17004,46,4,2425.16,3.8501476017100584,1.6094379124341003,7.794065039513912,2,0.6576115869464608,-0.02459761687083854,Normal,0.12529990962780313
17005,471,2,742.36,6.156978985585555,1.0986122886681098,6.6111804495820445,1,-0.992765124620383,0.7066883886664516,Normal,0.1350996059855783
17006,5,8,1636.32,1.791759469228055,2.1972245773362196,7.400816037803236,0,1.6005508554809276,-1.0624920232715187,Normal,0.07309738435142044
17007,51,7,1120.1,3.9512437185814275,2.0794415416798357,7.022065625159548,2,0.6474884497890969,-0.027894568824800795,Normal,0.10903116415449582
17008,429,1,81.36,6.063785208687608,0.6931471805599453,4.411099882159589,1,-2.2291399393778093,-0.15171526906883384,Normal,0.11045179257059179
17009,551,1,242.06,6.313548046277095,0.6931471805599453,5.493308326442654,1,-1.8390456290155663,0.3099998695844802,Normal,0.14849858092605644
17010,18,1,195.36,2.9444389791664403,0.6931471805599453,5.279949709189852,3,-0.8422228347802722,-1.6121384894094393,Normal,0.04618413239697827
17011,30,3,671.7,3.4339872044851463,1.3862943611198906,6.51129946503156,3,0.06387825600352863,-0.7198057450481616,Normal,0.12221223417965338
17012,725,1,384.16,6.587550014824796,0.6931471805599453,5.953658832372083,1,-1.7273642012319717,0.5989331957420945,Normal,0.10522560344209492
17014,8,3,586.33,2.1972245773362196,1.3862943611198906,6.3755868424430115,3,0.40482975302955637,-1.44258127262577,Normal,0.07061412446020521
17015,29,3,1842.56,3.4011973816621555,1.3862943611198906,7.519453763930569,3,0.5131360228292614,-0.4361035869568877,Normal,0.12682007462629602
17016,577,1,552.4,6.359573868672378,0.6931471805599453,6.316081067352825,1,-1.4959392516192391,0.5816803119333716,Normal,0.1272303021159908
17017,3,29,14110.61,1.3862943611198906,3.4011973816621555,9.554753141810268,0,3.5871539917433752,-0.20066024429586554,Anomaly,-0.0016671241095457257
17018,41,6,2287.7,3.7376696182833684,1.9459101490553132,7.735739249764293,2,0.9252413708412967,0.019064939551441663,Normal,0.14148736773339077
17019,11,11,4012.2,2.4849066497880004,2.4849066497880004,8.297344207051458,0,1.9858697578326954,-0.30650426275212456,Normal,0.10792475047873384
17020,542,2,935.62,6.297109319933935,1.0986122886681098,6.842277650354465,1,-0.9375353788211594,0.853157062226034,Normal,0.11393386049487081
17021,442,6,1182.22,6.093569770045136,1.9459101490553132,7.07599481456678,2,-0.12377498063744431,1.1209958850051385,Normal,0.09352083495800051
17022,31,2,260.0,3.4657359027997265,1.0986122886681098,5.564520407322694,3,-0.5777549331511476,-1.0910114421339865,Normal,0.09064788772663235
17023,417,3,800.18,6.035481432524756,1.3862943611198906,6.6860856409239275,2,-0.7014612963622008,0.7673994469195853,Normal,0.15505262243301382
17024,45,3,95.85,3.828641396489095,1.3862943611198906,4.573163389853005,3,-0.9070551778027538,-1.0823045862551766,Normal,0.021486011989945708
17025,61,5,1510.6399999999999,4.127134385045092,1.791759469228055,7.320950433152212,2,0.5012302906600885,0.05328834580901999,Normal,0.15074275004971577
17026,185,3,208.98,5.225746673713202,1.3862943611198906,5.347012288086795,1,-1.0222094848952932,-0.08006621297841619,Normal,0.06316331800261688
17027,79,9,1327.1100000000001,4.382026634673881,2.302585092994046,7.1915121579313555,2,0.7520821087134048,0.34211029129078613,Normal,0.08044843453976841
17028,581,3,1593.83,6.366470447731438,1.3862943611198906,7.3745224264664655,2,-0.5089695207206856,1.1560415180788197,Normal,0.09465184016583772
17029,111,7,2137.3,4.718498871295094,2.0794415416798357,7.66776639979559,2,0.6802859459325367,0.588582127927767,Normal,0.1310343546561757
17030,64,1,146.87,4.174387269895637,0.6931471805599453,4.996333509385396,1,-1.363422352706879,-1.018646223721161,Normal,0.09186646393400943
17031,12,6,2773.85,2.5649493574615367,1.9459101490553132,7.928351970665508,0,1.3883358349770438,-0.5701041596228996,Normal,0.1086440545553693
17032,548,8,3004.6,6.3080984415095305,2.1972245773362196,8.00823249425976,2,0.4041409632695171,1.610373891495678,Normal,0.04768308924442244
17033,86,4,1332.79,4.465908118654584,1.6094379124341003,7.195779792794182,2,0.1981421320358355,0.1359372786506448,Normal,0.14284611630033106
17034,16,5,1283.92,2.833213344056216,1.791759469228055,7.158451738581946,3,0.8490135357619241,-0.7090318749235736,Normal,0.12263760271657276
17035,246,4,613.59,5.5093883366279774,1.6094379124341003,6.420955378818814,2,-0.47647585148008637,0.4795393706508908,Normal,0.1294420643837102
17036,383,1,176.9,5.950642552587727,0.6931471805599453,5.18122159467179,1,-1.8574631118180245,0.016413085601142876,Normal,0.15534502488246493
17037,88,1,1267.32,4.48863636973214,0.6931471805599453,7.145448469088846,3,-0.5299684851472748,-0.2019879165322965,Normal,0.08180002009369686
17038,30,2,743.17,3.4339872044851463,1.0986122886681098,6.612269503355827,3,-0.11160600934700053,-0.7948824645709468,Normal,0.11715627623559044
17039,604,1,1954.99,6.405228458030842,0.6931471805599453,7.578651738107256,2,-0.9613546508172187,0.9848080958638225,Normal,0.046912276897274285
17040,138,2,463.25,4.9344739331306915,1.0986122886681098,6.140423200232815,1,-0.8022043923575632,-0.10851774677020605,Normal,0.13211201795084276
17041,27,6,1686.28,3.332204510175204,1.9459101490553132,7.430873043877359,3,0.9237304419852745,-0.29583463898122125,Normal,0.13920156726668315
17042,3,5,1044.3799999999999,1.3862943611198906,1.791759469228055,6.9521357346628685,3,1.2272151144081418,-1.5688564087827972,Normal,0.03847939649527776
17043,32,8,2616.55,3.4965075614664802,2.1972245773362196,7.869994044759,0,1.2533332407370505,0.018227963880444967,Normal,0.13419162033469662
17044,25,12,11962.3,3.258096538021482,2.5649493574615367,9.389598909178215,0,2.2720945753766357,0.4762187417020509,Normal,0.06522717331165018
17045,113,5,827.6800000000001,4.736198448394496,1.791759469228055,6.7198340733776885,2,0.04269480963545798,0.2092822521404536,Normal,0.13109517322829067
17046,157,5,1906.07,5.062595033026967,1.791759469228055,7.5533233117961665,2,0.29978490246996903,0.6388123027864312,Normal,0.12866540764152162
17047,85,6,2289.23,4.454347296253507,1.9459101490553132,7.736407528186082,2,0.6937402307160273,0.4145566507461996,Normal,0.1369216199500728
17048,118,7,2071.68,4.77912349311153,2.0794415416798357,7.636597734866534,2,0.6471167576048875,0.612690082658009,Normal,0.12966599722030403
17049,3,19,9947.48,1.3862943611198906,2.995732273553991,9.205175054663963,0,3.1258002953755057,-0.4537198415238418,Normal,0.01969235347025844
17050,96,11,4691.79,4.574710978503383,2.4849066497880004,8.453782567296948,0,1.3780405991950146,0.8929802287862617,Normal,0.09481899585437681
17051,194,4,714.39,5.272999558563747,1.6094379124341003,6.572827848533204,2,-0.3339412389327937,0.3946190079832315,Normal,0.134739860837989
17052,28,1,413.75,3.367295829986474,0.6931471805599453,6.027675929070554,3,-0.653646356407149,-1.1550775744200261,Normal,0.0889256425297204
17053,131,1,498.48,4.882801922586371,0.6931471805599453,6.213567557246944,1,-1.0629175048389845,-0.263537017267758,Normal,0.11661640429688064
17054,28,5,1356.33,3.367295829986474,1.791759469228055,7.213274813763555,3,0.7001313639285589,-0.3980415386282697,Normal,0.1354895795101856
17055,446,1,239.55,6.102558594613569,0.6931471805599453,5.482927968145463,1,-1.7753227810076604,0.19051892860674335,Normal,0.1581605864761627
17056,738,1,128.60000000000002,6.6052979209482015,0.6931471805599453,4.864452783918175,1,-2.207023026223336,0.28267191747817,Normal,0.07893488647713387
17057,596,1,294.74,6.391917113392602,0.6931471805599453,5.689480689945341,1,-1.779036669728612,0.41194878095799403,Normal,0.1374309364718192
17058,82,3,1179.89,4.418840607796598,1.3862943611198906,7.074023670453844,2,-0.009804590883637955,-0.008149046401717892,Normal,0.14472841797003888
17059,30,9,5602.53,3.4339872044851463,2.302585092994046,8.631152035274486,0,1.6850964468328922,0.2501600193894173,Normal,0.11147863445214984
17060,266,1,234.24,5.58724865840025,0.6931471805599453,5.460606269591755,1,-1.6183706298881662,-0.10038801313636428,Normal,0.14079445594342094
17061,74,11,5232.2300000000005,4.31748811353631,2.4849066497880004,8.56278395725042,0,1.5086600795410323,0.7837352700927287,Normal,0.10459282327038816
17062,314,6,1208.22,5.752572638825633,1.9459101490553132,7.097730802629586,2,-0.0040303462429242985,0.9394216658992354,Normal,0.0994850845500912
17063,21,13,3638.53,3.091042453358316,2.6390573296152584,8.199609831414847,0,1.8648768593160323,0.05498489201624552,Normal,0.11626400694754135
17064,59,3,859.35,4.0943445622221,1.3862943611198906,6.757339283199166,3,-0.042645134283884244,-0.2819269590741534,Normal,0.14708591213628758
17065,638,2,194.7,6.459904454377535,1.0986122886681098,5.27658287440203,1,-1.6714286878563591,0.47426284832628396,Normal,0.07164739435796486
17066,726,1,228.34,6.588926477533519,0.6931471805599453,5.4352056186101585,1,-1.953390827297821,0.444495093033049,Normal,0.10902907190611577
17067,725,3,454.54,6.587550014824796,1.3862943611198906,6.121483528431717,1,-1.1256754579680204,0.9028872750098491,Normal,0.07203080492683178
17068,12,47,9161.08,2.5649493574615367,3.871201010907891,9.122828506126531,0,3.3764888655274086,0.4921828627656433,Anomaly,-0.003980908077719669
17069,28,14,5794.28,3.367295829986474,2.70805020110221,8.664799072121697,0,2.030556748685348,0.3718622897548785,Normal,0.10179446840063372
17070,114,2,445.32,4.74493212836325,1.0986122886681098,6.101036183537273,1,-0.7580391966254105,-0.22485204610328008,Normal,0.1306730440651115
17071,28,13,3801.2000000000003,3.367295829986474,2.6390573296152584,8.243335125557527,0,1.7945545260521087,0.22044458717237858,Normal,0.11168417554559618
17072,625,1,282.05,6.439350371100098,0.6931471805599453,5.645623560482669,1,-1.8134602440115044,0.42498263873905057,Normal,0.13238290204784486
17073,18,4,1446.09,2.9444389791664403,1.6094379124341003,7.277309922347601,3,0.7256983527562201,-0.6788404190894722,Normal,0.12860077263131364
17074,563,1,203.05,6.335054251498059,0.6931471805599453,5.318365061851814,1,-1.9221199273966676,0.26949315485948355,Normal,0.14331910875433584
17075,18,10,2241.73,2.9444389791664403,2.3978952727983707,7.715449152776177,0,1.51769586089113,-0.2590816665891661,Normal,0.11799355956813556
17076,36,6,1242.75,3.6109179126442243,1.9459101490553132,7.1258862884728025,3,0.7008862131002396,-0.23340392210594627,Normal,0.12786356478275118
17077,578,1,306.0,6.361302477572996,0.6931471805599453,5.726847747587197,1,-1.752876529308655,0.40624864177414066,Normal,0.14919107709820817
17078,36,2,378.2,3.6109179126442243,1.0986122886681098,5.938063770380866,3,-0.4621800303439387,-0.8991156582345173,Normal,0.11246428009809323
17079,78,1,118.80000000000001,4.3694478524670215,0.6931471805599453,4.785823685681349,1,-1.5181037584021564,-0.9740737976492926,Normal,0.09671998434154372
17080,22,7,957.53,3.1354942159291497,2.0794415416798357,6.865400860900437,3,0.8431571466944705,-0.5247275109638029,Normal,0.10208569057137346
17081,25,6,964.39,3.258096538021482,1.9459101490553132,6.872532164772081,3,0.7047621032511876,-0.5038472785719296,Normal,0.1153442465880592
17082,33,6,4732.03,3.5263605246161616,1.9459101490553132,8.4623208683607,0,1.3097232372407108,0.12001489990460439,Normal,0.10101696385314513
17083,109,9,4049.79,4.700480365792417,2.302585092994046,8.306667202806915,2,1.1342952468895613,0.8515751269427893,Normal,0.09979733286438908
17084,35,3,5202.97,3.58351893845611,1.3862943611198906,8.557177074819469,2,0.9056868784871279,-0.024902930068280642,Normal,0.06341773620661939
17085,123,28,7891.41,4.820281565605037,3.367295829986474,8.973656817136215,0,2.1978199354606933,1.5070356830645397,Anomaly,-0.006800535237626026
17086,7,6,2050.08,2.0794415416798357,1.9459101490553132,7.626121762674929,3,1.4138597023742594,-0.9283631196988222,Normal,0.09780570490438278
17087,738,1,221.53,6.6052979209482015,0.6931471805599453,5.405061923978025,1,-1.971801435231413,0.44450152919113267,Normal,0.09338122195796311
17088,28,4,1991.01,3.367295829986474,1.6094379124341003,7.596899458212264,3,0.727990537147355,-0.3499408469266353,Normal,0.13017585060874887
17089,386,1,128.45,5.958424693029782,0.6931471805599453,4.8632947061975464,1,-1.9983115465413477,-0.07446498108430424,Normal,0.14204637519880403
17090,4,13,3149.48,1.6094379124341003,2.6390573296152584,8.055310101163261,0,2.2812802091953093,-0.8054064803687947,Normal,0.06403830029578028
17091,3,19,7811.1,1.3862943611198906,2.995732273553991,8.963429092733893,0,3.0206154851912594,-0.5260857196663918,Normal,0.030286846395847
17092,50,11,5594.96,3.9318256327243257,2.4849066497880004,8.629800187796995,0,1.6625522790622576,0.5910798684920935,Normal,0.11522524822422847
17093,593,1,235.88,6.386879319362645,0.6931471805599453,5.467553683793335,1,-1.8739688070381044,0.3427369914738739,Normal,0.1402109035227082
17094,322,2,402.20000000000005,5.777652323222656,1.0986122886681098,5.999432716757159,1,-1.1362554983495214,0.3143417644117574,Normal,0.14241762180715434
17095,23,7,2572.25,3.1780538303479458,2.0794415416798357,7.852924970406669,0,1.2590686833582863,-0.2056411011165182,Normal,0.13332547864121996
17096,15,11,3759.18,2.772588722239781,2.4849066497880004,8.232222107578522,0,1.8644910764929288,-0.16732405946890158,Normal,0.10959417156146112
17097,2,9,1340.45,1.0986122886681098,2.302585092994046,7.2015063974602995,0,1.818370919208006,-1.4659022157055055,Normal,0.004842431419517124
17098,382,3,591.0699999999999,5.948034989180646,1.3862943611198906,6.383624871137068,1,-0.8047809874976811,0.6286267127781514,Normal,0.14546756543871064
17099,533,1,582.17,6.280395838960195,0.6931471805599453,6.368478739042131,1,-1.4475325749879528,0.553693850687651,Normal,0.12473950683104101
17100,18,2,971.74,2.9444389791664403,1.0986122886681098,6.880116831678181,3,0.16326805937459543,-0.9847190765492618,Normal,0.10258890693608314
17101,10,7,2507.05,2.3978952727983707,2.0794415416798357,7.827260837758234,0,1.5002253510663026,-0.6436288368804767,Normal,0.11602564470891391
17102,262,1,25.5,5.572154032177765,0.6931471805599453,3.2771447329921766,1,-2.5635230717937865,-0.7623258307133071,Anomaly,-0.0011058470008424859
17103,722,1,424.3,6.583409222158765,0.6931471805599453,6.052794802259588,1,-1.6828904339868698,0.6263253293409647,Normal,0.10158424050134018
17104,424,1,474.03,6.052089168924417,0.6931471805599453,6.163377959935002,1,-1.4629326702267493,0.36637246914055166,Normal,0.1553259578320511
17105,159,2,665.78,5.075173815233827,1.0986122886681098,6.50246015642561,1,-0.6901863466662721,0.07746146299199738,Normal,0.13519629012950418
17106,389,1,491.23,5.966146739123692,0.6931471805599453,6.198946086932524,1,-1.419660827815745,0.3296171564480167,Normal,0.14810898218565588
17107,33,10,16075.42,3.5263605246161616,2.3978952727983707,9.685108881129782,0,2.1864957869110726,0.6514950520744313,Normal,0.03528445960308069
17108,664,1,174.95,6.499787040655854,0.6931471805599453,5.170199863767594,1,-2.0398661070147797,0.316000607756852,Normal,0.11093730656063572
17109,29,8,1295.46,3.4011973816621555,2.1972245773362196,7.167392752208138,3,0.9784538513687017,-0.24466288465512664,Normal,0.11204063036024609
17110,165,3,510.7,5.111987788356544,1.3862943611198906,6.237738515811046,2,-0.5978577586410176,0.12382482819748715,Normal,0.1353254554562921
17111,47,2,476.58,3.871201010907891,1.0986122886681098,6.168731685154665,3,-0.4459975492116839,-0.6865038766633093,Normal,0.12380470853539821
17112,503,1,205.17,6.222576268071369,0.6931471805599453,5.3287010711824765,1,-1.8812444211216808,0.21054870451755284,Normal,0.14826264235090597
17113,574,6,2322.59,6.354370040797351,1.9459101490553132,7.750868682442393,2,0.08551634255185382,1.4668645458755245,Normal,0.07176830690364777
17114,6,8,808.62,1.9459101490553132,2.1972245773362196,6.696565001785386,3,1.2442716256121282,-1.1882837638114376,Normal,0.04701731269178078
17115,8,7,2761.4900000000002,2.1972245773362196,2.0794415416798357,7.923887725909954,0,1.6071702076065326,-0.7253860754546378,Normal,0.10388905286547351
17116,648,1,389.78,6.47543271670409,0.6931471805599453,5.968144741786365,1,-1.6847997086871807,0.5414299447290872,Normal,0.11876046471000723
17117,288,1,116.19999999999999,5.666426688112432,0.6931471805599453,4.763881877142913,1,-1.9471269068959611,-0.26527868864282417,Normal,0.12029064944081036
17118,318,1,157.02,5.765191102784844,0.6931471805599453,5.062721607294587,1,-1.8490432689321337,-0.12134734623930213,Normal,0.1322931913155394
17119,3,2,606.91,1.3862943611198906,1.0986122886681098,6.410026844693401,3,0.46267355003788474,-1.9848512607315725,Normal,0.008358366807693418
17120,233,1,307.46,5.455321115357702,0.6931471805599453,5.731592175295468,1,-1.4577946366637393,-0.09203537738848162,Normal,0.14292721365776095
17121,403,1,314.74,6.0014148779611505,0.6931471805599453,5.754919090103581,1,-1.6242656911005418,0.2161516395939374,Normal,0.17008886752983338
17122,119,4,570.5,4.787491742782046,1.6094379124341003,6.348264483234865,2,-0.27462416133686474,0.05960936809909404,Normal,0.12576032204232634
17123,162,3,977.17,5.093750200806762,1.3862943611198906,6.885683479060033,2,-0.3100353410848912,0.307725926925244,Normal,0.14061961518779525
17124,185,1,298.89,5.225746673713202,0.6931471805599453,5.703415740750875,1,-1.3958040838910004,-0.22709427773673818,Normal,0.1357427075679315
17125,50,1,259.35,3.9318256327243257,0.6931471805599453,5.562026879608908,3,-1.0388358505293862,-0.9830953375564243,Normal,0.10203381726296296
17126,152,9,2070.44,5.030437921392435,2.302585092994046,7.635999296579512,2,0.7357677503880357,0.832804655663699,Normal,0.09766961636101007
17127,429,5,1155.0300000000002,6.063785208687608,1.791759469228055,7.052747000452681,2,-0.24182875338431412,1.0411841342064272,Normal,0.1135179250553664
17128,335,1,157.09,5.817111159963204,0.6931471805599453,5.063164491108096,1,-1.8656428439706423,-0.09257767670409701,Normal,0.13550349261804984
17129,520,1,31.85,6.255750041753367,0.6931471805599453,3.4919517449306197,1,-2.6911519786519538,-0.32097894431037627,Normal,0.02792497041416586
17131,5,5,2463.17,1.791759469228055,1.791759469228055,7.8096103157799615,3,1.4691685581700518,-1.0885352859844801,Normal,0.07209959145004474
17132,452,2,1272.8,6.115892125483034,1.0986122886681098,7.149759837937266,2,-0.7451381456195054,0.8452484791801341,Normal,0.11413512245829638
17133,16,12,14622.33,2.833213344056216,2.5649493574615367,9.590373477545919,0,2.4968706424962237,0.3019708422885727,Normal,0.050730978060041454
17134,107,3,637.1,4.68213122712422,1.3862943611198906,6.458495010874302,2,-0.36277894649524384,-0.0471846624278281,Normal,0.13673056178881315
17135,16,10,1954.16,2.833213344056216,2.3978952727983707,7.578227310502864,0,1.4939632072728595,-0.361506339566348,Normal,0.10557778717216737
17136,662,1,231.68,6.4967749901858625,0.6931471805599453,5.449664119042561,1,-1.9172957149490022,0.39799600556447745,Normal,0.11505649138878904
17137,416,6,1133.63,6.0330862217988015,1.9459101490553132,7.034061885579398,2,-0.12245826800195553,1.0750830133783058,Normal,0.09326948237100463
17138,276,7,4417.27,5.6240175061873385,2.0794415416798357,8.393503495738775,2,0.703189673311955,1.3052782252103694,Normal,0.07322918580829996
17139,16,25,19584.46,2.833213344056216,3.258096538021482,9.882542733186886,0,3.1526622911100057,0.6431470665489903,Normal,0.005415803192325042
17140,247,1,465.32,5.5134287461649825,0.6931471805599453,6.144872093737295,1,-1.2967680871945728,0.06372856010234008,Normal,0.13182102955717662
17141,418,4,754.33,6.037870919922137,1.6094379124341003,6.627154739847439,2,-0.5576823342566514,0.8327550229553664,Normal,0.13818600295954708
17142,239,4,1283.75,5.480638923341991,1.6094379124341003,7.158319425872339,2,-0.146346974499812,0.6844098690865471,Normal,0.12816452549282925
17143,417,2,924.11,6.035481432524756,1.0986122886681098,6.82991264936105,1,-0.858298291535383,0.7051518239078018,Normal,0.14529366459924853
17144,1,2,984.57,0.6931471805599453,1.0986122886681098,6.893220154004312,3,0.8970947876801988,-2.222522046453565,Anomaly,-0.04073369246683478
17145,513,4,3120.91,6.2422232654551655,1.6094379124341003,8.046200272985285,2,-0.006341699275779782,1.3702545939740325,Normal,0.07060483447194787
17146,106,13,5860.24,4.672828834461906,2.6390573296152584,8.676116464281632,0,1.560616930083973,1.0700777598746731,Normal,0.0751003493356599
17147,23,9,3199.95,3.1780538303479458,2.302585092994046,8.071202919729155,0,1.5242353473741312,-0.05862189379592326,Normal,0.12798086052237967
17148,52,1,124.88,3.970291913552122,0.6931471805599453,4.835329072196206,1,-1.3674664800069065,-1.1794134833837324,Normal,0.07924551876357472
17149,451,1,143.10000000000002,6.113682179832232,0.6931471805599453,4.970507503005477,1,-2.001876998635734,0.04326284530378622,Normal,0.1480258150990974
17150,377,6,1375.65,5.934894195619588,1.9459101490553132,7.227408290676154,2,-0.006574518240153139,1.0788017188818784,Normal,0.09572284893278304
17151,735,1,231.90000000000003,6.601230118728877,0.6931471805599453,5.450609176890295,1,-1.9506679789058388,0.45589231098987915,Normal,0.10048103870078817
17152,195,4,2016.5,5.278114659230517,1.6094379124341003,7.609614400144104,2,0.11551513353036548,0.7077990275439313,Normal,0.12800722011275162
17153,24,1,213.78,3.2188758248682006,0.6931471805599453,5.369614248430071,3,-0.8919692728456045,-1.43392895675421,Normal,0.067649412798649
17154,75,1,329.34,4.330733340286331,0.6931471805599453,5.800122427092944,1,-1.0642563193723327,-0.6918001497060905,Normal,0.12175237115960752
17155,18,7,892.46,2.9444389791664403,2.0794415416798357,6.795101565830168,3,0.8743617467161328,-0.6511500521594558,Normal,0.10022267098339971
17156,492,1,591.87,6.20050917404269,0.6931471805599453,6.384975150681265,1,-1.4145175154532759,0.5145696066755098,Normal,0.13166897786006804
17157,8,19,5151.9,2.1972245773362196,2.995732273553991,8.547314941968759,0,2.5772866568470048,-0.20337044001088123,Normal,0.0663765990441858
17158,32,5,1980.0,3.4965075614664802,1.791759469228055,7.591357046698551,3,0.8228463473973864,-0.2135956459204821,Normal,0.13634468720943266
17159,22,5,2099.59,3.1354942159291497,1.791759469228055,7.6499735366327375,3,0.9651116186164758,-0.3951699740893472,Normal,0.13732818834389898
17160,31,17,10209.16,3.4657359027997265,2.8903717578961645,9.231138581946796,0,2.3841934271181175,0.6624260534883119,Normal,0.057305969846764615
17161,444,1,856.01,6.09807428216624,0.6931471805599453,6.753449587141137,1,-1.2210624804358332,0.5683721260528046,Normal,0.1186772901493865
17162,29,10,1715.46,3.4011973816621555,2.3978952727983707,7.448019309392898,0,1.253608510106702,-0.08720567879133048,Normal,0.1063714550777109
17163,22,4,699.78,3.1354942159291497,1.6094379124341003,6.552194000402157,3,0.34840483380708903,-0.7905228712832842,Normal,0.11806649085433357
17164,33,7,2467.35,3.5263605246161616,2.0794415416798357,7.811305190205457,0,1.1283084172141438,-0.025987359376151778,Normal,0.13517064502416715
17165,284,6,1794.32,5.652489180268651,1.9459101490553132,7.492938558014141,2,0.20029596839961536,1.0025236781254847,Normal,0.11535291202458475
17166,39,2,206.34,3.6888794541139363,1.0986122886681098,5.334359957894966,3,-0.7500691700813769,-1.036831889378186,Normal,0.07374580742247505
17167,380,3,867.11,5.942799375126701,1.3862943611198906,6.7663184347416205,2,-0.6365758782661637,0.7402970412598877,Normal,0.15025179844742093
17168,499,1,400.2,6.214608098422191,0.6931471805599453,5.994460056087781,1,-1.5889924312713863,0.405446586857115,Normal,0.15030788710699983
17169,58,3,1156.73,4.07753744390572,1.3862943611198906,7.054216470325016,3,0.09196338485626232,-0.20232788139017904,Normal,0.1448291258342379
17170,374,2,178.68,5.926926025970411,1.0986122886681098,5.191177490990133,1,-1.5362101032944109,0.15472675156647503,Normal,0.10589987529153494
17171,289,2,384.59,5.66988092298052,1.0986122886681098,5.95477462879015,1,-1.1208304131443994,0.2415309765642255,Normal,0.14509150346713656
17172,79,3,956.5699999999999,4.382026634673881,1.3862943611198906,6.864398825432219,2,-0.08910676983119552,-0.09120473373356033,Normal,0.14670414851730484
17173,5,8,3766.6,1.791759469228055,2.1972245773362196,8.234193472948663,0,1.9631573148722241,-0.8130231616740279,Normal,0.07371712118097662
17174,218,1,59.9,5.389071729816501,0.6931471805599453,4.109233174715851,1,-2.1422639552171394,-0.6142239359302067,Normal,0.03404159723146072
17175,44,4,1443.69,3.8066624897703196,1.6094379124341003,7.275650044659092,3,0.4461109720068347,-0.20376818683326337,Normal,0.1401282155287778
17176,202,3,902.3199999999999,5.313205979041787,1.3862943611198906,6.8060768649491035,2,-0.4156501727275656,0.4049392544065915,Normal,0.13828896585458272
17177,505,1,119.5,6.226536669287466,0.6931471805599453,4.791649752930709,1,-2.116198882193038,0.05196851935031168,Normal,0.13619063190356878
17178,731,1,436.71,6.595780513961311,0.6931471805599453,6.08155659063452,1,-1.674377236507121,0.6417586040773843,Normal,0.09720235524528026
17179,178,6,1507.26,5.187385805840755,1.9459101490553132,7.318711947499455,2,0.27491548704281615,0.6938364842811106,Normal,0.11734964674970272
17180,56,11,2256.98,4.04305126783455,2.4849066497880004,7.722225887274455,0,1.2316891947256392,0.38074816800297484,Normal,0.11873564563203465
17181,57,3,465.37,4.060443010546419,1.3862943611198906,6.144979310497521,3,-0.2981212217069532,-0.4839337359070013,Normal,0.11639660883540942
17182,423,2,321.3,6.049733455231958,1.0986122886681098,5.775482788821392,1,-1.3216951746552053,0.3973724919633522,Normal,0.15564754861288377
17183,8,6,3347.31,2.1972245773362196,1.9459101490553132,8.116211019915529,0,1.5890058041600763,-0.7166919098076968,Normal,0.08650765614102329
17184,569,2,198.41000000000003,6.345636360828596,1.0986122886681098,5.2953630067216,1,-1.6263001363255551,0.4168587636636188,Normal,0.10037586009025856
17185,592,3,229.46,6.385194398997726,1.3862943611198906,5.440077311585869,1,-1.3567115349054153,0.5872989856650283,Normal,0.049603835438861044
17186,47,2,144.0,3.871201010907891,1.0986122886681098,4.976733742420574,3,-0.9646414857865844,-1.043324636693287,Normal,0.06148259321046856
17187,227,2,467.71,5.429345628954441,1.0986122886681098,6.149984240310191,1,-0.9580985160161148,0.16729639057262496,Normal,0.13870008076225382
17188,11,13,4592.93,2.4849066497880004,2.6390573296152584,8.432491145866956,0,2.162244458175275,-0.20962387903359103,Normal,0.10717358744031619
17189,106,5,957.63,4.672828834461906,1.791759469228055,6.865505181875307,2,0.12657235287039764,0.21793620515843326,Normal,0.13026415189642326
17190,59,7,1743.04,4.0943445622221,2.0794415416798357,7.46395953998572,2,0.7934761030358294,0.1833138427515153,Normal,0.1424524513090339
17191,28,15,4836.05,3.367295829986474,2.772588722239781,8.484060309755291,0,2.0011403683376194,0.34138209418413007,Normal,0.10197655469774858
17192,536,1,77.83,6.285998094508865,0.6931471805599453,4.367293635071817,1,-2.320069581374689,-0.04226450275717014,Normal,0.10003824813623158
17193,36,9,2310.04,3.6109179126442243,2.302585092994046,7.745452918649038,0,1.2425006553919224,0.08261695983599156,Normal,0.12513143194710502
17194,274,3,812.5,5.616771097666572,1.3862943611198906,6.7013459266590925,2,-0.5593998307815142,0.5410231522894994,Normal,0.1501735806426947
17195,655,1,562.98,6.486160788944089,0.6931471805599453,6.335018789876395,1,-1.5286408102861715,0.657169703390113,Normal,0.10131606078573174
17196,428,1,352.9,6.061456918928017,0.6931471805599453,5.869014387351418,1,-1.5940414216101748,0.28342256632629675,Normal,0.1678555536569757
17197,30,1,1013.01,3.4339872044851463,0.6931471805599453,6.921668046035439,3,-0.28623586068889145,-0.8506795217670641,Normal,0.069313548921215
17198,24,3,1213.88,3.2188758248682006,1.3862943611198906,7.102400585464924,3,0.39064167419531065,-0.6615086309175141,Normal,0.12850652178097982
17199,582,1,145.12,6.368187186350492,0.6931471805599453,4.984428201927082,1,-2.0781334723450584,0.18780507143697214,Normal,0.13260817557421561
17200,387,4,356.71,5.961005339623274,1.6094379124341003,5.879722602262234,1,-0.8580332918510989,0.5666175318704916,Normal,0.10414532912750785
17201,54,4,1242.04,4.007333185232471,1.6094379124341003,7.125315271202111,2,0.3157975608230099,-0.13808823142141138,Normal,0.14452589226040835
17202,421,1,160.65,6.045005314036012,0.6931471805599453,5.0854335041714425,1,-1.9296602957163687,0.039786074396020936,Normal,0.15715542445417513
17203,36,10,5575.88,3.6109179126442243,2.3978952727983707,8.626384759213467,0,1.6984918950996986,0.3812079647163783,Normal,0.11294605324971752
17204,175,9,5504.6900000000005,5.170483995038151,2.302585092994046,8.613537381901759,2,1.115804703744295,1.2026715383650666,Normal,0.05901932376294894
17205,54,3,999.35,4.007333185232471,1.3862943611198906,6.908105217746425,3,0.051095543344170935,-0.28478776754026697,Normal,0.13829339829140097
17206,53,1,204.24,3.9889840465642745,0.6931471805599453,5.324180026073764,1,-1.1608106347773752,-1.022767661668513,Normal,0.09306417036736181
17207,652,1,303.21999999999997,6.481577129276431,0.6931471805599453,5.7177511238835965,1,-1.7957344151921646,0.46986443863564215,Normal,0.1250091222032746
17208,396,1,115.35,5.983936280687191,0.6931471805599453,4.756602889748301,1,-2.052984760612251,-0.09233162986864926,Normal,0.13952400193183734
17209,649,3,611.6,6.476972362889683,1.3862943611198906,6.417712194398675,1,-0.9610213219288556,0.9305720235287532,Normal,0.09369309368441353
17210,393,1,253.37,5.976350909297934,0.6931471805599453,5.538789899984021,1,-1.7101981936256245,0.1376297450349686,Normal,0.16475537815852276
17211,27,13,4046.65,3.332204510175204,2.6390573296152584,8.305891744778615,0,1.8331226379514503,0.21981569683999239,Normal,0.11324719889142115
17212,253,3,794.41,5.537334267018537,1.3862943611198906,6.678857704985231,2,-0.5434926573079191,0.4904770945340103,Normal,0.1481159652161394
17213,40,13,5182.3,3.713572066704308,2.6390573296152584,8.553197198050425,0,1.817382376580423,0.5041933721198423,Normal,0.1060323655998458
17214,60,6,1069.1200000000001,4.110873864173311,1.9459101490553132,6.975526070700374,2,0.47376521611534506,-0.0026574216136712957,Normal,0.12693000082133138
17215,464,1,186.15,6.142037405587356,0.6931471805599453,5.231910434350438,1,-1.8973101542184947,0.13715261905847267,Normal,0.15373477313970974
17216,554,1,65.05,6.318968113746434,0.6931471805599453,4.190412030968334,1,-2.4076949514136965,-0.07702845715555708,Normal,0.06783025462418535
17217,234,2,218.0,5.459585514144159,1.0986122886681098,5.389071729816501,1,-1.2989554974722812,-0.04380117824132521,Normal,0.10395262958445456
17218,4,18,4192.68,1.6094379124341003,2.9444389791664403,8.341333909075471,0,2.6386468968214034,-0.6080057255560299,Normal,0.04255101160154595
17219,32,2,259.13,3.4965075614664802,1.0986122886681098,5.561181506057179,3,-0.5891600471722221,-1.0750384757828073,Normal,0.09105054057812173
17220,24,21,4481.75,3.2188758248682006,3.091042453358316,8.407991976372474,0,2.258932037803619,0.35331384126615517,Normal,0.07066093260606598
17221,7,5,978.52,2.0794415416798357,1.791759469228055,6.887062655757048,3,0.9747199644581424,-1.2060226734882178,Normal,0.08584317459656643
17222,65,6,1605.01,4.189654742026425,1.9459101490553132,7.381508121137384,2,0.6249301713136186,0.16232448530074328,Normal,0.14513939286560834
17223,310,3,873.53,5.739792912179234,1.3862943611198906,6.773686599187567,2,-0.5677124671095279,0.6305321711751257,Normal,0.14388491805566983
17224,501,1,100.86,6.218600119691729,0.6931471805599453,4.623599321456458,1,-2.1867515355448384,-0.0027143317067368088,Normal,0.11826177538246474
17225,582,1,131.15,6.368187186350492,0.6931471805599453,4.883937641050299,1,-2.1218573901583806,0.1577235444289248,Normal,0.12883348787490184
17226,309,3,900.12,5.736572297479192,1.3862943611198906,6.803638434089568,2,-0.5536386529775863,0.6377217904657463,Normal,0.14214264584075464
17227,19,12,2022.03,2.995732273553991,2.5649493574615367,7.612351666518986,0,1.5836612241790404,-0.2005044907031602,Normal,0.0985492482526194
17228,16,13,3177.24,2.833213344056216,2.6390573296152584,8.064082863439692,0,1.889296970773701,-0.12779322704277657,Normal,0.11568191186694055
17229,96,2,318.76,4.574710978503383,1.0986122886681098,5.767570714403068,1,-0.8480777194395807,-0.41856126138716493,Normal,0.12138487305277851
17230,264,18,9924.95,5.579729825986222,2.9444389791664403,9.202907818858858,0,1.7294277133910936,1.8397629876630088,Anomaly,-0.00018720310141107088
17231,12,25,7197.04,2.5649493574615367,3.258096538021482,8.88156404572273,0,2.803895177017081,0.1955432773989415,Normal,0.05560043143951987
17232,3,2,421.52,1.3862943611198906,1.0986122886681098,6.046236782954962,3,0.3043867754197342,-2.0937506486140056,Normal,0.006368958298248573
17233,35,3,560.86,3.58351893845611,1.3862943611198906,6.331252708540276,3,-0.06282332984178646,-0.6912262479787121,Normal,0.12130897566410265
17234,183,1,149.89000000000001,5.214935757608986,0.6931471805599453,5.0165510945255605,1,-1.6911656095354344,-0.4386678888351226,Normal,0.11432343267862144
17235,25,8,1904.8799999999999,3.258096538021482,2.1972245773362196,7.552699123155541,0,1.1923849506371285,-0.20825154448109423,Normal,0.1259956037489477
17236,13,12,1929.26,2.6390573296152584,2.5649493574615367,7.5654099878515835,0,1.6785944873618608,-0.411284423614819,Normal,0.0889270441399187
17237,11,4,1002.08,2.4849066497880004,1.6094379124341003,6.910830545499065,3,0.7148659658409445,-1.042005088965909,Normal,0.11381683002217685
17238,3,32,7783.1,1.3862943611198906,3.4965075614664802,8.959838470648686,0,3.4009974414421995,-0.343859157939812,Anomaly,-0.002403127441809594
17239,313,4,1189.45,5.749392985908253,1.6094379124341003,7.082086665884911,2,-0.2664381536835864,0.8098241742501088,Normal,0.13196819223365952
17240,596,1,130.6,6.391917113392602,0.6931471805599453,4.879767018891217,1,-2.1313469135624032,0.16956359122394724,Normal,0.11956860671498426
17241,385,12,2744.14,5.955837369464831,2.5649493574615367,7.917587354464576,2,0.7590969341080965,1.5235462168938025,Normal,0.03830432445724674
17242,108,5,2889.28,4.6913478822291435,1.791759469228055,7.9691086622265,2,0.6007659070169193,0.5585107563244055,Normal,0.12591369497427768
17243,1,69,20889.86,0.6931471805599453,4.248495242049359,9.947067021726209,0,4.62827221414689,-0.15539461958116538,Anomaly,-0.09992262226011916
17244,53,5,1826.04,3.9889840465642745,1.791759469228055,7.510452449953338,2,0.6283648702219915,0.033816787751750205,Normal,0.1451769542558906
17245,205,2,371.63,5.327876168789581,1.0986122886681098,5.920585970224212,1,-1.0250929656499532,0.042660128080145646,Normal,0.1364291661528989
17246,547,2,38.92,6.306275286948016,1.0986122886681098,3.686877451443263,1,-2.3134294217347717,-0.08634627168437442,Normal,0.010892274582566919
17247,15,1,282.19,2.772588722239781,0.6931471805599453,5.646118050461663,3,-0.6273204862720435,-1.5973131204842428,Normal,0.05303506929713209
17248,120,2,546.16,4.795790545596741,1.0986122886681098,6.304741264221244,1,-0.6858550679358658,-0.13582204953074642,Normal,0.1375332868207384
17249,429,1,68.03,6.063785208687608,0.6931471805599453,4.234541192715384,1,-2.3059614593208813,-0.20456754632434238,Normal,0.08845031082712079
17250,4,2,384.52,1.6094379124341003,1.0986122886681098,5.954593072332077,3,0.1923418259770984,-1.9981065544816907,Normal,0.029571672905749025
17251,363,3,812.4300000000001,5.8971538676367405,1.3862943611198906,6.701259875015761,2,-0.6501202391250289,0.6956456751551013,Normal,0.14852544623491598
17252,117,2,353.86,4.770684624465665,1.0986122886681098,5.871723345495433,1,-0.8661433124837019,-0.2792920285401841,Normal,0.1297604170444806
17253,18,1,178.26,2.9444389791664403,0.6931471805599453,5.188837265929216,3,-0.8818662893111288,-1.6394127069956528,Normal,0.04666505789067621
17254,5,3,470.73,1.791759469228055,1.3862943611198906,6.156406788013439,3,0.440601273503829,-1.7318309766150837,Normal,0.03999000263295338
17255,41,4,799.13,3.7376696182833684,1.6094379124341003,6.684774214466232,3,0.21133216781532518,-0.4186987681349946,Normal,0.14269772043801787
17256,107,5,498.93,4.68213122712422,1.791759469228055,6.214468088621277,2,-0.15970559425220363,0.028181179619966894,Normal,0.10105688428497589
17257,436,2,192.73,6.07993319509559,1.0986122886681098,5.266465437098854,1,-1.5529383984045069,0.26165678819819826,Normal,0.11229915676992108
17258,397,2,417.3,5.986452005284438,1.0986122886681098,6.036198878448153,1,-1.1877895310817643,0.44051341884021405,Normal,0.15296173508142125
17259,148,6,1889.34,5.003946305945459,1.9459101490553132,7.544511986054564,2,0.432491181770281,0.6602508743171791,Normal,0.12558748998934577
17260,411,1,120.95,6.021023349349527,0.6931471805599453,4.80361112466193,1,-2.0445261631080776,-0.05780407414354865,Normal,0.14376159763345797
17261,510,1,230.44,6.236369590203704,0.6931471805599453,5.44432066066788,1,-1.8353989050310344,0.2527669202444923,Normal,0.14688651392183527
17262,52,11,2757.62,3.970291913552122,2.4849066497880004,7.922485833669513,0,1.342355481687839,0.4005640972203768,Normal,0.12447758600757602
17263,208,1,63.440000000000005,5.342334251964811,0.6931471805599453,4.165734558308774,1,-2.102563839243826,-0.6230890115677877,Normal,0.036662547226887554
17264,424,1,279.59,6.052089168924417,0.6931471805599453,5.636894529114569,1,-1.6920080983905395,0.2087713431707858,Normal,0.16740472960461322
17265,139,2,562.9,4.941642422609304,1.0986122886681098,6.334876930813136,1,-0.7199151285125086,-0.0463547850605155,Normal,0.13833067523591341
17266,2,5,517.73,1.0986122886681098,1.791759469228055,6.2513835165848075,3,1.015358261745922,-1.9372986319728365,Anomaly,-0.021139082791362895
17267,127,2,317.62,4.852030263919617,1.0986122886681098,5.763999170144749,1,-0.9393238727436594,-0.2666718090446492,Normal,0.12630209949972832
17268,108,11,1733.8899999999999,4.6913478822291435,2.4849066497880004,7.458699289794689,2,0.9073518027081848,0.6594376430768389,Normal,0.07803542503094385
17269,386,1,537.46,5.958424693029782,0.6931471805599453,6.2887132134289745,1,-1.3781052195392003,0.3522294760759933,Normal,0.14252081688076612
17270,469,2,604.4,6.152732694704104,1.0986122886681098,6.405889396587618,1,-1.0807148724973616,0.6428930808863577,Normal,0.1423029363915071
17271,736,1,210.39,6.602587892189336,0.6931471805599453,5.353704768627595,1,-1.9932706834759168,0.4276331825425386,Normal,0.09632424774867537
17272,42,4,2148.63,3.7612001156935624,1.6094379124341003,7.673051013288749,2,0.6337257068282683,-0.10988276747030787,Normal,0.13469955976366782
17273,424,1,141.12,6.052089168924417,0.6931471805599453,4.956671771152826,1,-1.9879762341474774,0.005148842842577012,Normal,0.15295450158184543
17274,35,2,577.38,3.58351893845611,1.0986122886681098,6.360231092100106,3,-0.26963150431075456,-0.7878534383940403,Normal,0.11738081772690051
17275,383,1,114.52,5.950642552587727,0.6931471805599453,4.749443675144516,1,-2.0453317245742646,-0.1128382493940331,Normal,0.133452418180394
17276,402,1,508.39,5.998936561946683,0.6931471805599453,6.2332139314143085,1,-1.4153557950482347,0.35796072271432977,Normal,0.15031747398670503
17277,228,2,1065.3500000000001,5.43372200355424,1.0986122886681098,6.9719968810436015,2,-0.6018523639678093,0.41577707624048155,Normal,0.1261402984347495
17278,241,2,271.24,5.488937726156687,1.0986122886681098,5.606684030192651,1,-1.2137646143649439,0.03752990964618244,Normal,0.12398961492974331
17279,58,1,187.82999999999998,4.07753744390572,0.6931471805599453,5.240847139393487,1,-1.22570960355001,-0.9988704679262097,Normal,0.09650539805167901
17280,438,1,118.85999999999999,6.0844994130751715,0.6931471805599453,4.786324395030039,1,-2.072577485124759,-0.027967861641372656,Normal,0.13838795306924861
17281,374,6,797.8499999999999,5.926926025970411,1.9459101490553132,6.68317319347358,2,-0.24079667023051954,0.9114917546045255,Normal,0.09419606385261015
17282,130,5,2339.66,4.875197323201151,1.791759469228055,7.758188219864813,2,0.44953180945253374,0.5967766333014974,Normal,0.13945069629970092
17283,379,1,188.46,5.940171252720432,0.6931471805599453,5.244177920447388,1,-1.826683830541372,0.02948329609051673,Normal,0.15531524711002898
17284,60,8,2793.16,4.110873864173311,2.1972245773362196,7.935286803746374,2,1.0830406358205014,0.37663381193910656,Normal,0.1337869457096842
17285,628,2,428.34,6.444131256700441,1.0986122886681098,6.062249145825942,1,-1.3244801252220728,0.7007496408792907,Normal,0.10930218252065343
17286,22,3,395.48,3.1354942159291497,1.3862943611198906,5.9826255984407775,3,-0.06960996585227325,-1.0426997486031864,Normal,0.08926655343324497
17287,26,21,4111.96,3.295836866004329,3.091042453358316,8.321898242921767,0,2.196581076370525,0.36999068944842484,Normal,0.06495828604438192
17288,9,11,2499.98,2.302585092994046,2.4849066497880004,7.824437934044365,0,1.8390734638812698,-0.5486287513777249,Normal,0.10200995420419212
17289,32,9,2079.39,3.4965075614664802,2.302585092994046,7.6403106551194355,0,1.233755996766896,-0.011961360261666132,Normal,0.12530814655589195
17290,4,8,1501.44,1.6094379124341003,2.1972245773362196,7.314845732167742,0,1.622112229043355,-1.1887884714193109,Normal,0.054898283701031114
17291,308,1,550.8000000000001,5.733341276897746,0.6931471805599453,6.313185661783185,1,-1.2946594017144206,0.23540792573981079,Normal,0.12663293355366034
17292,472,2,271.75,6.159095388491933,1.0986122886681098,5.60855562471318,1,-1.4296964217927606,0.40772318984507205,Normal,0.12474198785834362
17293,8,17,3774.23,2.1972245773362196,2.8903717578961645,8.23621658697946,0,2.361567208761773,-0.33506239620572303,Normal,0.06910015515336543
17294,669,2,467.78999999999996,6.507277712385012,1.0986122886681098,6.150154906977272,1,-1.3066550938285606,0.7618930889862804,Normal,0.10036782650102599
17295,29,3,556.95,3.4011973816621555,1.3862943611198906,6.324269352631711,3,-0.006894361272899666,-0.793878206129008,Normal,0.1193098385024961
17296,730,1,338.13,6.594413459749778,0.6931471805599453,5.826383514696429,1,-1.784962107099011,0.5646193482492623,Normal,0.1095324702298569
17297,17,1,131.78,2.8903717578961645,0.6931471805599453,4.888693623291013,3,-0.9949734825534989,-1.7590811297904283,Normal,0.04341461334788377
17298,101,5,957.5600000000001,4.624972813284271,1.791759469228055,6.865432158335615,2,0.14201844256126486,0.1915188170466206,Normal,0.12986823471178355
17299,12,6,1016.08,2.5649493574615367,1.9459101490553132,6.924691055688339,3,0.9516382289927966,-0.8705468346103232,Normal,0.10320138306378684
17300,391,2,393.64,5.971261839790462,1.0986122886681098,5.977973956925482,1,-1.2082105810674257,0.4147056681105577,Normal,0.15506698459037094
17301,21,2,330.43,3.091042453358316,1.0986122886681098,5.803416625940581,3,-0.35262460436082865,-1.2261650276380835,Normal,0.08788923191686032
17302,15,5,1135.63,2.772588722239781,1.791759469228055,7.035823023024634,3,0.8152647572117129,-0.7791785820948567,Normal,0.11797414189202765
17303,361,1,250.04,5.8916442118257715,0.6931471805599453,5.525612288984722,1,-1.6885355195955998,0.08696413417409055,Normal,0.15260628456523756
17304,534,1,111.5,6.282266746896006,0.6931471805599453,4.722953221644475,1,-2.164113601557,0.06214298656750565,Normal,0.1291603830009478
17305,649,1,2135.46,6.476972362889683,0.6931471805599453,7.666905532699596,2,-0.9461588236254941,1.0507977468175131,Normal,0.034235527325524484
17306,11,21,9782.35,2.4849066497880004,3.091042453358316,9.188437240164195,0,2.835891883485898,0.18210864254813844,Normal,0.06771151832912237
17307,395,11,3999.8900000000003,5.981414211254481,2.4849066497880004,8.294272115352573,2,0.8536730045395285,1.6211143356857887,Normal,0.03942728351416558
17308,393,2,4511.76,5.976350909297934,1.0986122886681098,8.41466421870983,2,-0.1496410712053499,1.1469280144081682,Normal,0.04349302428024937
17309,95,3,330.59000000000003,4.564348191467836,1.3862943611198906,5.803899265990974,1,-0.6095025982787018,-0.3081003616306562,Normal,0.10379668315843366
17310,387,2,1025.1,5.961005339623274,1.0986122886681098,6.933520486868163,2,-0.7891305565654595,0.6950883678392207,Normal,0.1410552263550821
17311,78,6,3566.56,4.3694478524670215,1.9459101490553132,8.179637167709913,2,0.914050194875092,0.5004087746934522,Normal,0.1139507068505613
17312,139,3,644.3,4.941642422609304,1.3862943611198906,6.469715324941794,2,-0.44182950010558036,0.09931043220441753,Normal,0.14175966238812826
17313,31,1,2328.84,3.4657359027997265,0.6931471805599453,7.7535548746739895,3,0.0654536868245217,-0.584145515464017,Normal,0.041976398480291666
17314,25,17,4904.43,3.258096538021482,2.8903717578961645,8.498098033804354,0,2.1323999083814953,0.3284668813366425,Normal,0.08993157617039155
17315,2,43,9650.6,1.0986122886681098,3.784189633918261,9.174878983698024,0,3.8070231388973883,-0.33285998851562776,Anomaly,-0.029051367890867708
17316,420,1,124.45,6.042632833682381,0.6931471805599453,4.8319072728124315,1,-2.0392034358934685,-0.03741475793010345,Normal,0.14579670822898388
17317,46,3,2600.34,3.8501476017100584,1.3862943611198906,7.863781975859922,2,0.5177528583402562,-0.0854064791020178,Normal,0.1060187304437234
17318,725,1,164.28,6.587550014824796,0.6931471805599453,5.107641005371328,1,-2.095470554840081,0.3456804733951888,Normal,0.10105426914234739
17319,669,1,29.1,6.507277712385012,0.6931471805599453,3.40452517175483,1,-2.810542182615384,-0.20841688216145268,Anomaly,-0.012973872091081029
17320,100,6,2895.77,4.61512051684126,1.9459101490553132,7.971351602142627,2,0.7439673312520855,0.5735626904045417,Normal,0.1256241429080151
17321,8,6,1741.18,2.1972245773362196,1.9459101490553132,7.462892481580637,3,1.3047438214739566,-0.9122607183038149,Normal,0.10452460967226929
17322,376,5,922.59,5.932245187448011,1.791759469228055,6.828268250223805,2,-0.2969571072926231,0.9014347567591682,Normal,0.12101385931986475
17323,15,12,1565.59,2.772588722239781,2.5649493574615367,7.356656561662414,0,1.5445774139760609,-0.4001233449286136,Normal,0.08509896268968975
17324,18,12,2301.87,2.9444389791664403,2.5649493574615367,7.741911450116271,0,1.656622862881678,-0.190012580726015,Normal,0.11008678064226524
17325,280,3,609.5699999999999,5.638354669333745,1.3862943611198906,6.414392947092451,2,-0.6912351076372346,0.46702936106910753,Normal,0.14512328188906165
17326,408,2,321.95,6.013715156042802,1.0986122886681098,5.777497512478481,1,-1.3091693186852278,0.3781092934813687,Normal,0.15550727964280525
17327,410,2,152.35,6.018593214496234,1.0986122886681098,5.032722890560261,1,-1.6348019644342164,0.15785394798156285,Normal,0.10341202462097965
17328,673,1,104.7,6.513230110912307,0.6931471805599453,4.660604892876192,1,-2.265941119596476,0.17086966525089534,Normal,0.0765808467366571
17329,14,5,1004.4300000000001,2.70805020110221,1.791759469228055,6.913170589683406,3,0.7827715141955249,-0.8514911444650729,Normal,0.11079543683722798
17330,23,4,423.8,3.1780538303479458,1.6094379124341003,6.051618469927729,3,0.11683718646745402,-0.9168943145932898,Normal,0.09374755888290476
17331,124,1,175.2,4.8283137373023015,0.6931471805599453,5.171619713502079,1,-1.4986510601565566,-0.6054943352869385,Normal,0.11563111235979634
17332,528,5,838.27,6.270988431858299,1.791759469228055,6.732532466377506,2,-0.4481704377468705,1.0596142176861225,Normal,0.09275436346097027
17333,86,1,494.25,4.465908118654584,0.6931471805599453,6.20506268557866,1,-0.9317838841379085,-0.4960254073838724,Normal,0.11767065826588113
17334,302,3,635.15,5.713732805509369,1.3862943611198906,6.45543438458871,2,-0.6977570035371355,0.5208906457024777,Normal,0.1421937506530644
17335,384,2,508.0,5.953243334287785,1.0986122886681098,6.2324480165505225,1,-1.0916600694069056,0.48094335133492666,Normal,0.1549780444553982
17336,472,1,81.12,6.159095388491933,0.6931471805599453,4.408181592150733,1,-2.261235453665884,-0.10001944414845797,Normal,0.10138268930979971
17337,151,4,2027.8700000000001,5.0238805208462765,1.6094379124341003,7.615234266802261,2,0.2001861939544538,0.569255607404941,Normal,0.1356701197251095
17338,17,17,12142.57,2.8903717578961645,2.8903717578961645,9.40455509057637,0,2.645735265712122,0.3969891393217383,Normal,0.07367345907368406
17339,94,3,362.36,4.553876891600541,1.3862943611198906,5.895394078357248,3,-0.5663060866540434,-0.28648724673657033,Normal,0.1134372373584811
17340,30,18,22404.82,3.4339872044851463,2.9444389791664403,10.017076025523961,0,2.7776642511598,0.8999730611627206,Anomaly,-0.0028709652325186186
17341,157,5,1889.83,5.062595033026967,1.791759469228055,7.5447711650931915,2,0.2960638230341915,0.6362522451076034,Normal,0.12799514639292947
17342,380,4,1227.54,5.942799375126701,1.6094379124341003,7.113581751463728,2,-0.3152870714928775,0.9259276045050673,Normal,0.1338871358928833
17343,355,6,1259.94,5.87493073085203,1.9459101490553132,7.1396127535481995,2,-0.02538105140176226,1.0194468805572177,Normal,0.09513854876782712
17344,46,2,468.11,3.8501476017100584,1.0986122886681098,6.150837282523528,3,-0.44697427674361156,-0.7034727542075476,Normal,0.1190626060018335
17345,15,10,1604.68,2.772588722239781,2.3978952727983707,7.381302621851238,0,1.42788789981194,-0.4538933079295868,Normal,0.09532080563638329
17346,4,26,5323.0,1.6094379124341003,3.295836866004329,8.579980179515003,0,3.0104962484621707,-0.40794372011030283,Normal,0.01969735668498962
17347,86,1,228.96,4.465908118654584,0.6931471805599453,5.43790538075509,1,-1.2655776519637698,-0.7256714854146971,Normal,0.121342195327933
17348,15,9,2476.41,2.772588722239781,2.302585092994046,7.8149689386018215,0,1.5438845292779158,-0.3589635718670575,Normal,0.11703331158792529
17349,179,5,852.25,5.19295685089021,1.791759469228055,6.749052587786816,2,-0.09231943913418308,0.4699589741462207,Normal,0.12367658207000937
17350,8,7,1906.041,2.1972245773362196,2.0794415416798357,7.553308105107111,0,1.4459292637616354,-0.8363178960609668,Normal,0.10931525759595717
17351,36,12,1988.23,3.6109179126442243,2.5649493574615367,7.595502908166634,0,1.3773634626186078,0.13376447189562773,Normal,0.09209062937395879
17352,696,1,36.25,6.546785410760524,0.6931471805599453,3.6176519448255684,1,-2.730587517946736,-0.12282714932897472,Normal,0.006861468673800997
17353,129,4,3242.0,4.867534450455582,1.6094379124341003,8.084254106307318,2,0.45482526437167997,0.6234207514794703,Normal,0.10915565855165332
17354,51,4,3143.46,3.9512437185814275,1.6094379124341003,8.05339745327934,2,0.7377512727019061,0.10879341379000532,Normal,0.10860740587322959
17355,386,1,285.11,5.958424693029782,0.6931471805599453,5.656376352258931,1,-1.653237975361253,0.1629414653264658,Normal,0.16465553813552375
17356,312,5,946.47,5.746203190540153,1.791759469228055,6.853795274186192,2,-0.22567943325113088,0.8064626257779335,Normal,0.11394388909214437
17357,24,2,388.14,3.2188758248682006,1.0986122886681098,5.96393917604323,3,-0.32412506986423895,-1.1076051780210143,Normal,0.09718156575977271
17358,303,5,866.05,5.717027701406222,1.791759469228055,6.765096645244558,2,-0.25483652555801517,0.763818905356666,Normal,0.11636473791553315
17359,11,2,284.46,2.4849066497880004,1.0986122886681098,5.654101914201623,3,-0.2215523022135525,-1.6051829529798554,Normal,0.061050481745196006
17360,17,6,1231.3799999999999,2.8903717578961645,1.9459101490553132,7.116702538093588,3,0.929933395585158,-0.6335784145520119,Normal,0.12498891714767335
17361,49,5,880.64,3.912023005428146,1.791759469228055,6.781783809420187,3,0.3362088733235595,-0.22675656318950382,Normal,0.1330941119988629
17362,239,7,1024.04,5.480638923341991,2.0794415416798357,6.932486915201321,2,0.11386676125642575,0.7888455229743728,Normal,0.058628552155376656
17363,395,3,940.86,5.981414211254481,1.3862943611198906,6.8478566435737855,2,-0.6135872450863988,0.786003691292853,Normal,0.14805503630812344
17364,1,28,12070.42,0.6931471805599453,3.367295829986474,9.398595954230528,0,3.717533894975835,-0.6421277127390841,Anomaly,-0.03911392334822328
17365,13,15,8224.98,2.6390573296152584,2.772588722239781,9.015052717472072,0,2.4677086508494654,0.09866480161829436,Normal,0.09466078246515996
17366,432,2,1096.24,6.07073772800249,1.0986122886681098,7.000553214833489,2,-0.7954545639701444,0.7756785375342018,Normal,0.13211867507569697
17367,238,1,168.4,5.476463551931511,0.6931471805599453,5.132262782217954,1,-1.7254036925015959,-0.2597813588788366,Normal,0.12288857439816997
17368,23,14,2826.14,3.1780538303479458,2.70805020110221,7.947020878929368,0,1.7794537737543719,0.05261912903260436,Normal,0.11178670997504753
17369,456,1,979.1999999999999,6.124683390894205,0.6931471805599453,6.887756632475447,1,-1.1712309175416626,0.6232530635158646,Normal,0.10957620971470161
17370,73,4,446.18,4.30406509320417,1.6094379124341003,6.102961198121657,3,-0.2250042232773462,-0.28046080952953906,Normal,0.10786433078534535
17371,17,6,662.55,2.8903717578961645,1.9459101490553132,6.497604208883258,3,0.6605607875652981,-0.8189035132308097,Normal,0.08926807888067406
17372,41,28,4377.56,3.7376696182833684,3.367295829986474,8.384475182191446,0,2.29160864595318,0.7335392091797174,Normal,0.025315873193377914
17373,40,7,1167.5,3.713572066704308,2.0794415416798357,7.063476153978913,2,0.7423754642049554,-0.1465889426535841,Normal,0.11326347874801473
17374,219,3,727.11,5.393627546352362,1.3862943611198906,6.5904521356834955,2,-0.5354799051892888,0.3847501068276395,Normal,0.1408909727567459
17375,199,4,660.55,5.298317366548036,1.6094379124341003,6.49458556648842,2,-0.37617325286425835,0.3851617546856502,Normal,0.1338304965560146
17376,71,4,453.64,4.276666119016055,1.6094379124341003,6.119505896988866,3,-0.20894401684417632,-0.2906204205350424,Normal,0.10722521496653986
17377,24,78,18319.41,3.2188758248682006,4.3694478524670215,9.81577101789036,0,3.8465106552468007,1.242669408626112,Anomaly,-0.06661724215764231
17378,374,1,10.95,5.926926025970411,0.6931471805599453,2.4807312783775197,1,-3.0247886751662816,-0.8050511449625927,Anomaly,-0.015158389746783074
17379,11,1,404.66,2.4849066497880004,0.6931471805599453,6.005515370330642,3,-0.37790126621072834,-1.6484029806257166,Normal,0.04965382254765738
17380,434,3,645.0,6.075346031088684,1.3862943611198906,6.470799503782602,2,-0.8080265436576665,0.7249420018280199,Normal,0.14487161931450998
17381,9,38,40002.37,2.302585092994046,3.6635616461296463,10.59671897954724,0,3.9442731319862787,0.7126739506629515,Anomaly,-0.06522462509509641
17382,65,8,902.28,4.189654742026425,2.1972245773362196,6.806032582872267,2,0.5662170360225908,0.08204766632960407,Normal,0.09663850116523176
17383,4,2,309.99,1.6094379124341003,1.0986122886681098,5.739760757321436,3,0.0988672707232109,-2.0624159187623614,Normal,0.025290945525227926
17384,19,3,507.55,2.995732273553991,1.3862943611198906,6.2315635390716055,3,0.08390669894152304,-1.0452682518644274,Normal,0.10452369046590376
17385,15,1,261.11,2.772588722239781,0.6931471805599453,5.568764262978113,3,-0.660977484670401,-1.6204687286036394,Normal,0.0507552573861737
17386,8,7,2812.77,2.1972245773362196,2.0794415416798357,7.942280500147702,0,1.6151729905755356,-0.719880257493644,Normal,0.10197512376584622
17387,20,2,784.11,3.044522437723423,1.0986122886681098,6.6658238353540185,3,0.03765861114573651,-0.9936648360553917,Normal,0.11231005497838226
17388,78,11,2691.57,4.3694478524670215,2.4849066497880004,7.898251406835588,2,1.2027137172444684,0.6134685636618658,Normal,0.10734972839222873
17389,1,61,57224.68,0.6931471805599453,4.127134385045092,10.954758027668472,0,4.974160693424017,0.10183209973122635,Anomaly,-0.13195023994569943
17390,421,1,149.3,6.045005314036012,0.6931471805599453,5.012633296758929,1,-1.9613360099120587,0.017993565862247353,Normal,0.15562680709795368
17391,164,2,508.8,5.10594547390058,1.0986122886681098,6.234018491942015,1,-0.8169389254631151,0.01407676766756018,Normal,0.13521704870119422
17392,307,3,626.56,5.730099782973574,1.3862943611198906,6.441839283964755,2,-0.708965795629857,0.5258483871408666,Normal,0.14074634213795634
17393,411,2,381.15,6.021023349349527,1.0986122886681098,5.945813201688893,1,-1.2382980239265815,0.4325249715857341,Normal,0.15729697059511516
17394,219,1,203.86999999999998,5.393627546352362,0.6931471805599453,5.3223756316411075,1,-1.6158934083357535,-0.24856082136912588,Normal,0.12199531432486616
17395,508,1,97.5,6.2324480165505225,0.6931471805599453,4.590056548178043,1,-2.2058249190863473,-0.005117289429003238,Normal,0.11502784705740293
17396,39,14,8807.1,3.6888794541139363,2.70805020110221,9.083427031653235,0,2.1086953736910057,0.6745503048076752,Normal,0.0786210948141684
17397,22,3,1233.18,3.1354942159291497,1.3862943611198906,7.118162060926628,3,0.4244673139097592,-0.7027805515477086,Normal,0.1319705413400441
17398,115,3,653.38,4.7535901911063645,1.3862943611198906,6.483688222474311,2,-0.37492891972304915,-0.00022915704143494317,Normal,0.13775428998501466
17400,126,8,4677.05,4.844187086458591,2.1972245773362196,8.45063663541535,2,1.070099510191782,0.9353693171879014,Normal,0.0984965684375555
17401,541,1,114.85,6.295266001439646,0.6931471805599453,4.752296250878385,1,-2.1555506026625273,0.07809661382955758,Normal,0.1299293116588418
17402,5,23,5096.18,1.791759469228055,3.1780538303479458,8.536442724607598,0,2.842751623443767,-0.3635277463774402,Normal,0.03249512685455691
17403,36,2,400.57,3.6109179126442243,1.0986122886681098,5.995381864392027,3,-0.4372406568356822,-0.8819576706782463,Normal,0.11100041098071911
17404,4,23,47781.12,1.6094379124341003,3.1780538303479458,10.77440678992478,0,3.8754678214247855,0.2058381038518256,Anomaly,-0.0567662857621668
17405,1,3,1031.41,0.6931471805599453,1.3862943611198906,6.9396511539657,3,1.1367139411970189,-2.103321299006993,Anomaly,-0.018967253201745082
17406,333,13,4905.05,5.811140992976701,2.6390573296152584,8.49822441636862,2,1.1150559616025106,1.6446752680051,Normal,0.03392280041151252
17407,412,1,552.9,6.023447592961033,0.6931471805599453,6.316984165039059,1,-1.386834465641375,0.39655640927350055,Normal,0.14610579904637316
17408,163,3,316.09000000000003,5.099866427824199,1.3862943611198906,5.759185645253913,1,-0.8021580152249649,-0.02611411157197126,Normal,0.09798621463396145
17409,185,10,7793.51,5.225746673713202,2.3978952727983707,8.961174918707844,2,1.3218837070381078,1.3721033586215254,Normal,0.045929093477338534
17410,16,5,1214.72,2.833213344056216,1.791759469228055,7.1030917728535865,3,0.8249261531208508,-0.7256037030603889,Normal,0.12703447173153098
17411,12,5,1425.38,2.5649493574615367,1.791759469228055,7.262895045138237,3,0.9812207539234775,-0.8257311365410445,Normal,0.11880390709095895
17412,3,16,4417.52,1.3862943611198906,2.833213344056216,8.39356007737081,0,2.6487086422968997,-0.7561618366191799,Normal,0.03629954067767405
17413,405,2,560.14,6.0063531596017325,1.0986122886681098,6.329970428756386,1,-1.0664046844602262,0.5394296962941558,Normal,0.15797495577021714
17414,44,6,2249.52,3.8066624897703196,1.9459101490553132,7.7189165796075185,2,0.8956076864096543,0.05208292437127909,Normal,0.14031412819384503
17415,80,1,507.84,4.394449154672439,0.6931471805599453,6.23213362528801,1,-0.8968935317491645,-0.527335806747891,Normal,0.11337936284223593
17416,30,22,17298.45,3.4339872044851463,3.1354942159291497,9.758429988072983,0,2.8108450893178603,0.8924811491611997,Anomaly,-0.00025383435088244255
17417,549,1,164.18,6.309918278226516,0.6931471805599453,5.1070357883825706,1,-2.005940675375627,0.1923683849962406,Normal,0.14513233457929647
17418,42,3,670.0600000000001,3.7612001156935624,1.3862943611198906,6.508858551752005,3,-0.04301283050210138,-0.5400584493713046,Normal,0.1320339893886348
17419,11,18,6500.52,2.4849066497880004,2.9444389791664403,8.779791274699825,0,2.5462727625389134,0.006119745862153058,Normal,0.08782282673844777
17420,50,6,1084.43,3.9318256327243257,1.9459101490553132,6.989731500827217,2,0.5378548483679846,-0.09716114509329918,Normal,0.12010353280357045
17421,386,3,1059.41,5.958424693029782,1.3862943611198906,6.966410904774026,2,-0.5545683270900985,0.8088124007251444,Normal,0.1459401785116624
17422,16,11,3594.76,2.833213344056216,2.4849066497880004,8.187510652541107,0,1.8254293562051185,-0.14727009551007603,Normal,0.11414871945076016
17423,46,3,1118.95,3.8501476017100584,1.3862943611198906,7.0210393204354755,3,0.15107154735881262,-0.33767878934485024,Normal,0.13762316271895042
17425,19,2,759.17,2.995732273553991,1.0986122886681098,6.63354209247732,3,0.0393926606421607,-1.0302390380829156,Normal,0.10805328629266692
17426,8,13,8077.77,2.1972245773362196,2.6390573296152584,8.996994912204553,0,2.5009064621371864,-0.1993157824402469,Normal,0.08106573814702672
17427,72,1,100.8,4.290459441148391,0.6931471805599453,4.623010104116422,1,-1.5633978422884265,-1.0663784709575521,Normal,0.07673317358989029
17428,1,45,31819.760000000002,0.6931471805599453,3.828641396489095,10.367874185956017,0,4.49114240584828,-0.1831086483068257,Anomaly,-0.0971284760333685
17429,128,5,1357.46,4.859812404361672,1.791759469228055,7.2141069841929415,2,0.21777536993135135,0.4254219352326934,Normal,0.13162654298483012
17430,33,4,735.17,3.5263605246161616,1.6094379124341003,6.601461070318374,3,0.243424996530985,-0.5601882067323503,Normal,0.12641460111195163
17431,313,1,403.3,5.749392985908253,0.6931471805599453,6.002157176646725,1,-1.4351808987665515,0.15115604786525288,Normal,0.1426660955652405
17432,18,9,1751.39,2.9444389791664403,2.302585092994046,7.468735849463749,0,1.337656103158798,-0.36782138702162087,Normal,0.11767228991445583
17433,88,2,569.96,4.48863636973214,1.0986122886681098,6.347319154662812,3,-0.5679877016405611,-0.29249084792894336,Normal,0.14099693394603902
17434,2,7,2373.82,1.0986122886681098,2.0794415416798357,7.77267692412289,0,1.8966970169068462,-1.37660255442186,Normal,0.039535871663000544
17435,411,1,331.35,6.021023349349527,0.6931471805599453,5.806188630487591,1,-1.6082999535643063,0.24231428579012781,Normal,0.1690570583110026
17436,2,5,534.06,1.0986122886681098,1.791759469228055,6.282378890140428,3,1.0288444952201374,-1.9280202663372703,Anomaly,-0.02194917654773898
17437,530,1,373.17,6.274762021241939,0.6931471805599453,5.924710239594586,1,-1.6387962248168453,0.4177457782958136,Normal,0.15055865119716544
17438,254,5,1422.77,5.541263545158426,1.791759469228055,7.261063562072737,2,0.01780765167258593,0.8153403061028537,Normal,0.11920355390453691
17439,656,1,325.74,6.48768401848461,0.6931471805599453,5.789164747598362,1,-1.7666371344481178,0.49461020147417867,Normal,0.12463014550278184
17440,157,4,323.58,5.062595033026967,1.6094379124341003,5.7825320388877355,1,-0.6097524686666769,0.041995501351463994,Normal,0.0905728633725944
17441,732,1,293.35,6.597145701886651,0.6931471805599453,5.68476953547427,1,-1.8474626955900817,0.5237346568864348,Normal,0.10858777045002671
17442,37,15,4620.3,3.6375861597263857,2.772588722239781,8.438431329775756,0,1.8938681702860285,0.4768048882143063,Normal,0.09920340441768516
17443,220,1,534.24,5.3981627015177525,0.6931471805599453,6.282715244436788,1,-1.1995118909065243,0.041415176823159136,Normal,0.11687995664710882
17444,148,3,2940.04,5.003946305945459,1.3862943611198906,7.9865185392775535,2,0.19798807358190854,0.5877250184907379,Normal,0.09155256077076929
17446,177,2,120.9,5.181783550292085,1.0986122886681098,4.803201036487226,1,-1.464022336045504,-0.372404500117512,Normal,0.06555485116874982
17447,40,2,541.53,3.713572066704308,1.0986122886681098,6.296243383424822,3,-0.3395353702903498,-0.7352756825870423,Normal,0.12557489727268034
17448,497,46,14556.97,6.210600077024653,3.8501476017100584,9.585893888953454,0,2.382816454810561,2.63389352165301,Anomaly,-0.09057393298310146
17449,2,13,4951.15,1.0986122886681098,2.6390573296152584,8.507577104697274,0,2.643277805362109,-0.9517734435455415,Normal,0.03410983112589683
17450,8,51,246973.09,2.1972245773362196,3.9512437185814275,12.417038711322427,0,4.98979594206327,1.3047698171730708,Anomaly,-0.12204996971315829
17451,1,7,1721.4,0.6931471805599453,2.0794415416798357,7.451473946050153,0,1.8880778812883714,-1.6963924932972627,Anomaly,-0.005231258533239469
17453,18,2,486.71999999999997,2.9444389791664403,1.0986122886681098,6.189741470692064,3,-0.137117521925047,-1.1913807260215796,Normal,0.09417307996122593
17454,192,10,1547.94,5.262690188904886,2.3978952727983707,7.345326104999135,2,0.6068717752512575,0.908780813025875,Normal,0.05675123579541652
17455,204,1,131.7,5.3230099791384085,0.6931471805599453,4.888090941338162,1,-1.7820131995359534,-0.4175124665853849,Normal,0.1139888302327895
17456,365,2,1225.42,5.902633333401366,1.0986122886681098,7.111854635317653,2,-0.6926575246231146,0.7162763840314854,Normal,0.1191478407044953
17457,127,14,5984.8099999999995,4.852030263919617,2.70805020110221,8.69714694718053,0,1.5644303301476428,1.2004675612720188,Normal,0.06421998189304712
17458,15,2,529.58,2.772588722239781,1.0986122886681098,6.2739707478156985,3,-0.04488819227174555,-1.2609529114417726,Normal,0.09196327429324447
17459,43,2,657.3,3.784189633918261,1.0986122886681098,6.489660754473831,3,-0.27821808769479184,-0.638426896647065,Normal,0.12336214199627327
17460,94,16,2228.27,4.553876891600541,2.833213344056216,7.709429456601973,0,1.3265628822683202,0.7861617618621871,Normal,0.06308670044635056
17461,23,3,757.46,3.1780538303479458,1.3862943611198906,6.6312900617355215,3,0.198862137774946,-0.8250498867312577,Normal,0.12518872097325934
17462,60,2,675.69,4.110873864173311,1.0986122886681098,6.517213265531828,3,-0.37188790460785237,-0.44999276556700596,Normal,0.13041523537933453
17463,16,7,2557.91,2.833213344056216,2.0794415416798357,7.847336665553033,0,1.368167428246532,-0.3975146055256016,Normal,0.12757015312765402
17464,158,3,1000.94,5.0689042022202315,1.3862943611198906,6.909693399612396,2,-0.2915526791036602,0.30120912859630683,Normal,0.1399866445117644
17465,426,7,2542.79,6.056784013228625,2.0794415416798357,7.841410373882996,2,0.3230035784395885,1.3787081730509685,Normal,0.07664578954129708
17466,10,2,763.28,2.3978952727983707,1.0986122886681098,6.638934214171274,3,0.23509459162421442,-1.3583686707802716,Normal,0.08159172679165255
17467,395,1,102.6,5.981414211254481,0.6931471805599453,4.640537329825382,1,-2.1026697322650505,-0.12846655874240226,Normal,0.12589119712635083
17468,10,3,194.8,2.3978952727983707,1.3862943611198906,5.27709373009641,3,-0.13803183105638545,-1.6607294741110215,Normal,0.015207244950212417
17469,16,17,5051.25,2.833213344056216,2.8903717578961645,8.527588967598358,0,2.282649656854594,0.10294577541988906,Normal,0.09402294495384717
17470,45,11,2804.87,3.828641396489095,2.4849066497880004,7.939468930294802,0,1.395558311375339,0.3275189908656662,Normal,0.12155777962915898
17471,475,1,321.65000000000003,6.16541785423142,0.6931471805599453,5.776568144381849,1,-1.6678888470401643,0.3130899076063649,Normal,0.15819952551097516
17472,191,4,935.1,5.2574953720277815,1.6094379124341003,6.841722308377699,2,-0.21192953813813048,0.4665601927616646,Normal,0.1380702865539879
17473,409,2,607.0,6.016157159698354,1.0986122886681098,6.410174881966167,1,-1.03467821259388,0.5688461489885136,Normal,0.15439454374106493
17474,600,1,1047.0,6.398594934535208,0.6931471805599453,6.954638864880987,1,-1.2307201488110844,0.7943530494275681,Normal,0.08707266840880279
17475,79,1,194.37,4.382026634673881,0.6931471805599453,5.274895196603544,1,-1.3093747335807857,-0.8207338405434734,Normal,0.1095402729841744
17476,396,2,489.86,5.983936280687191,1.0986122886681098,6.1961589547536615,1,-1.1173764963882362,0.4870093782009625,Normal,0.15763776383060685
17477,613,2,1144.3,6.419994928147142,1.0986122886681098,7.04342189040367,2,-0.8897609217732279,0.9811478897035825,Normal,0.08802589149907125
17478,408,2,1272.8,6.013715156042802,1.0986122886681098,7.149759837937266,2,-0.7120914975130648,0.7888916181618894,Normal,0.12188096027654238
17479,633,1,389.26000000000005,6.452048954437226,0.6931471805599453,5.9668131836668525,1,-1.677816168469561,0.5281337690093783,Normal,0.12284138993960758
17480,78,2,902.03,4.3694478524670215,1.0986122886681098,6.80575577545649,3,-0.32997114376704384,-0.22099908850757463,Normal,0.13856382180235938
17481,4,4,1255.59,1.6094379124341003,1.6094379124341003,7.136156981955326,3,1.0960555685093083,-1.4574290087599973,Normal,0.05776282490438778
17482,487,2,778.19,6.1903154058531475,1.0986122886681098,6.6582549185704085,1,-0.9830646526330548,0.7391670588843937,Normal,0.13225202226119942
17483,65,4,591.73,4.189654742026425,1.6094379124341003,6.384738983338736,3,-0.06539814065742927,-0.25921585433868843,Normal,0.12522464811049017
17484,576,2,209.57,6.3578422665081,1.0986122886681098,5.34981813941044,1,-1.6065541532377092,0.4398920380086031,Normal,0.09822794391888545
17486,261,1,396.87,5.568344503761097,0.6931471805599453,5.986125318762377,1,-1.383600721094917,0.04649762837137957,Normal,0.14564604056036884
17487,728,1,160.55,6.591673732008658,0.6931471805599453,5.084814692270507,1,-2.1067361072379702,0.3411219725663906,Normal,0.10210607656279402
17488,641,1,336.5,6.464588303689961,0.6931471805599453,5.821565510312585,1,-1.7450696639924683,0.49157056361236073,Normal,0.12501510138814265
17489,59,2,376.64,4.0943445622221,1.0986122886681098,5.933941360864316,3,-0.62032626656886,-0.6337102620942269,Normal,0.12365609547971124
17490,1,9,2750.5,0.6931471805599453,2.302585092994046,7.919901496499813,0,2.2620858186068005,-1.4744918054007354,Normal,0.0063520027500284515
17491,1,17,5981.07,0.6931471805599453,2.8903717578961645,8.69652194089341,0,3.048305384256034,-1.0268623336711447,Anomaly,-0.01512580806449082
17492,248,3,1122.42,5.517452896464707,1.3862943611198906,7.024132883037598,2,-0.3868316517671373,0.582868317004808,Normal,0.137694100762361
17493,385,1,100.91000000000001,5.955837369464831,0.6931471805599453,4.6240900708406025,1,-2.10155380683891,-0.1474971887919386,Normal,0.12221312995601874
17494,502,1,54.699999999999996,6.220590170099739,0.6931471805599453,4.019980146933238,1,-2.450032723483992,-0.18230816032050262,Normal,0.0588853472462888
17495,8,3,806.72,2.1972245773362196,1.3862943611198906,6.694215463810622,3,0.5434665715734586,-1.3472008170329393,Normal,0.0944550454290839
17496,359,4,1412.89,5.886104031450156,1.6094379124341003,7.254100049936812,2,-0.23581017013659158,0.9367203494819462,Normal,0.12981776475466683
17497,390,2,287.25,5.968707559985366,1.0986122886681098,5.663828159149168,1,-1.3440707823972833,0.31925828951518076,Normal,0.1395777958088777
17498,76,1,272.22,4.343805421853684,0.6931471805599453,5.610277331459341,1,-1.1510866633040187,-0.7414196158640947,Normal,0.11707064429147951
17499,290,2,1341.39,5.673323267171493,1.0986122886681098,7.202206886340738,2,-0.579180086539746,0.6168444846927892,Normal,0.12029820949041309
17500,17,3,1138.0,2.8903717578961645,1.3862943611198906,7.037905963447182,3,0.46882638588404524,-0.8620050158831817,Normal,0.1241677461825883
17501,221,2,288.6,5.402677381872279,1.0986122886681098,5.668500660511562,1,-1.1589691024615505,0.008456652890785291,Normal,0.12508385565475894
17502,9,4,689.1,2.302585092994046,1.6094379124341003,6.536836514626557,3,0.6111068557612147,-1.2545205152354306,Normal,0.08640971350302279
17503,3,2,558.96,1.3862943611198906,1.0986122886681098,6.327865352606625,3,0.426924696652272,-2.0094460398000296,Normal,0.010222297419126947
17504,206,18,9565.12,5.332718793265369,2.9444389791664403,9.165982968589745,0,1.793251229158653,1.6924679284760134,Normal,0.0033462880593215782
17505,162,5,2435.48,5.093750200806762,1.791759469228055,7.798309653754078,2,0.3963032383415163,0.7293321628088105,Normal,0.1256203392011957
17506,76,1,302.2,4.343805421853684,0.6931471805599453,5.714392653768217,1,-1.1057855946661126,-0.7102530281501873,Normal,0.11981278254242977
17507,262,2,605.58,5.572154032177765,1.0986122886681098,6.407836624054821,1,-0.8920936197433952,0.3232512614418095,Normal,0.14342343955460501
17508,281,8,4579.23,5.641907070938114,2.1972245773362196,8.429504494187944,2,0.8029017475070098,1.3690349417797052,Normal,0.06930996470952555
17509,58,8,6115.14,4.07753744390572,2.1972245773362196,8.71868645756525,0,1.434683378309189,0.5927549060845279,Normal,0.10984649359974835
17510,25,2,514.56,3.258096538021482,1.0986122886681098,6.245253688536579,3,-0.21440877924530746,-1.001761954089208,Normal,0.10672814833017641
17511,3,60,175603.55,1.3862943611198906,4.110873864173311,12.075989871009195,0,5.225430425179135,0.8138304839696524,Anomaly,-0.13243409306125842
17512,29,18,5467.820000000001,3.4011973816621555,2.9444389791664403,8.606818150024006,0,2.1746594549193903,0.45973129351578335,Normal,0.08335369864666525
17513,72,3,1158.8,4.290459441148391,1.3862943611198906,7.05600285544234,2,0.023876223792725675,-0.08435360138135505,Normal,0.14662339718268552
17514,128,2,542.83,4.859812404361672,1.0986122886681098,6.298636698017643,1,-0.7092175019043673,-0.10233745286489754,Normal,0.13844412310243193
17515,31,9,1617.46,3.4657359027997265,2.302585092994046,7.389230358819315,0,1.1344621159029564,-0.104093897185056,Normal,0.11767694863799955
17516,15,6,957.55,2.772588722239781,1.9459101490553132,6.865421725966058,3,0.8586939765379734,-0.7737630825357142,Normal,0.10554256558284975
17517,309,1,153.94,5.736572297479192,0.6931471805599453,5.043037945203756,1,-1.8483516688990775,-0.14302461249511278,Normal,0.1317251197207539
17518,426,2,329.42,6.056784013228625,1.0986122886681098,5.8003645725024455,1,-1.31314932400165,0.4087095889434797,Normal,0.15312211765031764
17519,17,15,5109.47,2.8903717578961645,2.772588722239781,8.539046655484803,0,2.17931464346493,0.09478922419312928,Normal,0.10664667856364529
17520,54,1,546.81,4.007333185232471,0.6931471805599453,6.305928511499892,3,-0.7395818116835245,-0.7187637275840459,Normal,0.09516918903397953
17521,30,5,1278.06,3.4339872044851463,1.791759469228055,7.153880712128252,3,0.6527190115830884,-0.3790365918918621,Normal,0.13626630036568543
17522,2,5,1070.71,1.0986122886681098,1.791759469228055,6.977010782644906,3,1.3310821134937487,-1.7200844378105915,Normal,0.01403835694321931
17523,11,4,652.74,2.4849066497880004,1.6094379124341003,6.48270971889503,3,0.5285885714938383,-1.1701616849270753,Normal,0.09745154852819066
17524,361,3,539.14,5.8916442118257715,1.3862943611198906,6.291828365215705,1,-0.8264838596703152,0.5700447533571575,Normal,0.14066944949788218
17525,360,3,1161.9,5.8888779583328805,1.3862943611198906,7.058672164298998,2,-0.4919318224651138,0.7980712261068782,Normal,0.13898589999672978
17526,5,12,4166.04,1.791759469228055,2.5649493574615367,8.334961230608442,0,2.287467691573964,-0.648258428381278,Normal,0.0768926887479765
17527,54,4,939.37,4.007333185232471,1.6094379124341003,6.8462734148384685,3,0.19438513076322733,-0.22161851591122467,Normal,0.1427160361797678
17528,1,8,3628.5,0.6931471805599453,2.1972245773362196,8.196850176724896,0,2.3022284138194262,-1.430153768156756,Normal,0.0020424405972514492
17529,610,2,1240.25,6.415096959171596,1.0986122886681098,7.123874215359383,2,-0.8531716065047376,1.002529504990728,Normal,0.08297951049811753
17530,1,12,3141.51,0.6931471805599453,2.5649493574615367,8.052777122639133,0,2.5200073965603376,-1.3386813463700251,Normal,0.00447313682976358
17531,190,3,1266.82,5.25227342804663,1.3862943611198906,7.145054169084526,2,-0.24845239903348862,0.47280298650663255,Normal,0.13021549402305516
17532,386,1,65.34,5.958424693029782,0.6931471805599453,4.1947930335189065,1,-2.289179782714386,-0.2745788121362054,Normal,0.08023711089579966
17533,435,1,34.8,6.077642243349034,0.6931471805599453,3.5779478934066544,1,-2.596130025790441,-0.3934736401059618,Normal,0.041763702530716595
17534,54,5,1668.83,4.007333185232471,1.791759469228055,7.42047710382201,2,0.5832815907587227,0.017003631127630692,Normal,0.14625293663233324
17535,280,1,164.4,5.638354669333745,0.6931471805599453,5.108366782589591,1,-1.7881606873463103,-0.17764167623768343,Normal,0.13655261744676783
17536,177,3,364.83,5.181783550292085,1.3862943611198906,5.902168744622394,1,-0.7664394880069283,0.06186973420822269,Normal,0.11444465753680783
17537,30,2,897.62,3.4339872044851463,1.0986122886681098,6.80086025323236,3,-0.029549283063373774,-0.7384284286258701,Normal,0.11619791891294873
17538,26,1,98.42,3.295836866004329,0.6931471805599453,4.599353300666526,3,-1.2520046216299032,-1.622055369254378,Normal,0.036642343763772955
17539,618,4,1226.57,6.428105272684596,1.6094379124341003,7.112791884519306,2,-0.47259109961372625,1.1933671070120608,Normal,0.07539085781827326
17540,25,6,1590.6000000000001,3.258096538021482,1.9459101490553132,7.372495078552774,3,0.9222983291526455,-0.35418498429578443,Normal,0.13376879687349497
17541,510,1,124.46,6.236369590203704,0.6931471805599453,4.831986982668597,1,-2.101828181348822,0.06946679820359641,Normal,0.1374242787332145
17542,270,3,341.7,5.602118820879701,1.3862943611198906,5.836855428880563,1,-0.9308048092436823,0.2741590665304763,Normal,0.11098797457985798
17543,550,1,120.05,6.311734809152915,0.6931471805599453,4.796203683384068,1,-2.141772705425004,0.10032371970610234,Normal,0.13362751043460963
17544,390,3,960.69,5.968707559985366,1.3862943611198906,6.86869215341128,2,-0.6004119599492511,0.7852322373601339,Normal,0.14608503090541508
17545,43,6,1448.54,3.784189633918261,1.9459101490553132,7.279001543703618,2,0.711466872862105,-0.09199938765777702,Normal,0.13337508592711628
17547,376,2,727.85,5.932245187448011,1.0986122886681098,6.5914679495200215,1,-0.9286574620181017,0.5768330515263886,Normal,0.15051830264083466
17548,234,4,731.26,5.459585514144159,1.6094379124341003,6.596135642152661,2,-0.38414658328284507,0.5045097114842323,Normal,0.1317667688569541
17549,24,2,148.86,3.2188758248682006,1.0986122886681098,5.0097015249361645,3,-0.7393183802343714,-1.3932531575269655,Normal,0.04773830406495472
17550,197,9,2547.64,5.288267030694535,2.302585092994046,7.843315162546328,2,0.7425833276190303,1.037072551025811,Normal,0.07730044878239062
17551,359,1,306.84,5.886104031450156,0.6931471805599453,5.729580167477342,1,-1.5979962958136358,0.14496551520615691,Normal,0.15663752422638189
17552,60,12,3085.29,4.110873864173311,2.5649493574615367,8.034725001288239,0,1.4067725146333212,0.5410005456760084,Normal,0.11412452341152884
17553,130,4,3757.6,4.875197323201151,1.6094379124341003,8.231801826622501,2,0.5165456053321432,0.6718152321707802,Normal,0.0993441968868895
17554,1,5,1952.45,0.6931471805599453,1.791759469228055,7.577352319081822,3,1.7234313500504876,-1.7640129827354638,Anomaly,-0.0030899351077107173
17555,20,5,1057.74,3.044522437723423,1.791759469228055,6.964834800821305,3,0.6964271200291645,-0.6504405679078075,Normal,0.12993695626695906
17556,206,2,300.67,5.332718793265369,1.0986122886681098,5.709333704694526,1,-1.1185760532088551,-0.017906555673526742,Normal,0.12744342125503066
17557,14,4,575.46,2.70805020110221,1.6094379124341003,6.356905953086827,3,0.4016804206481096,-1.0847432937233523,Normal,0.09160127665024459
17558,393,1,259.17,5.976350909297934,0.6931471805599453,5.561335263505108,1,-1.7003885994401948,0.1443786272757335,Normal,0.16496471963803966
17559,513,1,167.62,6.2422232654551655,0.6931471805599453,5.12764766249453,1,-1.9750780511403205,0.16120053485071387,Normal,0.14697423401481818
17560,95,8,1895.8,4.564348191467836,2.1972245773362196,7.547923534751195,2,0.7678318389242496,0.5107967447937045,Normal,0.11526440298666829
17561,19,4,722.34,2.995732273553991,1.6094379124341003,6.583879374413785,3,0.4073938804374382,-0.8581252333796485,Normal,0.11972231712719494
17562,14,7,1122.38,2.70805020110221,2.0794415416798357,7.024097276842117,3,1.0504530459270234,-0.7129838199688643,Normal,0.09240641092098323
17563,578,2,392.38,6.361302477572996,1.0986122886681098,5.974776065821747,1,-1.3357511276468967,0.6288797067877324,Normal,0.1298995477225538
17564,24,3,454.01,3.2188758248682006,1.3862943611198906,6.120319396731415,3,-0.03666649094514723,-0.9554914840852458,Normal,0.09519002443208424
17565,587,1,131.83,6.376726947898627,0.6931471805599453,4.8890701151444125,1,-2.122386203972169,0.16397013597439444,Normal,0.12974247555549512
17566,8,2,901.21,2.1972245773362196,1.0986122886681098,6.804847308929716,3,0.3721862040073516,-1.4193853056883745,Normal,0.06839269181569596
17567,7,9,5356.03,2.0794415416798357,2.302585092994046,8.586164996014617,0,2.1036171233117837,-0.5104216589054243,Normal,0.08064170152802091
17568,633,1,382.79,6.452048954437226,0.6931471805599453,5.950095527997053,1,-1.6850900994354154,0.5231293924176412,Normal,0.12377420134614425
17569,332,1,344.14,5.808142489980444,0.6931471805599453,5.843950131819433,1,-1.5230186253011615,0.136201228772273,Normal,0.15169378570619152
17570,382,1,100.0,5.948034989180646,0.6931471805599453,4.61512051684126,1,-2.102933012601517,-0.15448568693627635,Normal,0.11948814398495083
17571,50,5,1703.75,3.9318256327243257,1.791759469228055,7.441173751400762,2,0.616707875716946,-0.018447936843814548,Normal,0.14432909245931702
17572,71,10,723.01,4.276666119016055,2.3978952727983707,6.584805204445026,2,0.5948709691254298,0.13726861388943062,Normal,0.05813343783066871
17573,29,3,380.6,3.4011973816621555,1.3862943611198906,5.944372939574132,3,-0.17218908544577566,-0.9075989786069744,Normal,0.0995945573483874
17574,243,1,185.65,5.497168225293202,0.6931471805599453,5.229235205360593,1,-1.6899069545359573,-0.21933307877737582,Normal,0.1332526597147491
17575,667,1,171.7,6.504288173536645,0.6931471805599453,5.1515559851526325,1,-2.0494339283075433,0.31290227316191377,Normal,0.10903138922743277
17576,8,41,9056.81,2.1972245773362196,3.7376696182833684,9.111382647963284,0,3.3885951505473333,0.23705663254140288,Anomaly,-0.004528550441090573
17577,645,2,348.75,6.470799503782602,1.0986122886681098,5.857218613545591,1,-1.4223150724339997,0.6540835815616355,Normal,0.10255201713559925
17578,218,7,1047.33,5.389071729816501,2.0794415416798357,6.954953700811138,2,0.15325734073909716,0.7450659638357322,Normal,0.06459661536727423
17579,5,4,753.28,1.791759469228055,1.6094379124341003,6.625763651858722,3,0.8150135594713097,-1.5096521017349687,Normal,0.05497370407098101
17580,253,5,545.27,5.537334267018537,1.791759469228055,6.303113359011862,2,-0.39773017843528957,0.5264137483625027,Normal,0.0998871703674033
17581,1,43,18757.75,0.6931471805599453,3.784189633918261,9.8394155892102,0,4.227303953303601,-0.3575719454612696,Anomaly,-0.07068097237263593
17582,236,5,1450.7,5.4680601411351315,1.791759469228055,7.280490562467382,2,0.049936286525898925,0.780779552429512,Normal,0.11709936640561225
17583,560,1,135.95,6.329720905522696,0.6931471805599453,4.919615895709087,1,-2.0938926328622074,0.14718720404489968,Normal,0.1391370259050395
17584,7,6,5309.42,2.0794415416798357,1.9459101490553132,8.577426207153255,0,1.8277767606820543,-0.6435931861869697,Normal,0.0639088989264488
17585,109,7,2093.3,4.700480365792417,2.0794415416798357,7.646974647644465,2,0.6770670023735159,0.5724198734954057,Normal,0.1311892051560325
17586,619,1,167.4,6.429719478039138,0.6931471805599453,5.126342101808226,1,-2.0362871826582243,0.264225372230645,Normal,0.12576844441944823
17587,628,1,181.66,6.444131256700441,0.6931471805599453,5.207626501263533,1,-2.005581094645806,0.29650657565566646,Normal,0.1245450745082537
17588,100,7,2939.55,4.61512051684126,2.0794415416798357,7.986351917666346,2,0.8523392167220049,0.6269301821416047,Normal,0.11942249682559225
17589,60,18,14049.87,4.110873864173311,2.9444389791664403,9.550439594553007,0,2.355706058299843,1.1336314214391248,Normal,0.02330679390679047
17590,2,3,1479.22,1.0986122886681098,1.3862943611198906,7.299946004359694,3,1.1623421351552048,-1.7718293335654447,Normal,0.008295829583175762
17591,73,8,2776.67,4.30406509320417,2.1972245773362196,7.929367725761379,2,1.017982226992069,0.48141875833158326,Normal,0.12424929498599685
17592,739,1,148.3,6.606650186198215,0.6931471805599453,5.005957704545144,1,-2.1458909239129476,0.3257768186615529,Normal,0.08601338247784379
17593,4,11,8095.8,1.6094379124341003,2.4849066497880004,8.999224200874691,0,2.5744100648274983,-0.5792734040114095,Normal,0.05871522510834393
17594,85,4,2497.88,4.454347296253507,1.6094379124341003,7.8235979104743105,2,0.4750478271897557,0.31749611592251414,Normal,0.13482003394630282
17595,12,2,388.79,2.5649493574615367,1.0986122886681098,5.965608132562755,3,-0.11190233598268845,-1.467786106820347,Normal,0.072079085154096
17596,23,13,4920.67,3.1780538303479458,2.6390573296152584,8.50140318278703,0,1.9680468651447067,0.19331787083695395,Normal,0.11422956244076293
17597,214,5,3484.09,5.3706380281276624,1.791759469228055,8.156249147825298,2,0.46249179039824073,0.9892008091043779,Normal,0.08938475018638697
17598,381,1,409.98,5.945420608606575,0.6931471805599453,6.018544551511725,1,-1.491451026907778,0.26418280430422886,Normal,0.1567356278972794
17599,478,1,52.05,6.171700597410915,0.6931471805599453,3.971234865059992,1,-2.4554298863278197,-0.22386549982001414,Normal,0.054302666640756
17600,18,1,161.67000000000002,2.9444389791664403,0.6931471805599453,5.091723608778362,3,-0.9241209003588425,-1.6684833687070115,Normal,0.04662570988124026
17601,239,2,421.48,5.480638923341991,1.0986122886681098,6.046142108398678,1,-1.0198702829651343,0.16450297712111542,Normal,0.13655565324546703
17602,2,14,7451.13,1.0986122886681098,2.70805020110221,8.91625517655053,0,2.8737168335007235,-0.804183151538543,Normal,0.02860536645681
17603,78,4,1793.48,4.3694478524670215,1.6094379124341003,7.49247056535977,2,0.3584314088200656,0.17154696078415047,Normal,0.1407873261597951
17604,217,6,945.9300000000001,5.384495062789089,1.9459101490553132,6.8532251728194,2,0.008629811569746662,0.663212347567786,Normal,0.09959558952391762
17605,590,1,160.75,6.3818160174060985,0.6931471805599453,5.08605193338101,1,-2.0383244195825525,0.22574294505284118,Normal,0.13798179714264575
17606,737,1,87.30000000000001,6.6039438246004725,0.6931471805599453,4.480740107609915,1,-2.3735402751370245,0.16706189171170313,Normal,0.05139366883897023
17607,376,1,333.81,5.932245187448011,0.6931471805599453,5.813563206747519,1,-1.5763781099130763,0.19555524407979583,Normal,0.16078549378365348
17608,33,4,498.53,3.5263605246161616,1.6094379124341003,6.213667656345135,3,0.07469424994968167,-0.6762729210995285,Normal,0.10745757707449255
17609,41,11,1894.34,3.7376696182833684,2.4849066497880004,7.547153520947835,0,1.2542826256003554,0.1599041203984544,Normal,0.10483739160479444
17610,540,5,1529.49,6.293419278846481,1.791759469228055,7.333343224551642,2,-0.1940095485324128,1.251836977533432,Normal,0.08593906062593742
17611,7,28,8371.98,2.0794415416798357,3.367295829986474,9.03276513357146,0,3.109996084759548,0.012988310142258834,Normal,0.04092432732934892
17612,53,18,5394.86,3.9889840465642745,2.9444389791664403,8.593387271846513,0,1.9787103589603627,0.7799111740465291,Normal,0.07933190032906201
17613,23,14,4559.150000000001,3.1780538303479458,2.70805020110221,8.425110796704255,0,1.9874729557529536,0.19573381212661717,Normal,0.11642139057764667
17614,57,1,390.07,4.060443010546419,0.6931471805599453,5.968886572094735,3,-0.9034074292574492,-0.7903628271249251,Normal,0.11238065496131328
17615,130,6,733.2,4.875197323201151,1.9459101490553132,6.598781471062734,2,0.06264008408844389,0.30613652377505274,Normal,0.10967105596376342
17616,174,4,1060.8,5.1647859739235145,1.6094379124341003,6.967720860149571,2,-0.12712237984774805,0.45314253984622077,Normal,0.1391205412646242
17617,559,1,395.33,6.327936783729195,0.6931471805599453,5.982247197558372,1,-1.630959702269958,0.46429842263870236,Normal,0.14686527391972642
17618,6,11,4073.2400000000002,1.9459101490553132,2.4849066497880004,8.312439505213618,0,2.166763062450942,-0.5992751386376166,Normal,0.08323962685234426
17619,312,1,218.52,5.746203190540153,0.6931471805599453,5.39144334453752,1,-1.699873710989337,-0.03341854615154705,Normal,0.13604542621689253
17620,60,1,81.44,4.110873864173311,0.6931471805599453,4.412070756022258,1,-1.597095975452978,-1.2285749404870394,Normal,0.05589172390999264
17621,21,6,3175.12,3.091042453358316,1.9459101490553132,8.063415605028567,0,1.2769506828476858,-0.2395007076305935,Normal,0.11423753011121152
17622,598,2,1130.21,6.395261598115449,1.0986122886681098,7.031043135272966,2,-0.8871475843984155,0.9638004016632258,Normal,0.09386004251737268
17623,33,7,2383.67,3.5263605246161616,2.0794415416798357,7.776816028969278,0,1.1133020202134332,-0.036311579145241635,Normal,0.13819211962144629
17624,15,4,1568.63,2.772588722239781,1.6094379124341003,7.358595201778292,3,0.8166467351041652,-0.7492938807742141,Normal,0.12113419425665234
17625,18,8,6067.8,2.9444389791664403,2.1972245773362196,8.710916170934635,0,1.7977755457929223,-0.03454435459420592,Normal,0.10353971999304401
17626,603,1,254.0,6.403574197934815,0.6931471805599453,5.541263545158426,1,-1.847296849304051,0.3740100507527845,Normal,0.13781168134172034
17627,479,1,296.36,6.173786103901937,0.6931471805599453,5.694943525988997,1,-1.70611061035328,0.29327144253465226,Normal,0.15417042682429966
17628,81,1,75.75,4.406719247264253,0.6931471805599453,4.340553386467307,1,-1.7238974926985364,-1.0868065746433262,Normal,0.06239508659301074
17629,6,10,2455.52,1.9459101490553132,2.3978952727983707,7.8065009932405305,0,1.8802627373410932,-0.7825754393612717,Normal,0.09058341001084214
17630,170,2,503.59999999999997,5.14166355650266,1.0986122886681098,6.223766036206957,1,-0.8329519598488987,0.030708439632130248,Normal,0.13759730440123147
17631,2,7,998.49,1.0986122886681098,2.0794415416798357,6.907245148887903,3,1.5201435626992437,-1.635666779889511,Anomaly,-0.0018742065157153487
17633,31,7,2057.39,3.4657359027997265,2.0794415416798357,7.629679402813487,2,1.0688897339722052,-0.11379465072872985,Normal,0.14255801578655464
17634,36,9,2361.9700000000003,3.6109179126442243,2.302585092994046,7.767674581380544,0,1.2521694058344548,0.08926894328388135,Normal,0.12789309094400508
17635,424,3,1265.58,6.052089168924417,1.3862943611198906,7.144075633652909,2,-0.5075590538991402,0.9136574664387244,Normal,0.13429445681229596
17636,19,1,285.56,2.995732273553991,0.6931471805599453,5.657947938312402,3,-0.6943435841493678,-1.4706945366093467,Normal,0.06653694918958142
17637,31,2,547.0600000000001,3.4657359027997265,1.0986122886681098,6.3063847700056215,3,-0.25496624394924355,-0.8689367251890017,Normal,0.11723333683743126
17638,647,2,842.4,6.473890696352274,1.0986122886681098,6.73744134131246,1,-1.040325775724166,0.9192804133775904,Normal,0.08712719409004477
17639,276,6,615.17,5.6240175061873385,1.9459101490553132,6.423522899485667,2,-0.25580336876677506,0.6666936583385598,Normal,0.08696480067943724
17640,87,6,3168.94,4.477336814478207,1.9459101490553132,8.061467939247406,2,0.8277401525143583,0.5245425702658247,Normal,0.11982426569236787
17642,120,5,1824.49,4.795790545596741,1.791759469228055,7.509603723129441,2,0.36705370551281075,0.47856595705625976,Normal,0.13670263655233178
17643,373,2,541.25,5.924255797414532,1.0986122886681098,6.295727149706984,1,-1.054751707967128,0.4838973536190673,Normal,0.15250731391351202
17644,1,20,6028.6,0.6931471805599453,3.044522437723423,8.704435952529261,0,3.1693204368604286,-0.9680687185194661,Anomaly,-0.019430344817857326
17646,219,12,4149.79,5.393627546352362,2.5649493574615367,8.331053956554086,2,1.1208312580257473,1.3372229427730264,Normal,0.05263727564544807
17647,65,3,331.65999999999997,4.189654742026425,1.3862943611198906,5.807120947362389,3,-0.4869153741078554,-0.5138023637764078,Normal,0.09891543996932028
17648,61,5,2216.37,4.127134385045092,1.791759469228055,7.70407708788802,2,0.6679305082487019,0.16797608077021242,Normal,0.15178563902673897
17649,138,3,1578.89,4.9344739331306915,1.3862943611198906,7.365110503344246,2,-0.04992035457235682,0.36339024498232164,Normal,0.1366047040963913
17650,21,1,166.08,3.091042453358316,0.6931471805599453,5.118472739628975,3,-0.9598975444085344,-1.5796153009369815,Normal,0.0557213229004796
17651,12,16,5703.52,2.5649493574615367,2.833213344056216,8.64901412203431,0,2.3786506993632623,-0.029592018269726746,Normal,0.09238074576297695
17652,25,12,4867.72,3.258096538021482,2.5649493574615367,8.490586347854247,0,1.88092996248656,0.20710221565140527,Normal,0.11090606689193416
17653,37,4,1207.56,3.6375861597263857,1.6094379124341003,7.09718484723547,3,0.42314353568433466,-0.35044712975333,Normal,0.14029013439402743
17654,277,1,117.55,5.627621113690637,0.6931471805599453,4.775334812511415,1,-1.9295929642417444,-0.2832539418497607,Normal,0.1220480688504359
17655,11,9,3652.48,2.4849066497880004,2.302585092994046,8.20343541701347,0,1.805951877560752,-0.4013516726574741,Normal,0.10802254094123631
17656,73,5,1674.69,4.30406509320417,1.791759469228055,7.4239802997335635,2,0.48883515114295134,0.18171813537167666,Normal,0.14656106440273553
17657,430,1,126.0,6.066108090103747,0.6931471805599453,4.844187086458591,1,-2.0414529299577473,-0.020790792408480217,Normal,0.14539959071654796
17658,26,2,595.42,3.295836866004329,1.0986122886681098,6.39094511686889,3,-0.16322393883851324,-0.9373335884531302,Normal,0.10984087376963236
17659,17,14,3834.79,2.8903717578961645,2.70805020110221,8.252130689979245,0,2.0052522422427423,-0.014721522710518664,Normal,0.11305343489353414
17660,141,2,359.47,4.955827057601261,1.0986122886681098,5.887408735509094,1,-0.9191983285359879,-0.17247925820567803,Normal,0.13410311877177417
17662,662,2,412.92,6.4967749901858625,1.0986122886681098,6.025672718437719,1,-1.3574210329122722,0.7188368502074389,Normal,0.09750254376129835
17663,26,17,5175.83,3.295836866004329,2.8903717578961645,8.551948178812031,0,2.1436241725021232,0.3654028534515891,Normal,0.09184652482196376
17664,19,4,1166.23,2.995732273553991,1.6094379124341003,7.062388699414255,3,0.6155955485013948,-0.7148850020781854,Normal,0.13021570570893548
17665,493,1,563.1,6.202535517187923,0.6931471805599453,6.33523154074593,1,-1.4368165664105303,0.5007966690652204,Normal,0.1343686277002879
17666,4,5,2047.8,1.6094379124341003,1.791759469228055,7.625009534885316,3,1.4478153459595147,-1.2443564504781452,Normal,0.06952292843323427
17667,66,9,3950.7,4.204692619390966,2.302585092994046,8.281901145055203,0,1.2838698697325046,0.5707041583015153,Normal,0.11679496604350198
17668,1,2,347.75,0.6931471805599453,1.0986122886681098,5.854355333135575,3,0.4450797959188114,-2.53350289772965,Anomaly,-0.04773614646176283
17669,43,10,6142.35,3.784189633918261,2.3978952727983707,8.723125474960066,0,1.684543726385881,0.5057369616288374,Normal,0.11102977164102412
17670,228,1,205.7,5.43372200355424,0.6931471805599453,5.331268466687723,1,-1.6249916678493728,-0.22378422921288255,Normal,0.12608585765604913
17671,16,5,2403.34,2.833213344056216,1.791759469228055,7.785030716603104,3,1.1216410094223088,-0.521467468022419,Normal,0.11804470092575031
17672,50,7,5778.63,3.9318256327243257,2.0794415416798357,8.66209494577662,0,1.3673532617980173,0.45233268234102203,Normal,0.108010073287091
17673,2,13,4233.58,1.0986122886681098,2.6390573296152584,8.351039428614413,0,2.575167522923465,-0.9986324946820695,Normal,0.0354267932342186
17674,74,2,851.7,4.31748811353631,1.0986122886681098,6.748407785748004,3,-0.33811841506150214,-0.2668250058499009,Normal,0.14031485032495322
17675,1,70,38259.6,0.6931471805599453,4.2626798770413155,10.552175925045875,0,4.90237666127491,0.030934865617811252,Anomaly,-0.12469889007530477
17676,4,10,2765.84,1.6094379124341003,2.3978952727983707,7.9254611537565225,0,2.0408466017427926,-0.9325501576552815,Normal,0.07711241220905729
17677,2,54,36692.91,1.0986122886681098,4.007333185232471,10.510366080218592,0,4.558292781204664,0.14859219282612418,Anomaly,-0.09263115431792879
17678,264,2,599.76,5.579729825986222,1.0986122886681098,6.39819552033738,1,-0.8987387152130455,0.3245437425759821,Normal,0.14371251103226457
17679,53,7,3577.61,3.9889840465642745,2.0794415416798357,8.182729735842724,2,1.140292699607799,0.3403626130719872,Normal,0.127509833566966
17680,24,3,497.45,3.2188758248682006,1.3862943611198906,6.211503283468713,3,0.0030080489799454184,-0.9281958801234962,Normal,0.10267007975097747
17681,597,5,731.2,6.393590753950631,1.791759469228055,6.596053700686136,2,-0.5472057236391448,1.0863824318878166,Normal,0.06562869817267103
17682,10,11,4456.78,2.3978952727983707,2.4849066497880004,8.402406163244015,0,2.0597244185464545,-0.3230464105127613,Normal,0.10437746409258047
17683,386,3,819.01,5.958424693029782,1.3862943611198906,6.70931653530589,2,-0.6664313019089583,0.7318520260263158,Normal,0.15498586704410028
17684,44,1,239.41,3.8066624897703196,0.6931471805599453,5.482345799133678,3,-1.0330244999338014,-1.0759827578879428,Normal,0.09586476875668426
17685,17,12,5943.17,2.8903717578961645,2.5649493574615367,8.690166186257795,0,2.086699702406115,0.06402304609747704,Normal,0.11256744364574844
17686,7,9,8296.81,2.0794415416798357,2.302585092994046,9.023746903547035,0,2.2940110786704766,-0.3794329187210663,Normal,0.07388129434393798
17687,421,1,432.68,6.045005314036012,0.6931471805599453,6.072306934952083,1,-1.5002670034198662,0.33520346984625277,Normal,0.16129290003740276
17688,394,1,304.2,5.978885764901122,0.6931471805599453,5.720967299410302,1,-1.6317517836290616,0.19356209332296237,Normal,0.1685165780514914
17689,388,2,317.08,5.963579343618446,1.0986122886681098,5.7623029234682095,1,-1.299565350711589,0.34590786865867645,Normal,0.15206064052445567
17690,30,20,7448.1,3.4339872044851463,3.044522437723423,8.915848498706922,0,2.3748491929822824,0.6069582067501084,Normal,0.07260488807776888
17691,358,4,780.0500000000001,5.883322388488279,1.6094379124341003,6.660639168277018,2,-0.49312814904457763,0.7575354918993207,Normal,0.1396193935333478
17692,127,12,2975.8,4.852030263919617,2.5649493574615367,7.998604177032413,2,1.1513472167322463,0.9389810723571337,Normal,0.0922827777676597
17693,137,1,200.47,4.927253685157205,0.6931471805599453,5.305640486927818,1,-1.472337700890415,-0.5108042015042452,Normal,0.11633777102776705
17694,142,3,1695.97,4.962844630259907,1.3862943611198906,7.4365995868222186,2,-0.027990926463993593,0.4004384510642504,Normal,0.13160876433947766
17695,132,5,1746.04,4.890349128221754,1.791759469228055,7.465678206265756,2,0.31735883885027316,0.5175718482662593,Normal,0.1368649222329601
17696,38,27,7679.59,3.6635616461296463,3.332204510175204,8.946451646107656,0,2.533331320505035,0.8480453123730465,Normal,0.034985639596727625
17697,236,1,338.95,5.4680601411351315,0.6931471805599453,5.828798547972468,1,-1.4196198117652705,-0.05591060809747029,Normal,0.14234424656830375
17698,261,1,154.95,5.568344503761097,0.6931471805599453,5.049535443053812,1,-1.7911154010108108,-0.23386754618602654,Normal,0.12976272893673363
17699,477,2,442.0,6.169610732491456,1.0986122886681098,6.093569770045136,1,-1.2220654071595163,0.5587104749397831,Normal,0.14083808586243135
17700,17,14,6679.97,2.8903717578961645,2.70805020110221,8.807018465569639,0,2.2466865350145815,0.15138235274027714,Normal,0.11101832437387993
17701,253,1,417.95,5.537334267018537,0.6931471805599453,6.037751581059295,1,-1.351108385893125,0.04484773819994285,Normal,0.1431840215240009
17702,30,6,3144.04,3.4339872044851463,1.9459101490553132,8.053581887654614,0,1.1617548725172833,-0.053289350230967585,Normal,0.12184337449981175
17703,35,4,1094.84,3.58351893845611,1.6094379124341003,6.999276471449595,3,0.39802986252639044,-0.40957707422020245,Normal,0.13846444416809034
17704,169,2,885.19,5.135798437050262,1.0986122886681098,6.786931374567216,2,-0.5860191306035587,0.19605520409424781,Normal,0.13137797858638917
17705,3,11,2083.9,1.3862943611198906,2.4849066497880004,7.642476171452011,0,2.0562529251316475,-1.1084889188449858,Normal,0.04739992390087189
17706,4,31,20749.98,1.6094379124341003,3.4657359027997265,9.940348753459256,0,3.73198203525014,0.06146728299913925,Anomaly,-0.018582716424960788
17707,185,8,609.3000000000001,5.225746673713202,2.1972245773362196,6.41395063955045,2,0.060521670744397564,0.5361473963073502,Normal,0.04856462322479593
17708,188,4,887.9300000000001,5.241747015059643,1.6094379124341003,6.790018492256255,2,-0.22933269093927086,0.4423966372038168,Normal,0.13694595070354265
17709,170,5,671.01,5.14166355650266,1.791759469228055,6.51027322136481,2,-0.17962390485323315,0.37018974125829057,Normal,0.11737451470968363
17710,424,1,293.5,6.052089168924417,0.6931471805599453,5.685279003091641,1,-1.67095578516673,0.2232550802303899,Normal,0.16714357460665058
17711,11,2,385.1,2.4849066497880004,1.0986122886681098,5.956096403270191,3,-0.09015307322227531,-1.5147818715256822,Normal,0.07143577335534945
17712,45,1,522.91,3.828641396489095,0.6931471805599453,6.261319913844147,3,-0.701197723488279,-0.8306766415968904,Normal,0.09892856688848484
17713,382,4,1198.09,5.948034989180646,1.6094379124341003,7.089318214762589,2,-0.32753758258688453,0.9215521546737819,Normal,0.1338249378228692
17714,321,5,1410.18,5.7745515455444085,1.791759469228055,7.252181512816498,2,-0.061508282468500826,0.9413541234630675,Normal,0.11606162607000287
17715,201,2,489.59999999999997,5.308267697401205,1.0986122886681098,6.195629131824389,1,-0.8990785048619497,0.1141781423575509,Normal,0.13629943199086164
17716,23,24,15956.97,3.1780538303479458,3.2188758248682006,9.67771366993163,0,2.922096086978685,0.7576766436984065,Normal,0.007099905553219044
17717,421,1,376.92,6.045005314036012,0.6931471805599453,5.934682533008997,1,-1.560148030922991,0.29400604664654034,Normal,0.16880826177964997
17718,232,2,439.18,5.4510384535657,1.0986122886681098,6.087183734166526,1,-0.992439327858377,0.160462182847737,Normal,0.13843194618519727
17719,38,15,5396.04,3.6635616461296463,2.772588722239781,8.593605934116098,0,1.9529842363775924,0.5375829809727767,Normal,0.09890854372760194
17720,26,10,2768.91,3.295836866004329,2.3978952727983707,7.9265701076788115,0,1.4959045118593952,-0.002065814470020605,Normal,0.12602297496473558
17721,659,1,307.21000000000004,6.492239835020471,0.6931471805599453,5.730781368822976,1,-1.793513486107382,0.4796461363844402,Normal,0.12337669460922424
17722,96,5,4430.36,4.574710978503383,1.791759469228055,8.39646181366768,2,0.8244326433673854,0.6221051501700272,Normal,0.09759838830378009
17723,127,7,3378.4000000000005,4.852030263919617,2.0794415416798357,8.12545345792655,2,0.8362402759267352,0.799240027543388,Normal,0.11408345153275601
17724,71,3,1033.0,4.276666119016055,1.3862943611198906,6.9411900550683745,2,-0.021618254543793566,-0.1263303073760992,Normal,0.15284284233093537
17725,16,11,3439.08,2.833213344056216,2.4849066497880004,8.143250005910986,0,1.8061713397433252,-0.16051937808329378,Normal,0.11465997431396457
17726,395,7,1092.06,5.981414211254481,2.0794415416798357,6.996736381454871,2,-0.020141542632930942,1.084286658108433,Normal,0.05943505361650625
17727,15,1,1060.25,2.772588722239781,0.6931471805599453,6.967202737625557,3,-0.05251029731490473,-1.2018506576409296,Normal,0.04434538863581117
17728,4,5,4238.76,1.6094379124341003,1.791759469228055,8.352261942850365,0,1.7642463046283003,-1.0266557753003787,Normal,0.041608565796901864
17729,596,1,438.65000000000003,6.391917113392602,0.6931471805599453,6.085978955825011,1,-1.6065184009560394,0.5306392648167507,Normal,0.1317869005071418
17730,3,20,7773.8,1.3862943611198906,3.044522437723423,8.958643013243911,0,3.0557455841243018,-0.5096594977332412,Normal,0.029546387902967486
17731,79,6,1708.99,4.382026634673881,1.9459101490553132,7.44424280152639,2,0.5900083314790682,0.2872087997776757,Normal,0.13301012036456045
17732,373,8,2470.39,5.924255797414532,2.1972245773362196,7.812536024372351,2,0.44313704383411134,1.340080037332367,Normal,0.0751731927746051
17733,39,2,692.19,3.6888794541139363,1.0986122886681098,6.541304131886272,3,-0.22492205767177592,-0.6755370229713544,Normal,0.12050345216257713
17734,54,6,1442.32,4.007333185232471,1.9459101490553132,7.274701294410468,2,0.6374254761053285,0.02979069141125648,Normal,0.1360949957297644
17735,2,26,17244.93,1.0986122886681098,3.295836866004329,9.75533145259182,0,3.687111226577528,-0.3378577269739013,Anomaly,-0.02033415460930499
17736,9,3,377.44,2.302585092994046,1.3862943611198906,5.936057539836243,3,0.17951218840709152,-1.5160401774029704,Normal,0.055734832212947394
17737,9,2,168.24,2.302585092994046,1.0986122886681098,5.131317825851867,3,-0.39005066927236914,-1.8622382056119622,Normal,0.02456383455600064
17738,19,13,4183.56,2.995732273553991,2.6390573296152584,8.339156840000792,0,1.9564201745704999,0.0441884356742884,Normal,0.1151132216421909
17739,12,18,7730.59,2.5649493574615367,2.9444389791664403,8.953069812538414,0,2.595779211906492,0.10213857931460646,Normal,0.09115984456551363
17740,389,6,426.9,5.966146739123692,1.9459101490553132,6.0588895234227715,2,-0.5251104274088717,0.7462470679011894,Normal,0.05411401259811488
17741,407,2,101.1,6.0112671744041615,1.0986122886681098,4.625952725170619,1,-1.8094201562686867,0.032047843838588816,Normal,0.0750258338101647
17742,113,11,2098.48,4.736198448394496,2.4849066497880004,7.649444974001237,2,0.9758403296260943,0.7412745878076874,Normal,0.0908164903351269
17743,448,1,229.2,6.1070228877422545,0.6931471805599453,5.438948496287782,1,-1.7959023237013092,0.17981614607421537,Normal,0.15393503734152386
17744,4,7,2649.14,1.6094379124341003,2.0794415416798357,7.882367747773482,0,1.7792099263635606,-1.0620153185314911,Normal,0.075403844071947
17745,478,2,600.34,6.171700597410915,1.0986122886681098,6.399160498367506,1,-1.089777353303069,0.6513407676670363,Normal,0.14090483154883549
17746,240,4,904.1800000000001,5.484796933490655,1.6094379124341003,6.808133818950557,2,-0.30005919349769933,0.5818763285473405,Normal,0.1360599293193382
17747,113,1,71.4,4.736198448394496,0.6931471805599453,4.282206299391671,1,-1.855846595744032,-0.922544614944443,Normal,0.05503986261529137
17748,527,1,358.15,6.269096283706261,0.6931471805599453,5.88374012852081,1,-1.6547900691242958,0.4023565054838453,Normal,0.14796690617552666
17749,178,3,1026.18,5.187385805840755,1.3862943611198906,6.934572462341162,2,-0.3190476656394512,0.37400646227900275,Normal,0.1407712699661503
17750,5,9,1797.57,1.791759469228055,2.302585092994046,7.494747183701588,0,1.721779824866533,-0.9958083744095586,Normal,0.06873507905145715
17751,421,1,157.85999999999999,6.045005314036012,0.6931471805599453,5.0680233112049855,1,-1.9372355529319478,0.034574388986304085,Normal,0.15632790228957516
17752,359,1,80.64,5.886104031450156,0.6931471805599453,4.402319337941644,1,-2.175493753496433,-0.2523457560420645,Normal,0.10205121826942892
17753,464,4,390.56,6.142037405587356,1.6094379124341003,5.97013876039323,1,-0.8772431996368024,0.6935335984748987,Normal,0.09949204733326295
17754,1,13,4577.53,0.6931471805599453,2.6390573296152584,8.429133264890632,0,2.7402843177385194,-1.198894213192643,Normal,0.003630344881413672
17756,376,3,733.7,5.932245187448011,1.3862943611198906,6.599462252626232,2,-0.7057622969002724,0.6845278970806734,Normal,0.14874523188331046
17757,1,56,9422.45,0.6931471805599453,4.04305126783455,9.150956542558381,0,4.125187457772669,-0.4689074719685354,Anomaly,-0.07053109767104793
17758,19,12,5012.53,2.995732273553991,2.5649493574615367,8.519895536789699,0,1.978537849898708,0.0711658553108369,Normal,0.11269550948279627
17759,17,5,1276.91,2.8903717578961645,1.791759469228055,7.152981209922486,3,0.8281467883482052,-0.67914309168599,Normal,0.12594565359675686
17760,22,6,918.93,3.1354942159291497,1.9459101490553132,6.824297580191805,3,0.7234277377470119,-0.58590884158632,Normal,0.11771795741058189
17761,33,1,712.78,3.5263605246161616,0.6931471805599453,6.570574791610563,3,-0.4688740913601838,-0.9048286135498756,Normal,0.08133233553604391
17762,456,1,129.75,6.124683390894205,0.6931471805599453,4.873287102945032,1,-2.0477361273655967,0.020228072603926606,Normal,0.143989226504052
17763,263,4,86.15,5.575949103146316,1.6094379124341003,4.46763077196603,1,-1.3479040727095115,-0.0684697416118302,Normal,0.027881667248956243
17764,51,5,1623.64,3.9512437185814275,1.791759469228055,7.39304153175903,2,0.5894850133898145,-0.022145897903092033,Normal,0.14619201517466823
17765,159,4,530.8,5.075173815233827,1.6094379124341003,6.276267478808919,2,-0.39899414630273433,0.19673159064047116,Normal,0.1200026944242244
17766,381,2,299.61,5.945420608606575,1.0986122886681098,5.7058137435652805,1,-1.3182710599270444,0.31898235858318064,Normal,0.14653926279360208
17767,15,2,413.05,2.772588722239781,1.0986122886681098,6.025986739479709,3,-0.15278720591936548,-1.3351861287632452,Normal,0.08240520066759432
17768,8,7,3509.51,2.1972245773362196,2.0794415416798357,8.163516605050312,0,1.7114338650666452,-0.6536539392532348,Normal,0.09308683190349115
17769,13,17,7103.08,2.6390573296152584,2.8903717578961645,8.86842454586986,0,2.4937438536024175,0.09788487063554024,Normal,0.09183791824038101
17770,199,5,1143.27,5.298317366548036,1.791759469228055,7.042522158078838,2,0.0012942689544498164,0.6159209303890876,Normal,0.11822006964422371
17771,57,4,387.41,4.060443010546419,1.6094379124341003,5.962061482738665,3,-0.20751673578130267,-0.45701119735298734,Normal,0.10166430649349639
17772,11,3,384.77,2.4849066497880004,1.3862943611198906,5.955241336950457,3,0.12889168944875953,-1.4097360563188064,Normal,0.06184026924829966
17773,514,2,585.27,6.244166900663736,1.0986122886681098,6.373780434317173,1,-1.1242577970164427,0.6837129345820363,Normal,0.13671865911360975
17774,97,9,3328.05,4.584967478670572,2.302585092994046,8.110442256987616,2,1.0862766712269378,0.7291233819630795,Normal,0.11201878952938277
17775,255,1,56.4,5.545177444479562,0.6931471805599453,4.050044303325521,1,-2.21850589793138,-0.5458400654205029,Normal,0.043863757591844466
17776,387,2,338.56,5.961005339623274,1.0986122886681098,5.827650661869767,1,-1.2702997421942572,0.36404978354010986,Normal,0.14981789560950165
17777,25,3,665.86,3.258096538021482,1.3862943611198906,6.502580128832101,3,0.11697197675356678,-0.81943033316623,Normal,0.11827388514430814
17778,662,1,197.70000000000002,6.4967749901858625,0.6931471805599453,5.291796149557771,1,-1.985984814331905,0.3507387353658844,Normal,0.11062889987920832
17779,21,3,658.57,3.091042453358316,1.3862943611198906,6.491588107540731,3,0.1662188646721539,-0.9148613258230501,Normal,0.11740037847760676
17780,667,3,352.91,6.504288173536645,1.3862943611198906,5.869042643521861,1,-1.2085846683200094,0.7813958974401343,Normal,0.06297315012048521
17781,159,2,188.02,5.075173815233827,1.0986122886681098,5.24185282956691,1,-1.23868255042441,-0.2998972960653772,Normal,0.08847664298727359
17782,383,2,679.02,5.950642552587727,1.0986122886681098,6.52212220950234,1,-0.9647803000707734,0.5662219011640027,Normal,0.15152723624867942
17783,72,3,379.91,4.290459441148391,1.3862943611198906,5.94256312674981,3,-0.4605866626980161,-0.41765821206579623,Normal,0.1160932838372084
17784,550,1,112.86,6.311734809152915,0.6931471805599453,4.734969623522936,1,-2.1684159341758824,0.08199350033571166,Normal,0.13101917096352245
17785,53,3,403.38,3.9889840465642745,1.3862943611198906,6.002355029939155,3,-0.3370660613955721,-0.5660418550476961,Normal,0.10908908414323054
17786,85,2,278.74,4.454347296253507,1.0986122886681098,5.6338606003511575,1,-0.867326925097249,-0.5249749028510305,Normal,0.11335440558542731
17787,153,4,2601.4700000000003,5.0369526024136295,1.6094379124341003,7.8642162730451615,2,0.30429159532359373,0.6509976263634062,Normal,0.12290122319404378
17788,74,2,1117.9,4.31748811353631,1.0986122886681098,7.020101338813675,3,-0.21990326648432373,-0.18549441237775718,Normal,0.1359926684930352
17789,281,2,397.15,5.641907070938114,1.0986122886681098,5.9868288187034535,1,-1.097836023663687,0.23569700157574772,Normal,0.1459675247633751
17790,27,20,2783.61,3.332204510175204,3.044522437723423,7.931863106648799,0,1.9796316294128111,0.25626594230717675,Normal,0.06436326242859025
17791,30,1,106.1,3.4339872044851463,0.6931471805599453,4.673762977453703,3,-1.2643099764392594,-1.5235826923940166,Normal,0.04956199636896208
17792,467,2,370.05,6.148468295917647,1.0986122886681098,5.916336824416143,1,-1.2923422938248346,0.49399501167936805,Normal,0.14647578983680154
17793,25,1,323.04,3.258096538021482,0.6931471805599453,5.78086696496229,3,-0.7257162557457398,-1.289189148306718,Normal,0.07996572815796921
17794,687,2,147.3,6.5337888379333435,1.0986122886681098,4.999237249143887,1,-1.815999181162266,0.4319920910415978,Normal,0.04831958515387136
17795,180,2,350.39,5.198497031265826,1.0986122886681098,5.861896717749893,1,-1.0087844109213133,-0.04626883528584745,Normal,0.1334764314390815
17796,40,7,1361.99,3.713572066704308,2.0794415416798357,7.217436094912465,2,0.8093641619014157,-0.10050152826419911,Normal,0.12554931488336452
17797,22,8,1985.87,3.1354942159291497,2.1972245773362196,7.594315815147273,0,1.2501453000791023,-0.26341641611147976,Normal,0.13555835134736366
17798,582,1,183.09,6.368187186350492,0.6931471805599453,5.215424768458471,1,-1.977625774885172,0.25695315255277373,Normal,0.14071178779742177
17799,22,20,6341.89,3.1354942159291497,3.044522437723423,8.755089779531765,0,2.401442590012078,0.39419842224102275,Normal,0.07775589609469619
17800,37,9,1199.01,3.6375861597263857,2.302585092994046,7.090085169074703,2,0.9487218572805466,-0.09885610072199272,Normal,0.09235778861275568
17801,451,3,798.3299999999999,6.113682179832232,1.3862943611198906,6.6837738767688695,2,-0.7277592798378866,0.8098399327584558,Normal,0.1480812554859598
17802,82,10,5053.12,4.418840607796598,2.3978952727983707,8.527959031235715,0,1.3943635097731784,0.7973634223399089,Normal,0.10275005597606868
17803,392,1,184.66,5.973809611869261,0.6931471805599453,5.223917043971786,1,-1.8463789402619195,0.0419718844654732,Normal,0.16002484042361154
17804,376,3,385.23,5.932245187448011,1.3862943611198906,5.956433046936053,1,-0.9855473423398879,0.4920391673018612,Normal,0.12437734311321907
17805,74,2,927.03,4.31748811353631,1.0986122886681098,6.833064059849883,3,-0.30128407023431747,-0.24148342178889795,Normal,0.13920595448832473
17806,11,1,546.04,2.4849066497880004,0.6931471805599453,6.304521925890991,3,-0.24780210120561233,-1.5588963274814418,Normal,0.04531006197764875
17807,395,3,437.87,5.981414211254481,1.3862943611198906,6.084203241658105,1,-0.9458564482025631,0.5574064953564022,Normal,0.13273243951262914
17808,549,4,262.64,6.309918278226516,1.6094379124341003,5.574584536184519,1,-1.1036476841342238,0.6677223010513356,Normal,0.04906571411307037
17809,16,20,11337.39,2.833213344056216,3.044522437723423,9.335949591893653,0,2.7519428124022833,0.40135051610542993,Normal,0.06551696409631735
17810,669,2,374.81,6.507277712385012,1.0986122886681098,5.92908369652421,1,-1.4028442219656145,0.6957161313703345,Normal,0.10105434692509757
17811,4,47,9609.8,1.6094379124341003,3.871201010907891,9.170642745117636,0,3.7063299335224054,-0.020527222907827162,Anomaly,-0.015959928471031115
17812,13,7,1165.8899999999999,2.6390573296152584,2.0794415416798357,7.062097369060713,3,1.0893011267522186,-0.7396624114351845,Normal,0.09788740529925766
17813,14,5,1770.8799999999999,2.70805020110221,1.791759469228055,7.479796408781624,3,1.0293130851549597,-0.6818735233478042,Normal,0.1211384582069186
17814,375,2,1617.32,5.929589143389895,1.0986122886681098,7.389143853094436,2,-0.5807258750330888,0.8141498030989679,Normal,0.10368569696212399
17815,393,1,591.96,5.976350909297934,0.6931471805599453,6.385126943096995,1,-1.3419529475789258,0.3909780237009687,Normal,0.13858482090115826
17816,37,6,112.32,3.6375861597263857,1.9459101490553132,4.730215674962316,3,-0.35010658331228056,-0.935831061802447,Normal,0.0144068071823793
17817,4,6,807.85,1.6094379124341003,1.9459101490553132,6.695613485775703,3,1.1610023627358879,-1.4661435949641952,Normal,0.04568643271123263
17818,738,1,130.18,6.6052979209482015,0.6931471805599453,4.876570425865589,1,-2.2017505829612305,0.2862992947197195,Normal,0.0792718366890462
17819,72,12,6612.5199999999995,4.290459441148391,2.5649493574615367,8.796871317578866,0,1.6803034038823381,0.86819905277156,Normal,0.09166548764697746
17820,374,1,183.56,5.926926025970411,0.6931471805599453,5.217974613865498,1,-1.8338011675665387,0.014333865984270543,Normal,0.15223403973032779
17821,406,1,334.62,6.008813185442595,0.6931471805599453,5.815979567573016,1,-1.6000907909378042,0.23851051764659068,Normal,0.1690570583110026
17822,420,5,2188.5,6.042632833682381,1.791759469228055,7.6914284862414535,2,0.042905798257565055,1.2207045567477972,Normal,0.1136454830861755
17823,421,2,494.25,6.045005314036012,1.0986122886681098,6.20506268557866,1,-1.1332537300665062,0.5233579962391329,Normal,0.15868131601371682
17824,51,1,298.4,3.9512437185814275,0.6931471805599453,5.701780471985528,3,-0.9843087083655212,-0.9305502835569136,Normal,0.10757660337218095
17825,599,4,731.96,6.396929655216146,1.6094379124341003,6.597091130138432,2,-0.6868919413898648,1.0217984768710433,Normal,0.08656127034365951
17826,374,1,134.59,5.926926025970411,0.6931471805599453,4.909635626474218,1,-1.9679609177531263,-0.07796642068860136,Normal,0.14129464549036247
17827,5,6,2388.05,1.791759469228055,1.9459101490553132,7.7786510763659,0,1.5732696755827915,-1.041378253822744,Normal,0.07603134885464646
17828,23,4,1820.09,3.1780538303479458,1.6094379124341003,7.507190501900052,3,0.7501634545471464,-0.4811734965393234,Normal,0.12964587152438567
17829,299,5,4756.74,5.703782474656201,1.791759469228055,8.467528044561078,2,0.49018326502857895,1.266130728713728,Normal,0.07222551380926934
17830,2,3,398.7,1.0986122886681098,1.3862943611198906,5.990714265717278,3,0.5926892200999813,-2.163743654295082,Anomaly,-0.01620994901112005
17831,33,1,35.400000000000006,3.5263605246161616,0.6931471805599453,3.594568774642695,1,-1.7637483697255487,-1.795686467207387,Anomaly,-0.0029832896890952254
17832,50,1,155.37,3.9318256327243257,0.6931471805599453,5.052224993855419,1,-1.2606530596212313,-1.1357028965275688,Normal,0.0868186113416562
17833,723,1,342.36,6.584791392385716,0.6931471805599453,5.838779459442334,1,-1.7764565500207266,0.5630228746580414,Normal,0.10820443257207712
17834,415,2,730.47,6.030685260261263,1.0986122886681098,6.595056207999221,1,-0.9589342338567156,0.6322029186864719,Normal,0.15569087500953938
17835,3,3,350.64,1.3862943611198906,1.3862943611198906,5.862607924982978,3,0.44390579781322037,-2.0434175815695363,Anomaly,-0.005748263889225669
17836,47,1,110.21000000000001,3.871201010907891,0.6931471805599453,4.71142030583075,1,-1.3893312345821291,-1.2711598811121816,Normal,0.06638571068642607
17837,42,8,1593.38,3.7612001156935624,2.1972245773362196,7.374240224916247,2,0.9520200621385831,0.01581981489284864,Normal,0.1273623757566819
17838,27,13,6722.900000000001,3.332204510175204,2.6390573296152584,8.813423622317975,0,2.05395215574449,0.37174373613480105,Normal,0.10214527641939547
17839,42,1,338.8,3.7612001156935624,0.6931471805599453,5.828357209237832,3,-0.8677696048209659,-0.9974806380033533,Normal,0.10591170150518181
17840,444,1,185.72,6.09807428216624,0.6931471805599453,5.229610168538246,1,-1.8840922109733107,0.11221568482409748,Normal,0.15636782283154527
17841,2,211,70884.07,1.0986122886681098,5.356586274672012,11.168815112066234,0,5.873870320636774,0.8395709771329042,Anomaly,-0.14712861262362353
17842,602,1,430.69,6.401917196727186,0.6931471805599453,6.067707738058715,1,-1.6177025771274756,0.5306854932543092,Normal,0.13301173588600002
17843,303,2,326.23,5.717027701406222,1.0986122886681098,5.790663287567157,1,-1.2074845083801289,0.21840911096825188,Normal,0.1409121775749318
17844,107,1,51.559999999999995,4.68213122712422,0.6931471805599453,3.961955374176355,1,-1.9777025626341973,-1.048232088271174,Normal,0.02782928023594311
17845,555,4,598.19,6.320768294250582,1.6094379124341003,6.39557874314519,2,-0.7499383988230227,0.9194687318481406,Normal,0.09684874524991804
17846,85,1,2033.1,4.454347296253507,0.6931471805599453,7.617808739608441,2,-0.3133523354223336,-0.07950091054498444,Normal,0.05947173963536578
17847,516,2,129.69,6.248042874508429,1.0986122886681098,4.872828106608945,1,-1.778582835357446,0.23654550771877358,Normal,0.0860679073015635
17848,81,30,3650.9,4.406719247264253,3.4339872044851463,8.20300285908366,0,2.047127303073445,1.0726493208299839,Normal,1.1439784318723056e-06
17849,218,8,1063.76,5.389071729816501,2.1972245773362196,6.970504700635247,2,0.24985746720833685,0.7928338475217163,Normal,0.05519899361103242
17850,372,155,56600.08,5.921578419643816,5.049856007249537,10.943783345281314,0,3.9821422231381627,3.320095770746914,Anomaly,-0.15382248691740374
17851,422,6,1563.34,6.0473721790462776,1.9459101490553132,7.355219288783538,2,0.012658391107934711,1.1791000327018324,Normal,0.09514639805735176
17852,12,5,663.21,2.5649493574615367,1.791759469228055,6.498598364535423,3,0.6486716572113191,-1.0545208958887438,Normal,0.08927103256823876
17853,407,3,1608.19,6.0112671744041615,1.3862943611198906,7.383486225788365,2,-0.390187495891863,0.9628084271893201,Normal,0.12858381735701735
17854,185,6,1071.45,5.225746673713202,1.9459101490553132,6.977701029668804,2,0.11413313868035233,0.6129143297969795,Normal,0.10507621893715613
17855,373,1,417.94,5.924255797414532,0.6931471805599453,6.03772771157762,1,-1.4762591014769455,0.2582515311747891,Normal,0.15177518049985422
17856,2,4,1418.03,1.0986122886681098,1.6094379124341003,7.25772881858561,3,1.3141661351600642,-1.7027885092243287,Normal,0.011413720638472902
17857,4,24,28682.24,1.6094379124341003,3.2188758248682006,10.264068259044144,0,3.6845522904496955,0.06801219046387615,Anomaly,-0.024779647194697718
17858,6,30,12797.65,1.9459101490553132,3.4339872044851463,9.457094975595489,0,3.3886773781574093,0.09077073323261814,Normal,0.02042291520661632
17859,305,1,148.21,5.723585101952381,0.6931471805599453,5.00535470965233,1,-1.8605474311610926,-0.16146820247467372,Normal,0.13142544849202792
17860,369,4,1015.54,5.91350300563827,1.6094379124341003,6.924159983007414,2,-0.38823018187554414,0.8530660624824493,Normal,0.13795786599510623
17861,3,18,5127.69,1.3862943611198906,2.9444389791664403,8.542605544930957,0,2.7983914744787994,-0.670833051974567,Normal,0.0265450271510993
17862,324,4,1279.09,5.783825182329737,1.6094379124341003,7.154685666941855,2,-0.245986239265451,0.8505479189642473,Normal,0.13022337592953376
17863,59,12,5745.2,4.0943445622221,2.5649493574615367,8.65629404575563,0,1.6825661420100362,0.7179483219423494,Normal,0.10350485544983212
17864,13,5,924.32,2.6390573296152584,1.791759469228055,6.83013962363287,3,0.7689584097467348,-0.9143999949365117,Normal,0.11202257327799087
17865,31,46,26374.39,3.4657359027997265,3.8501476017100584,10.180186657398902,0,3.5291554009448154,1.2978323319510077,Anomaly,-0.07417806817687056
17866,143,3,1134.95,4.969813299576001,1.3862943611198906,7.035224584227941,2,-0.2048849325076991,0.2841317799492086,Normal,0.14026334123904244
17867,30,15,1621.2800000000002,3.4339872044851463,2.772588722239781,7.391587846164314,0,1.504230739842431,0.051138347556156566,Normal,0.06946841272342041
17868,386,1,234.65,5.958424693029782,0.6931471805599453,5.46234765336974,1,-1.7376607789523202,0.1048595967902938,Normal,0.15700371747762176
17869,107,7,1036.16,4.68213122712422,2.0794415416798357,6.9442414875525476,2,0.3772390655631939,0.35193828192220744,Normal,0.0928761882391757
17870,2,13,3108.15,1.0986122886681098,2.6390573296152584,8.04210465591967,0,2.4407485437365044,-1.091111127774155,Normal,0.032738346566026255
17871,205,5,1118.99,5.327876168789581,1.791759469228055,7.0210750356778515,2,-0.01759754881394704,0.6258042941837197,Normal,0.12170245514707695
17872,382,1,235.87,5.948034989180646,0.6931471805599453,5.46751146743449,1,-1.73205368280798,0.10067480951199739,Normal,0.1555212574981028
17873,80,18,6515.88,4.394449154672439,2.9444389791664403,8.782151012782462,0,1.9297045567806659,1.0600558521721144,Normal,0.058794091705299256
17874,185,6,683.46,5.225746673713202,1.9459101490553132,6.528630206205813,2,-0.0812596982800506,0.4784864194871561,Normal,0.09247521748013693
17875,688,1,167.1,6.535241271013659,0.6931471805599453,5.12455904041457,1,-2.071191450774762,0.3218933547226666,Normal,0.10640076997032533
17876,400,3,3424.02,5.993961427306569,1.3862943611198906,8.138862590095334,2,-0.05592254922855061,1.1793827382873843,Normal,0.07724966283415519
17877,170,1,237.61,5.14166355650266,0.6931471805599453,5.474830419933934,1,-1.4680680039369538,-0.3418975527346149,Normal,0.12250639291953175
17878,44,3,1412.33,3.8066624897703196,1.3862943611198906,7.253703901064546,3,0.2663692042488125,-0.29201609797425615,Normal,0.13610370638498587
17879,174,1,178.51999999999998,5.1647859739235145,0.6931471805599453,5.190286622334331,1,-1.5993527364545443,-0.4143213953140397,Normal,0.120162299677332
17880,365,3,824.9200000000001,5.902633333401366,1.3862943611198906,6.716497916530249,2,-0.6452622947959283,0.7032293951990192,Normal,0.15072511367462954
17881,304,1,133.35000000000002,5.720311776607412,0.6931471805599453,4.9004483350615,1,-1.90513401315587,-0.19467702869947184,Normal,0.1263497048006607
17882,379,2,313.46,5.940171252720432,1.0986122886681098,5.75085688204213,1,-1.29697480146512,0.32957053607892195,Normal,0.15035667598702052
17883,3,7,995.85,1.3862943611198906,2.0794415416798357,6.904600307288836,3,1.4259490314392862,-1.4777842098991707,Normal,0.021488717479772212
17884,4,20,3072.89,1.6094379124341003,3.044522437723423,8.030699139463483,0,2.579822482523631,-0.6643591744522469,Normal,0.03177398909300777
17885,12,1,190.19,2.5649493574615367,0.6931471805599453,5.253267697994312,3,-0.7310956436141659,-1.82943744894725,Normal,0.03571062290707949
17886,32,6,1608.38,3.4965075614664802,1.9459101490553132,7.383604290643391,3,0.8500237704442252,-0.21936118578227998,Normal,0.13663592309971817
17887,129,1,111.35,4.867534450455582,0.6931471805599453,4.721618998631338,1,-1.7071334801220543,-0.7185679784858023,Normal,0.09547962978032493
17888,21,25,1820.44,3.091042453358316,3.258096538021482,7.507382676021378,0,2.035830393068438,0.07435907933332815,Normal,0.026925339982118435
17889,212,7,774.87,5.3612921657094255,2.0794415416798357,6.653984980376013,2,0.031289050840433506,0.6396498107314254,Normal,0.05966508011067451
17890,323,2,602.09,5.780743515792329,1.0986122886681098,6.402066439321299,1,-0.9620674342115211,0.436573859705164,Normal,0.14269885710505575
17891,162,1,203.85999999999999,5.093750200806762,0.6931471805599453,5.3223268190083886,1,-1.5189266351861133,-0.4139761686650856,Normal,0.11402173187702341
17892,56,3,244.1,4.04305126783455,1.3862943611198906,5.501666290534067,3,-0.5724048211780065,-0.6861000366142248,Normal,0.07233464454110505
17893,225,1,112.25,5.420534999272286,0.6931471805599453,4.7295977643631435,1,-1.8825164182416616,-0.4111658647801099,Normal,0.10073131625274362
17894,72,18,2453.38,4.290459441148391,2.9444389791664403,7.805629462508707,0,1.5384483525585502,0.7103805584584788,Normal,0.05906833402813261
17895,44,1,98.0,3.8066624897703196,0.6931471805599453,4.59511985013459,1,-1.4190607021145125,-1.3415709993525466,Normal,0.052067533554527756
17896,23,1,256.32,3.1780538303479458,0.6931471805599453,5.550320446542799,3,-0.8001402740313038,-1.4023509680208663,Normal,0.07559634858056608
17897,173,9,2585.0,5.159055299214529,2.302585092994046,7.857867559331803,2,0.7907055265758445,0.9701605750877108,Normal,0.08381700364694833
17898,85,4,299.18,4.454347296253507,1.6094379124341003,5.704382294728169,3,-0.44703289962805115,-0.3168842798552518,Normal,0.09345012009298537
17899,159,1,155.8,5.075173815233827,0.6931471805599453,5.054971107916307,1,-1.6292462894928788,-0.5042542582391902,Normal,0.10614485581450156
17900,190,2,112.19999999999999,5.25227342804663,1.0986122886681098,4.729156165769083,1,-1.5190378404493676,-0.3556901067500989,Normal,0.06607293336304065
17901,29,3,260.08,3.4011973816621555,1.3862943611198906,5.564826873767017,3,-0.33733137187473067,-1.0212148757594866,Normal,0.06800480763269967
17902,547,1,216.39999999999998,6.306275286948016,0.6931471805599453,5.381738974687109,1,-1.8852377845005495,0.2725905695559502,Normal,0.14651973019902198
17903,394,1,381.09000000000003,5.978885764901122,0.6931471805599453,5.9456561829510015,1,-1.5339885888395854,0.26082198977159626,Normal,0.16658849003318943
17904,21,1,191.67,3.091042453358316,0.6931471805599453,5.260978880892669,3,-0.8978924490628379,-1.536956544733076,Normal,0.0559929666526906
17905,71,13,2383.52,4.276666119016055,2.6390573296152584,7.776753125205725,0,1.297428857857299,0.5823482114594319,Normal,0.09824950787103037
17906,247,1,72.9,5.5134287461649825,0.6931471805599453,4.302712827954156,1,-2.0983002871682013,-0.4877159061568094,Normal,0.07524184241276033
17907,641,1,291.76,6.464588303689961,0.6931471805599453,5.679353160733027,1,-1.8069469291883542,0.4489997530065687,Normal,0.12391454355302156
17908,374,5,1411.54,5.926926025970411,1.791759469228055,7.253144781203703,2,-0.11037096828323048,1.0256863396700222,Normal,0.114530545277786
17909,737,1,132.55,6.6039438246004725,0.6931471805599453,4.89447593955597,1,-2.193521859928684,0.2909123856714561,Normal,0.08345520380624916
17910,726,1,261.7,6.588926477533519,0.6931471805599453,5.571012696691494,1,-1.894300525993038,0.4851485061650236,Normal,0.1115701601778959
17911,9,1,366.23,2.302585092994046,0.6931471805599453,5.9059883547555305,3,-0.3622384811928076,-1.7787575864017549,Normal,0.041083183375727805
17912,310,6,375.5,5.739792912179234,1.9459101490553132,5.930918047239948,2,-0.5075827979989228,0.5830912083944348,Normal,0.053590206837560994
17913,59,14,3479.64,4.0943445622221,2.70805020110221,8.154971463905486,0,1.573582171909477,0.6202589671039841,Normal,0.09437879305996927
17914,4,1,336.43,1.6094379124341003,0.6931471805599453,5.821358081393286,3,-0.1748799671003155,-2.1864045399245495,Normal,0.004109541896319957
17915,551,1,242.13,6.313548046277095,0.6931471805599453,5.493596279713942,1,-1.8389203391867706,0.3100860674724383,Normal,0.14849858092605644
17916,629,2,43.87,6.4457198193855785,1.0986122886681098,3.803769419987892,1,-2.3076691061522068,0.02555717021093172,Anomaly,-0.005563800733373814
17917,45,3,341.28,3.828641396489095,1.3862943611198906,5.835629115549854,3,-0.357750375929981,-0.7043895214676543,Normal,0.09800819951982098
17918,501,3,396.39,6.218600119691729,1.3862943611198906,5.984918166237948,1,-1.065767849411763,0.6585083920533558,Normal,0.1126337377806112
17919,88,2,1840.32,4.48863636973214,1.0986122886681098,7.51823798470524,2,-0.0585153865877865,0.0580199473420812,Normal,0.11130854077538904
17920,4,54,24516.46,1.6094379124341003,4.007333185232471,10.10714079577743,0,4.217633468716758,0.30963963727933186,Anomaly,-0.06120205580061244
17921,64,10,2423.5,4.174387269895637,2.3978952727983707,7.793380596545407,2,1.1538074308447024,0.4426387262979765,Normal,0.12897190682446652
17922,543,1,170.4,6.298949246855942,0.6931471805599453,5.1440000061636795,1,-1.9863097039768836,0.19738341191470904,Normal,0.1418270607560711
17923,282,3,497.0,5.645446897643238,1.3862943611198906,6.210600077024653,1,-0.7822001564679328,0.4099364178072783,Normal,0.1389745980163809
17924,12,8,3536.7000000000003,2.5649493574615367,2.1972245773362196,8.171232077455805,0,1.685693107237478,-0.40540884166759467,Normal,0.11083199532643412
17925,373,1,488.16,5.924255797414532,0.6931471805599453,6.1926896343211695,1,-1.4088344367610108,0.3046388856044727,Normal,0.14121104420931613
17926,133,5,1035.49,4.897839799950911,1.791759469228055,6.943595283975941,2,0.08777541770665638,0.36541956496547645,Normal,0.1320484126707422
17927,722,1,294.0,6.583409222158765,0.6931471805599453,5.68697535633982,1,-1.8420602032503073,0.5168184518144523,Normal,0.11154224633006671
17928,45,3,341.24,3.828641396489095,1.3862943611198906,5.835512245334096,3,-0.3578012267130203,-0.7044245061918025,Normal,0.09800819951982098
17929,11,12,3082.1,2.4849066497880004,2.5649493574615367,8.033690863299137,0,1.9322019855062944,-0.35612959361013197,Normal,0.11105965909545273
17930,36,13,4275.22,3.6109179126442243,2.6390573296152584,8.36082472077466,0,1.7668811846688826,0.38998723062773205,Normal,0.109959189919349
17931,134,14,3437.29,4.90527477843843,2.70805020110221,8.142729533752492,2,1.3059800548807416,1.0638721003105442,Normal,0.06538887849491237
17932,29,3,1331.57,3.4011973816621555,1.3862943611198906,7.19486468749322,3,0.3719057821238606,-0.5332682856527147,Normal,0.13261854207759444
17933,632,1,114.69,6.450470422144176,0.6931471805599453,4.750914200040797,1,-2.2063490230978773,0.1632876517598826,Normal,0.10256406503722565
17934,52,3,1049.15,3.970291913552122,1.3862943611198906,6.956688290091316,3,0.08421436334050811,-0.2906751122678892,Normal,0.13792307257644143
17935,138,7,686.14,4.9344739331306915,2.0794415416798357,6.532538056031691,2,0.11649086515262845,0.3678786488218818,Normal,0.07434844010909702
17936,5,1,389.84,1.791759469228055,0.6931471805599453,5.968298269076143,3,-0.16991305692676537,-2.0418569531873927,Normal,0.013669622288288386
17937,9,7,4301.22,2.302585092994046,2.0794415416798357,8.366886447525236,0,1.7658447558985615,-0.5346630474775173,Normal,0.09504121758226475
17938,420,1,144.29,6.042632833682381,0.6931471805599453,4.978731745083247,1,-1.9753194143242676,0.006536676806860609,Normal,0.1530140156021511
17939,160,1,99.14,5.081404364984463,0.6931471805599453,4.606569206901798,1,-1.82636319445499,-0.6350453987055279,Normal,0.08217291130373178
17940,49,16,30393.19,3.912023005428146,2.833213344056216,10.322006750707807,0,2.6708995873991372,1.2142066361642825,Anomaly,-0.021088802854424382
17941,131,4,1433.28,4.882801922586371,1.6094379124341003,7.268418260118725,2,0.09491334180919075,0.3876238548752286,Normal,0.13984397389866654
17942,8,1,77.50000000000001,2.1972245773362196,0.6931471805599453,4.363098624788363,3,-0.9994808037433315,-2.298729459095891,Anomaly,-0.012847228927082566
17944,423,1,75.41,6.049733455231958,0.6931471805599453,4.336113577659475,1,-2.2572221378891317,-0.18191258200768293,Normal,0.1044153293256625
17945,697,3,360.35,6.548219102762372,1.3862943611198906,5.88984701772899,1,-1.2137409741512855,0.8118542200863572,Normal,0.06647816149444374
17946,233,2,149.57999999999998,5.455321115357702,1.0986122886681098,5.014494504421976,1,-1.4605566022067193,-0.1582817462506524,Normal,0.08753495128450922
17947,37,1,176.68,3.6375861597263857,0.6931471805599453,5.179984179586172,3,-1.1098998548811336,-1.2597496972904842,Normal,0.08346139062558133
17948,147,1,358.56000000000006,4.997212273764115,0.6931471805599453,5.884881061705198,1,-1.2429337889451835,-0.29882394440336074,Normal,0.13174543508209008
17949,1,118,118628.08,0.6931471805599453,4.77912349311153,11.683756929419816,0,5.788627481306829,0.5587065721705804,Anomaly,-0.1633284565080766
17950,72,7,1432.81,4.290459441148391,2.0794415416798357,7.268090515867877,2,0.6448239919762591,0.23285045426638792,Normal,0.12182280897048625
17951,40,4,1636.0800000000002,3.713572066704308,1.6094379124341003,7.400669446060975,3,0.5306153305737387,-0.21768910388990495,Normal,0.14049635559551826
17952,378,4,819.61,5.937536205082426,1.6094379124341003,6.71004796613905,2,-0.4891642840627397,0.8022280996152604,Normal,0.14370466475340643
17953,540,1,160.82,6.293419278846481,0.6931471805599453,5.086484606379694,1,-2.0095463929127977,0.17711624522232527,Normal,0.1428546644755796
17954,5,19,3966.05,1.791759469228055,2.995732273553991,8.285778024417759,0,2.594628506058697,-0.505299535087739,Normal,0.04471587634253793
17955,199,6,949.9,5.298317366548036,1.9459101490553132,6.857408904545399,2,0.03832224651066172,0.6169324529758807,Normal,0.10070062078255698
17956,249,1,12.75,5.521460917862246,0.6931471805599453,2.6210388241125804,1,-2.8326024014319513,-0.9866893891385803,Anomaly,-0.034142618343884656
17957,66,1,111.68,4.204692619390966,0.6931471805599453,4.724551943008172,1,-1.4914773222716298,-1.083287906050377,Normal,0.08128672726494313
17958,117,2,973.88,4.770684624465665,1.0986122886681098,6.882314386500184,2,-0.4264303759229093,0.023225157440600334,Normal,0.13312223402647771
17959,592,1,140.75,6.385194398997726,0.6931471805599453,4.954064942607862,1,-2.0968452379597085,0.18809644730808592,Normal,0.12825984483658565
17960,171,3,135.08,5.147494476813453,1.3862943611198906,4.913242948087606,1,-1.1856358100223077,-0.25307455592867234,Normal,0.04039406102612553
17961,21,100,2995.54,3.091042453358316,4.61512051684126,8.005213568716202,0,3.287449124266394,0.7201017583372908,Anomaly,-0.04741411996701428
17962,142,4,687.42,4.962844630259907,1.6094379124341003,6.534399116791592,2,-0.2503497165001767,0.21204603823244814,Normal,0.13738522936516023
17963,471,4,651.51,6.156978985585555,1.6094379124341003,6.48082646474991,2,-0.6598730562285802,0.8546475215335305,Normal,0.11593882080174778
17964,32,2,733.46,3.4965075614664802,1.0986122886681098,6.599135535315476,3,-0.13754134514364622,-0.7643302670533368,Normal,0.11878643119387966
17965,38,29,7240.9800000000005,3.6635616461296463,3.4011973816621555,8.887649928653726,0,2.56036768366978,0.8556970292037832,Normal,0.025520310423095216
17966,38,10,1974.42,3.6635616461296463,2.3978952727983707,7.588536312954514,0,1.229892801407697,0.0995676074425896,Normal,0.11184859612083592
17967,372,2,357.28999999999996,5.921578419643816,1.0986122886681098,5.881342714348445,1,-1.2341864010606705,0.35837596437300945,Normal,0.1516364462103934
17968,374,4,888.04,5.926926025970411,1.6094379124341003,6.790142228877391,2,-0.4508832883403447,0.820351896137784,Normal,0.13842847802875635
17969,166,20,2369.94,5.117993812416755,3.044522437723423,7.771041779967057,2,1.3320875257860454,1.1930968443665593,Normal,0.023837429385586528
17970,211,1,582.59,5.356586274672012,0.6931471805599453,6.369198681477835,1,-1.148435657866697,0.04437176864570924,Normal,0.11027609144762907
17971,548,1,161.94,6.3080984415095305,0.6931471805599453,5.093382034882496,1,-2.0112929062415095,0.18727742620326396,Normal,0.14506997480784078
17972,242,1,136.04,5.493061443340548,0.6931471805599453,4.920272854015864,1,-1.8230096948882675,-0.3140851093992214,Normal,0.11952247763689194
17973,52,1,337.04,3.970291913552122,0.6931471805599453,5.823164231676282,3,-0.937654735009514,-0.88370819753271,Normal,0.10606766862678912
17974,25,6,1858.06,3.258096538021482,1.9459101490553132,7.527826262617495,3,0.9898836612140273,-0.30768709267425975,Normal,0.1325712293506109
17975,15,24,7028.83,2.772588722239781,3.2188758248682006,8.857917802435505,0,2.6965368295294074,0.2886345229429517,Normal,0.05841698395442019
17976,372,1,706.38,5.921578419643816,0.6931471805599453,6.561568003824347,1,-1.2474677828703487,0.41358470415653825,Normal,0.12650885064070055
17977,29,2,1565.6299999999999,3.4011973816621555,1.0986122886681098,7.3566820945008375,3,0.22289649436580336,-0.5901305405686084,Normal,0.107370059385402
17978,365,4,1461.76,5.902633333401366,1.6094379124341003,7.288080341083193,2,-0.2263711843915629,0.9560091637203869,Normal,0.12281910816153302
17979,36,4,757.71,3.6109179126442243,1.6094379124341003,6.631619622697395,3,0.22919910082033132,-0.5045217588566513,Normal,0.1299585870196155
17980,166,4,1033.42,5.117993812416755,1.6094379124341003,6.941596162150855,2,-0.1233555762544072,0.41951345037507964,Normal,0.14228900181936022
17981,411,1,239.12,6.021023349349527,0.6931471805599453,5.481138798383642,1,-1.749730671237122,0.14501166136368523,Normal,0.16364189395531514
17982,681,1,138.18,6.525029657843462,0.6931471805599453,4.935768059416704,1,-2.1500326014028723,0.2597470497061057,Normal,0.09685762501203427
17983,395,1,171.71,5.981414211254481,0.6931471805599453,5.151613887355828,1,-1.8802979074607609,0.024522569135815533,Normal,0.15744424786211864
17984,145,5,1191.27,4.983606621708336,1.791759469228055,7.0836143320428775,2,0.12095918087965542,0.45463947660191917,Normal,0.1283153564617593
17985,22,1,634.95,3.1354942159291497,0.6931471805599453,6.455119943897493,3,-0.39269286891303334,-1.1549763770429078,Normal,0.07570385979610739
17986,56,1,20.8,4.04305126783455,0.6931471805599453,3.0819099697950434,1,-2.153919653774207,-1.6641626231589037,Anomaly,-0.02501946382361786
17987,185,5,1003.64,5.225746673713202,1.791759469228055,6.912384547365799,2,-0.031858000113965834,0.5369374692077529,Normal,0.12204330193481477
17988,12,14,489.54,2.5649493574615367,2.70805020110221,6.19550682511979,3,1.2156554185315933,-0.8098556774701342,Normal,0.014022055372208464
17989,379,1,228.82999999999998,5.940171252720432,0.6931471805599453,5.437339905196839,1,-1.7426381383673675,0.08730571652952039,Normal,0.15331273464072687
17990,237,6,1527.6100000000001,5.472270673671475,1.9459101490553132,7.332114104721181,2,0.18860776838059456,0.8549798420993227,Normal,0.10624707347267087
17991,225,3,320.55,5.420534999272286,1.3862943611198906,5.773153052580872,1,-0.8997931568692645,0.1549353577609122,Normal,0.10311517404208492
17992,389,1,254.13,5.966146739123692,0.6931471805599453,5.541773219174124,1,-1.7055998474441258,0.13289456680430087,Normal,0.16331911979698888
17993,617,1,235.19,6.42648845745769,0.6931471805599453,5.4646365658644855,1,-1.8880486682629336,0.36371062886283567,Normal,0.131500285241969
17994,122,11,2313.32,4.812184355372417,2.4849066497880004,7.746871186870239,2,0.9936551472462081,0.8123496969045751,Normal,0.0988542539348658
17995,282,3,495.48,5.645446897643238,1.3862943611198906,6.20754320070007,1,-0.7835302177992197,0.4090213516864817,Normal,0.1389745980163809
17996,380,3,482.33,5.942799375126701,1.3862943611198906,6.180699650171005,1,-0.8913813782364501,0.564993936861046,Normal,0.13855006111982066
17997,74,8,1970.6699999999998,4.31748811353631,2.1972245773362196,7.586636178360023,2,0.864516762989608,0.38622678755967405,Normal,0.12858136309786866
17998,380,3,639.24,5.942799375126701,1.3862943611198906,6.461843106058791,2,-0.7690545322945346,0.6491533284261313,Normal,0.14623196022620377
17999,37,3,730.9,3.6375861597263857,1.3862943611198906,6.595643892607181,3,0.034727799760811716,-0.5822602089574265,Normal,0.12892357504341795
18000,564,1,124.25,6.336825731146441,0.6931471805599453,4.830311739964974,1,-2.1350471754733986,0.12437303830793892,Normal,0.13209756083484114
18001,12,6,953.84,2.5649493574615367,1.9459101490553132,6.861543787177443,3,0.924162554119296,-0.8894497668521295,Normal,0.09937945745241761
18002,376,4,249.92,5.932245187448011,1.6094379124341003,5.525134163228542,1,-1.003014627354012,0.44460963360534594,Normal,0.07573633604193852
18003,376,1,358.61,5.932245187448011,0.6931471805599453,5.885020110887118,1,-1.545286873317977,0.2169456390883625,Normal,0.1566127538248856
18004,362,1,169.47,5.8944028342648505,0.6931471805599453,5.138559328162834,1,-1.8578363006423457,-0.0273773785680776,Normal,0.14374810742232264
18005,4,2,249.72,1.6094379124341003,1.0986122886681098,5.524336778607711,3,0.005135279796748014,-2.126902395674395,Normal,0.011580316933483936
18006,23,4,997.86,3.1780538303479458,1.6094379124341003,6.9066146286878665,3,0.48885005464293035,-0.6609539574381932,Normal,0.1302979763476248
18007,393,1,220.32,5.976350909297934,0.6931471805599453,5.399609618029909,1,-1.7707561918724288,0.09596657414547691,Normal,0.15543994931839605
18008,70,23,19787.13,4.2626798770413155,3.1780538303479458,9.892837541964184,0,2.633766490322947,1.4053687369611265,Anomaly,-0.030985199794929752
18009,235,8,2155.83,5.4638318050256105,2.1972245773362196,7.6763948301168,2,0.5328142750647035,1.0453745566521444,Normal,0.09069275942403537
18010,257,1,174.8,5.552959584921617,0.6931471805599453,5.169346985251076,1,-1.7340089562656686,-0.20648807107805398,Normal,0.13811931144915368
18011,373,2,527.03,5.924255797414532,1.0986122886681098,6.2691531002739875,1,-1.066314202426684,0.4759424971752662,Normal,0.15152059353675296
18012,723,1,115.3,6.584791392385716,0.6931471805599453,4.7561730595246186,1,-2.2475037094869745,0.23894812202389903,Normal,0.08502800223742202
18013,155,2,187.29,5.049856007249537,1.0986122886681098,5.237983327508337,1,-1.2321777617001233,-0.31501994191088817,Normal,0.08812327112745161
18014,28,1,166.42,3.367295829986474,0.6931471805599453,5.12050562523191,3,-1.0483604416072785,-1.4266360945210466,Normal,0.06756347718048328
18015,4,1,120.03,1.6094379124341003,0.6931471805599453,4.7960384487505126,3,-0.6210013834692419,-2.4933306825604067,Anomaly,-0.017554401357627758
18016,32,7,1960.46,3.4965075614664802,2.0794415416798357,7.58144437288496,2,1.0379501022544402,-0.11126119645858244,Normal,0.13960451076384217
18017,81,4,688.0,4.406719247264253,1.6094379124341003,6.535241271013659,2,-0.07011810305021898,-0.09443909895314034,Normal,0.13918402542680292
18018,108,4,297.99,4.6913478822291435,1.6094379124341003,5.700410128015343,1,-0.5254132659159236,-0.18735298641230202,Normal,0.08856776926149629
18019,52,1,38.45,3.970291913552122,0.6931471805599453,3.6750340472918834,1,-1.8723163272510595,-1.5267440766695974,Normal,0.00213040318711466
18020,544,1,190.48000000000002,6.300785794663244,0.6931471805599453,5.254783364524308,1,-1.9387013279339371,0.2315590235053035,Normal,0.14460965627015282
18021,510,2,227.06,6.236369590203704,1.0986122886681098,5.429608752229212,1,-1.5325495068599202,0.3967774759969461,Normal,0.10888673020095374
18022,36,5,1651.79,3.6109179126442243,1.791759469228055,7.410220048008251,3,0.7070295464808585,-0.20471410453690841,Normal,0.13995483112031526
18024,153,2,389.78,5.0369526024136295,1.0986122886681098,5.968144741786365,1,-0.9103077891316554,-0.10356548363570971,Normal,0.1346095926124688
18025,380,6,1177.72,5.942799375126701,1.9459101490553132,7.072184382934504,2,-0.0766699113272425,1.036696131085913,Normal,0.09731094577283472
18026,501,2,2074.07,6.218600119691729,1.0986122886681098,7.637750167035548,2,-0.5660296429919964,1.047976572365917,Normal,0.0767339710850169
18027,99,1,115.31,4.605170185988092,0.6931471805599453,4.7562590403509475,1,-1.6072061134774718,-0.8529085651476941,Normal,0.09519302913908129
18028,583,1,192.05,6.369900982828227,0.6931471805599453,5.262949222710246,1,-1.9575019459688614,0.2721247092618392,Normal,0.13853931689147103
18029,642,1,433.77,6.466144724237619,0.6931471805599453,6.0748171556265245,1,-1.635382062864834,0.5682390924879467,Normal,0.11765823690286453
18030,4,2,230.64999999999998,1.6094379124341003,1.0986122886681098,5.4452276118626575,3,-0.029285492411721563,-2.150583470944174,Normal,0.008305302385455238
18031,379,1,462.09999999999997,5.940171252720432,0.6931471805599453,6.137943013486706,1,-1.4378024158940388,0.29702900934490273,Normal,0.15002449935710166
18032,334,1,73.5,5.814130531825066,0.6931471805599453,4.310799125385514,1,-2.192036557750598,-0.3194398343193313,Normal,0.09312261270578082
18033,65,1,97.97,4.189654742026425,0.6931471805599453,4.5948167739086,1,-1.5430620727143052,-1.13041802373838,Normal,0.0707973856967895
18034,22,3,793.7,3.1354942159291497,1.3862943611198906,6.677964684946134,3,0.23293535587231548,-0.8345522238211406,Normal,0.13032056910869616
18035,36,5,1276.74,3.6109179126442243,1.791759469228055,7.152848171360671,3,0.5950458269771174,-0.2817575501196143,Normal,0.13414228698440217
18036,32,11,1563.6399999999999,3.4965075614664802,2.4849066497880004,7.355411044563965,0,1.248852552229506,-0.030509029793673367,Normal,0.09591833749338446
18037,154,15,167.42,5.043425116919247,2.772588722239781,5.126460859601846,2,-0.001870143510194066,0.2607835013310435,Anomaly,-0.0419906716262477
18038,556,1,149.41,6.322565239927284,0.6931471805599453,5.013364898667122,1,-2.0507876732796277,0.1713038791752107,Normal,0.1444129719067358
18039,374,4,579.17,5.926926025970411,1.6094379124341003,6.363321164042317,2,-0.6365951502009456,0.6925843796923045,Normal,0.12427482393362005
18040,19,2,357.20000000000005,2.995732273553991,1.0986122886681098,5.881091489626612,3,-0.2880021516722981,-1.2554827120597079,Normal,0.0883531996859872
18041,12,38,8752.38,2.5649493574615367,3.6635616461296463,9.077195190476827,0,3.1982658314152412,0.4025193513091823,Normal,0.015941223736567145
18042,54,2,281.15,4.007333185232471,1.0986122886681098,5.642438844415149,3,-0.7190186815026431,-0.7689627124954389,Normal,0.10561357907175328
18043,25,3,875.97,3.258096538021482,1.3862943611198906,6.776472784261436,3,0.2361439651590136,-0.7374414454566093,Normal,0.1323756623724252
18044,4,18,3505.61,1.6094379124341003,2.9444389791664403,8.162405037797205,0,2.560794099564214,-0.6615675091396277,Normal,0.03733128837597122
18045,45,1,189.4,3.828641396489095,0.6931471805599453,5.249127122357265,3,-1.1416075892514477,-1.133673306445819,Normal,0.09234602105040246
18046,650,1,189.63,6.478509642208569,0.6931471805599453,5.250334376525886,1,-1.998117546456774,0.32825282774213443,Normal,0.11831251302962809
18047,381,2,342.69,5.945420608606575,1.0986122886681098,5.839740088291405,1,-1.2599990745907914,0.3590727802189779,Normal,0.14911998878515942
18048,203,3,401.73,5.318119993844216,1.3862943611198906,5.99826636222691,1,-0.7687216572364219,0.16583415234791374,Normal,0.11937488502997218
18049,437,2,556.52,6.082218910376446,1.0986122886681098,6.323498377130264,1,-1.0937576310050923,0.5793369197269465,Normal,0.1525500383628059
18050,359,2,412.06,5.886104031450156,1.0986122886681098,6.0235928608595035,1,-1.1608193647957705,0.3813917900738531,Normal,0.14268727390436026
18051,634,7,2282.28,6.453624998892692,2.0794415416798357,7.733368284651133,2,0.1476454192852763,1.5652482460224577,Normal,0.037568836670675454
18052,565,1,10877.18,6.338594078203183,0.6931471805599453,9.294514227005408,2,-0.1932235105898919,1.4616930826829466,Anomaly,-0.00924490331446437
18053,71,3,571.07,4.276666119016055,1.3862943611198906,6.349261361514645,3,-0.2791692257243113,-0.30352226278579947,Normal,0.13841071404633365
18054,393,1,176.5,5.976350909297934,0.6931471805599453,5.178970608915471,1,-1.8667572671650774,0.029918994613674258,Normal,0.15989957944871308
18055,7,14,11195.57,2.0794415416798357,2.70805020110221,9.323362760379078,0,2.7336259725779866,-0.14132935485052792,Normal,0.06211384499065542
18056,288,2,554.6,5.666426688112432,1.0986122886681098,6.320048610880189,1,-0.9607807897700942,0.34896934900528426,Normal,0.1443995345661171
18057,393,3,1203.56,5.976350909297934,1.3862943611198906,7.093869634014788,2,-0.5049082291410969,0.8568541693747026,Normal,0.13752205683147756
18058,10,3,774.06,2.3978952727983707,1.3862943611198906,6.6529404457114625,3,0.4606055752075127,-1.248874173736541,Normal,0.10539479365607729
18059,23,3,306.46,3.1780538303479458,1.3862943611198906,5.728344997484453,3,-0.19401352571814107,-1.0953435949170083,Normal,0.07387381817410865
18060,408,2,1185.46,6.013715156042802,1.0986122886681098,7.078729362707452,2,-0.7429971928748184,0.7676288732794121,Normal,0.1274926242770757
18061,22,28,6488.97,3.1354942159291497,3.367295829986474,8.778013187191304,0,2.6575978347480076,0.5192069070335453,Normal,0.042935550909550035
18062,173,6,1632.67,5.159055299214529,1.9459101490553132,7.3985842966392745,2,0.31883113474813773,0.7021200049863437,Normal,0.11914526702578321
18063,391,2,186.60000000000002,5.971261839790462,1.0986122886681098,5.234312036572124,1,-1.5317813961044415,0.19209285804379334,Normal,0.11118638453386825
18064,133,11,4495.03,4.897839799950911,2.4849066497880004,8.41095006414913,2,1.2548958403040675,1.0583838058041737,Normal,0.08376974350033922
18065,6,29,5866.63,1.9459101490553132,3.4011973816621555,8.677206083423497,0,3.0243350461001106,-0.15468873530762842,Normal,0.02410885404036034
18066,75,3,1440.4,4.330733340286331,1.3862943611198906,7.27337014249034,2,0.10542814718278293,0.0029281223864576532,Normal,0.14837711133649284
18067,40,1,396.33,3.713572066704308,0.6931471805599453,5.98476716966025,3,-0.7843107615344254,-0.9769296062553379,Normal,0.1058055914960424
18068,289,1,101.69999999999999,5.66988092298052,0.6931471805599453,4.631812116934513,1,-2.005708271537238,-0.3029081254215092,Normal,0.10928388915260695
18069,26,11,4540.56,3.295836866004329,2.4849066497880004,8.421025844348996,0,1.7774086271836447,0.1777971543053618,Normal,0.11771031125458914
18070,669,1,314.1,6.507277712385012,0.6931471805599453,5.752890048763229,1,-1.7887575295880338,0.49455860982626254,Normal,0.12145190476081924
18071,258,6,1428.63,5.556828061699537,1.9459101490553132,7.265170948515917,2,0.13213246049999328,0.8815792050287321,Normal,0.10842306142616825
18072,186,1,247.44,5.231108616854587,0.6931471805599453,5.515201367691102,1,-1.4794312365451903,-0.2804782062160884,Normal,0.13096824932657208
18073,114,12,3877.5200000000004,4.74493212836325,2.5649493574615367,8.263208916550349,2,1.3011162682754887,0.9591184664889154,Normal,0.08365411084590463
18074,374,2,1509.04,5.926926025970411,1.0986122886681098,7.31989141952434,2,-0.6099966157069648,0.7919504368051826,Normal,0.10692627118351478
18075,23,20,5783.29,3.1780538303479458,3.044522437723423,8.662900900894304,0,2.3475659043426824,0.3900762129861729,Normal,0.07783299097585722
18076,380,1,151.49,5.942799375126701,0.6931471805599453,5.027099020126921,1,-1.9219858877556686,-0.034049005711953,Normal,0.15085490646662608
18077,8,18,4338.56,2.1972245773362196,2.9444389791664403,8.37552823946642,0,2.4634197541196787,-0.27356939162990457,Normal,0.07336436864692586
18078,217,4,844.6,5.384495062789089,1.6094379124341003,6.740046434556028,2,-0.2972441429687443,0.5061719593244128,Normal,0.1383824248624863
18079,45,5,4242.75,3.828641396489095,1.791759469228055,8.353202591307006,2,1.0469083568931357,0.19765254005152028,Normal,0.10317670774485194
18080,19,2,1231.5,2.995732273553991,1.0986122886681098,7.116799905916845,3,0.24966041846057008,-0.8855773620011613,Normal,0.10519272837634203
18081,36,3,343.45,3.6109179126442243,1.3862943611198906,5.841948942039205,3,-0.2845832401911431,-0.8225855471797595,Normal,0.08853763934952563
18082,26,1,703.37,3.295836866004329,0.6931471805599453,6.557303786277275,3,-0.4000911148442383,-1.0359491728173071,Normal,0.07331138415385119
18083,398,1,470.72999999999996,5.988961416889864,0.6931471805599453,6.156406788013439,1,-1.445548728703649,0.32946684687720307,Normal,0.1533628611030698
18084,16,3,812.93,2.833213344056216,1.3862943611198906,6.701874367218756,3,0.3411039453044609,-0.9941213646103906,Normal,0.12623334610485926
18085,330,4,1645.75,5.802118375377063,1.6094379124341003,7.406558927520802,2,-0.14231148061126475,0.9360351886129261,Normal,0.12524843643813072
18086,274,1,101.34,5.616771097666572,0.6931471805599453,4.628300603376946,1,-1.9900590703199013,-0.3332526094729553,Normal,0.10968506877826856
18087,98,17,14761.519999999999,4.59511985013459,2.8903717578961645,9.599846815288782,0,2.17934843556613,1.3957221465568588,Normal,0.01026076808424392
18088,61,1,167.67000000000002,4.127134385045092,0.6931471805599453,5.127944143269923,1,-1.2908751512517576,-1.0053118647957948,Normal,0.09875689027631018
18089,447,1,428.45,6.104793232414985,0.6931471805599453,6.062505320212233,1,-1.5238686759447815,0.36524608927471813,Normal,0.15494123689282507
18090,422,1,349.4,6.0473721790462776,0.6931471805599453,5.859075359062237,1,-1.5938105742661712,0.2726787528030107,Normal,0.17002692836882238
18091,593,1,360.85,6.386879319362645,0.6931471805599453,5.891229761312137,1,-1.6896253440175626,0.46956306605586895,Normal,0.14165103590876138
18092,2,18,16179.44,1.0986122886681098,2.9444389791664403,9.691558384309479,0,3.391350031398031,-0.4855720003761647,Anomaly,-0.015345586997227989
18093,93,8,4452.71,4.543294782270004,2.1972245773362196,8.401492735684092,2,1.1460330426037566,0.7546977011763102,Normal,0.10719182237376212
18094,82,13,6391.52,4.418840607796598,2.6390573296152584,8.762883835826853,0,1.6805161191260665,0.9559612203737354,Normal,0.07561193682823297
18095,313,5,2303.09,5.749392985908253,1.791759469228055,7.742441083552863,2,0.1599428953886255,1.074235265534789,Normal,0.1188173672121926
18096,12,6,1805.28,2.5649493574615367,1.9459101490553132,7.4990247607193545,3,1.2015335375381258,-0.6986218825672507,Normal,0.11769220309611939
18097,8,11,4663.32,2.1972245773362196,2.4849066497880004,8.447697336311375,0,2.144332862913716,-0.42017083070392114,Normal,0.09313590798048432
18098,396,1,550.84,5.983936280687191,0.6931471805599453,6.313258149188531,1,-1.3756767026853367,0.37364812803604475,Normal,0.14381338890244655
18099,127,1,168.31,4.852030263919617,0.6931471805599453,5.131731354140141,1,-1.5236772057284091,-0.6043536696907342,Normal,0.11174789366509918
18100,550,1,451.56,6.311734809152915,0.6931471805599453,6.1149203510349,1,-1.5679928529459,0.49507732350518047,Normal,0.14293899448075525
18101,11,5,629.16,2.4849066497880004,1.791759469228055,6.445973755395069,3,0.6516623022596492,-1.1144223628632324,Normal,0.0822869982191533
18102,1,145,608821.65,0.6931471805599453,4.983606621708336,13.319282289173948,0,6.656212775512676,1.1231438727222072,Anomaly,-0.17595938616870344
18103,549,1,105.8,6.309918278226516,0.6931471805599453,4.6709579265260945,1,-2.19568021335473,0.06182987605974755,Normal,0.12023683193741758
18104,37,1,754.64,3.6375861597263857,0.6931471805599453,6.627565072288651,3,-0.4800505692525379,-0.8264210011400426,Normal,0.08356204988079724
18105,38,1,113.48000000000002,3.6635616461296463,0.6931471805599453,4.740400135248196,1,-1.3095660868151493,-1.3770106979292933,Normal,0.06737614886421017
18106,330,6,1461.46,5.802118375377063,1.9459101490553132,7.287875228304632,2,0.06267803192692019,1.023668300050026,Normal,0.10066420926780612
18107,442,1,167.13,6.093569770045136,0.6931471805599453,5.124737489690837,1,-1.9282659344636122,0.07833787034617169,Normal,0.15381566423207
18108,254,3,848.8100000000001,5.541263545158426,1.3862943611198906,6.745012795086175,2,-0.5159790942075045,0.512447646236716,Normal,0.14785182022482124
18109,2,38,9893.96,1.0986122886681098,3.6635616461296463,9.199780815582816,0,3.725854368929206,-0.36955979954678264,Anomaly,-0.022560967840072332
18110,20,2,435.43,3.044522437723423,1.0986122886681098,6.078627995867447,3,-0.21783307286940648,-1.1694400267838707,Normal,0.09956914820245277
18111,589,1,405.85,6.380122536899765,0.6931471805599453,6.008444567142666,1,-1.6364393117573262,0.5009241624887915,Normal,0.14020957707691117
18112,12,4,775.96,2.5649493574615367,1.6094379124341003,6.655388868991024,3,0.5778342244227578,-1.0743222762724323,Normal,0.11548349361553883
18113,369,1,152.64000000000001,5.91350300563827,0.6931471805599453,5.034612203477704,1,-1.9092416701718589,-0.04795870171116605,Normal,0.146752298953451
18114,290,1,220.1,5.673323267171493,0.6931471805599453,5.3986150878634005,1,-1.6731820183138697,-0.0714694523045347,Normal,0.13856246377293968
18115,698,1,9.700000000000001,6.54965074223381,0.6931471805599453,2.3702437414678608,1,-3.2742674422730778,-0.4946543871891535,Anomaly,-0.04851394552631083
18116,68,13,2154.3,4.23410650459726,2.6390573296152584,7.675685203985768,0,1.267218596851252,0.5286196176768909,Normal,0.08743792399880113
18117,26,1,320.72,3.295836866004329,0.6931471805599453,5.773681602035868,3,-0.7410488294944634,-1.2705239596797924,Normal,0.08483383894049695
18118,11,29,6733.22,2.4849066497880004,3.4011973816621555,8.814957269220036,0,2.9099459687879476,0.18383624519398145,Normal,0.04334007047272648
18119,368,1,362.24,5.910796644040527,0.6931471805599453,5.8950637728216275,1,-1.5339798204411201,0.20812199080770932,Normal,0.1600449399846905
18120,214,1,111.15,5.3706380281276624,0.6931471805599453,4.719837260966218,1,-1.8706253013291516,-0.4416088779036697,Normal,0.09905772534733065
18121,149,2,673.1,5.0106352940962555,1.0986122886681098,6.513378467859393,1,-0.6645623275649974,0.04513287455303636,Normal,0.13803851651914928
18122,8,6,1826.21,2.1972245773362196,1.9459101490553132,7.510545492301356,3,1.3254778715790692,-0.8979959424233446,Normal,0.10389568989579456
18123,24,3,684.59,3.2188758248682006,1.3862943611198906,6.5302797814129026,3,0.14170920932097225,-0.832771158151879,Normal,0.11705225626732774
18124,472,1,111.53,6.159095388491933,0.6931471805599453,4.723219852761906,1,-2.1241608180500595,-0.005713751529592706,Normal,0.12945340180016812
18125,30,4,1142.99,3.4339872044851463,1.6094379124341003,7.042277430642797,3,0.4651021744832867,-0.47918079104514216,Normal,0.13690850447051967
18126,61,1,206.82999999999998,4.127134385045092,0.6931471805599453,5.336720437830982,1,-1.200035599107645,-0.9428153508079867,Normal,0.09937244169944481
18127,19,4,561.53,2.995732273553991,1.6094379124341003,6.332444465989737,3,0.29799336385744574,-0.9333914665714205,Normal,0.10347775462767922
18128,537,1,420.04,6.2878585601617845,0.6931471805599453,6.042727841045523,1,-1.5916819648586922,0.4602975125642549,Normal,0.1441787038210871
18129,243,1,112.55000000000001,5.497168225293202,0.6931471805599453,4.732243268551567,1,-1.9061504943204202,-0.36810602062844,Normal,0.10635863290237912
18130,15,3,1059.39,2.772588722239781,1.3862943611198906,6.966392043966783,3,0.47580439115094314,-0.9483770412750283,Normal,0.11987465713889567
18131,632,1,222.95999999999998,6.450470422144176,0.6931471805599453,5.411467464480692,1,-1.9189391769024184,0.3610221523053299,Normal,0.12162336334701535
18132,504,1,226.9,6.22455842927536,0.6931471805599453,5.4289069362516384,1,-1.8382854574849259,0.24163829213854457,Normal,0.14916674126920149
18133,212,1,931.4999999999999,5.3612921657094255,0.6931471805599453,6.83786915151797,1,-0.9460369277339052,0.18726235760816273,Normal,0.09159857582300318
18134,598,2,445.0,6.395261598115449,1.0986122886681098,6.100318952020064,1,-1.2921100738139089,0.6851911033243063,Normal,0.11960659252737943
18135,29,10,1249.6200000000001,3.4011973816621555,2.3978952727983707,7.131394707329006,0,1.11584364983,-0.18198623763482022,Normal,0.08831321439146672
18136,63,5,1631.3600000000001,4.1588830833596715,1.791759469228055,7.397782099433339,2,0.524391769712218,0.093799011602799,Normal,0.15266255969679976
18137,551,2,145.99,6.313548046277095,1.0986122886681098,4.990364557253896,1,-1.7486282201479804,0.3078597841503323,Normal,0.08137663831614378
18138,295,1,152.65,5.69035945432406,0.6931471805599453,5.034677288576494,1,-1.837043013365427,-0.17101656359467077,Normal,0.1358795684517401
18139,18,6,8438.34,2.9444389791664403,1.9459101490553132,9.040659385480165,0,1.7495693860511945,-0.02782671837839752,Normal,0.07900110006154909
18140,474,1,536.41,6.163314804034641,0.6931471805599453,6.286761304121399,1,-1.445221212507206,0.46465463211161667,Normal,0.1382934505332179
18141,402,2,882.47,5.998936561946683,1.0986122886681098,6.783857335325853,1,-0.8665176294063555,0.6712085774650334,Normal,0.14549889060634363
18142,157,2,1019.52,5.062595033026967,1.0986122886681098,6.928067580294015,2,-0.500934245485179,0.197927710573731,Normal,0.13077284255926064
18143,117,2,1000.16,4.770684624465665,1.0986122886681098,6.908914606701983,2,-0.4148564944382011,0.031187848020082405,Normal,0.13412055278441748
18144,8,19,5058.0,2.1972245773362196,2.995732273553991,8.528924114291936,0,2.569284720835857,-0.20887567527510703,Normal,0.0663765990441858
18145,13,11,5617.79,2.6390573296152584,2.4849066497880004,8.633871617215725,0,2.0824381471402145,-0.12074231441762677,Normal,0.10444158621575406
18146,141,2,160.35000000000002,4.955827057601261,1.0986122886681098,5.083575918497971,1,-1.2689497849910962,-0.4131040331487094,Normal,0.07977075773262737
18147,46,2,179.33999999999997,3.8501476017100584,1.0986122886681098,5.19484395807176,3,-0.8629314888808459,-0.9896462888967439,Normal,0.0693200442490215
18148,647,1,114.10000000000001,6.473890696352274,0.6931471805599453,4.745801315727837,1,-2.2161483795618238,0.1746748428856608,Normal,0.09729926695484542
18149,51,7,1624.71,3.9512437185814275,2.0794415416798357,7.393699922417667,2,0.8091882883425897,0.08335296579483793,Normal,0.13795859970557006
18150,32,3,566.58,3.4965075614664802,1.3862943611198906,6.341381708583334,3,-0.030274446867152482,-0.7361862716020032,Normal,0.11982648057332335
18151,135,6,1879.44,4.912654885736052,1.9459101490553132,7.539261070993501,2,0.4597324665850623,0.6083262162915194,Normal,0.13097272284706135
18152,646,1,426.69,6.472346294500901,0.6931471805599453,6.058398634085082,1,-1.6445315857693628,0.5667448068289945,Normal,0.11821515722415138
18153,659,1,246.22,6.492239835020471,0.6931471805599453,5.510278628459677,1,-1.8894552702225973,0.41363934846611816,Normal,0.1201958300511955
18154,3,5,932.6,1.3862943611198906,1.791759469228055,6.839048080972346,3,1.1780101419955713,-1.6027088351110703,Normal,0.034588142039365444
18155,75,3,371.62,4.330733340286331,1.3862943611198906,5.920559133592207,3,-0.48318631425451225,-0.4020315130846877,Normal,0.11952428843820762
18156,13,2,941.1700000000001,2.6390573296152584,1.0986122886681098,6.848185725385432,3,0.2481429287725824,-1.1627142471835907,Normal,0.08700484375777945
18157,571,1,215.35,6.349138991379798,0.6931471805599453,5.3768974666708935,1,-1.9012075670291495,0.2947832397513674,Normal,0.14557757781894975
18158,9,2,453.4,2.302585092994046,1.0986122886681098,6.118977867406942,3,0.03968488108849655,-1.5665853407499815,Normal,0.06497316237845208
18159,301,1,530.15,5.71042701737487,0.6931471805599453,6.275044467226023,1,-1.303843757429731,0.21135186298280398,Normal,0.12693172907340738
18160,57,3,1003.88,4.060443010546419,1.3862943611198906,6.912623410378997,3,0.03588435294850594,-0.25414193733731183,Normal,0.14482799387391593
18161,15,6,1803.1000000000001,2.772588722239781,1.9459101490553132,7.497817131458757,3,1.1338522052714108,-0.5844575467310197,Normal,0.12379831302139999
18162,732,1,379.16,6.597145701886651,0.6931471805599453,5.940592216734226,1,-1.736153038318796,0.6003143557999313,Normal,0.1053154027933137
18163,584,1,728.84,6.371611847231857,0.6931471805599453,6.5928253320372185,1,-1.3794199050467266,0.671162502701895,Normal,0.11211745494126896
18164,37,1,399.65000000000003,3.6375861597263857,0.6931471805599453,5.99308822822408,3,-0.7561144417425231,-1.0163496089036266,Normal,0.10000979536223426
18165,177,1,302.46000000000004,5.181783550292085,0.6931471805599453,5.715249806097095,1,-1.3764362263799932,-0.2478001452841262,Normal,0.13547323244465648
18166,624,1,175.5,6.437751649736401,0.6931471805599453,5.173320876373351,1,-2.018444305876471,0.28271855265956,Normal,0.12628003682392303
18167,23,3,1384.8600000000001,3.1780538303479458,1.3862943611198906,7.234076164546975,3,0.46113721902021326,-0.6446078006926307,Normal,0.13177661199438273
18168,176,16,3770.27,5.176149732573829,2.833213344056216,8.235167093740614,2,1.3540548423264167,1.286761247453214,Normal,0.04298002781726196
18169,61,1,202.65,4.127134385045092,0.6931471805599453,5.316402834094422,1,-1.2088758844855945,-0.9488973603042768,Normal,0.09787919203196116
18170,33,9,2878.0,3.5263605246161616,2.302585092994046,7.965198290612176,0,1.3654609292752797,0.10175844997880251,Normal,0.12607023246821947
18171,59,9,2437.31,4.0943445622221,2.302585092994046,7.799060455362338,2,1.1094729915214383,0.3653036301729273,Normal,0.13385895263635833
18172,15,52,17479.84,2.772588722239781,3.970291913552122,9.768860702974834,0,3.6660018528941474,0.8363671264716384,Anomaly,-0.039805216589176684
18173,87,5,2696.36,4.477336814478207,1.791759469228055,7.9000287958781215,2,0.6399255897507664,0.41979169946387657,Normal,0.1349231263049745
18174,7,2,162.5,2.0794415416798357,1.0986122886681098,5.096812990337308,3,-0.3328935482532087,-1.9956444623250231,Normal,0.013358993742041969
18175,676,1,176.1,6.517671272912275,0.6931471805599453,5.176714544788788,1,-2.0428157571517382,0.32781500682483894,Normal,0.11044369278628474
18176,358,1,476.35,5.883322388488279,0.6931471805599453,6.168249974444042,1,-1.40622933571479,0.2747456680171163,Normal,0.14004540092783202
18177,31,9,2216.87,3.4657359027997265,2.302585092994046,7.7043025548310125,0,1.27155151697188,-0.00977804611291416,Normal,0.12911309789033942
18178,129,11,6103.74,4.867534450455582,2.4849066497880004,8.71682079759532,2,1.3977831675175694,1.1332299709317717,Normal,0.08075194996143681
18179,9,8,2547.55,2.302585092994046,2.1972245773362196,7.84327984897159,0,1.6278548640196842,-0.6482902611587478,Normal,0.10965483530153303
18180,5,6,1843.75,1.791759469228055,1.9459101490553132,7.520099045938476,3,1.4607724655937078,-1.1187749746533167,Normal,0.07634132692231876
18181,24,5,1205.94,3.2188758248682006,1.791759469228055,7.095843509837092,3,0.6970392786505906,-0.5150569521251955,Normal,0.1306681464683892
18182,463,1,291.13,6.139884552226255,0.6931471805599453,5.677198908673179,1,-1.7028667473393329,0.2692608647116857,Normal,0.15791634452778353
18183,227,2,632.07,5.429345628954441,1.0986122886681098,6.450581000548326,1,-0.8273074454426428,0.25727906638555426,Normal,0.13727772946315092
18184,15,1,49.8,2.772588722239781,0.6931471805599453,3.927896354584436,3,-1.374926864026474,-2.1116572728043765,Anomaly,-0.011933890999659247
18185,249,1,304.25,5.521460917862246,0.6931471805599453,5.721131112990814,1,-1.4837375999026954,-0.05868670807408059,Normal,0.1493033313279955
18186,723,1,329.58,6.584791392385716,0.6931471805599453,5.800848687489207,1,-1.7929604081045512,0.5516684197620922,Normal,0.1092816518012592
18187,632,1,724.89,6.450470422144176,0.6931471805599453,6.587398488193701,1,-1.4072860327030572,0.7130333316716927,Normal,0.09513997606110547
18188,15,6,3280.59,2.772588722239781,1.9459101490553132,8.09608334001947,0,1.3941606591735727,-0.40536847653578,Normal,0.10496953467850045
18189,78,3,1403.73,4.3694478524670215,1.3862943611198906,7.2476003924821635,2,0.08169434269826359,0.01656745665460237,Normal,0.14469598742168016
18190,192,5,745.62,5.262690188904886,1.791759469228055,6.6155563542277696,2,-0.17295782807023607,0.468459514742605,Normal,0.11323728334748756
18191,262,2,529.4,5.572154032177765,1.0986122886681098,6.273631438871653,1,-0.950486929879912,0.2830773698097629,Normal,0.14532912732301984
18192,72,1,957.97,4.290459441148391,0.6931471805599453,6.865859791808101,3,-0.5875233466478805,-0.39498861238153615,Normal,0.0888607646138912
18193,165,3,1207.35,5.111987788356544,1.3862943611198906,7.09701107162899,2,-0.2239842099015035,0.381045311092446,Normal,0.133154251007852
18194,82,6,4162.04,4.418840607796598,1.9459101490553132,8.334000855604256,2,0.9652396830316986,0.5738601812601526,Normal,0.1126944456567735
18195,387,1,101.16,5.961005339623274,0.6931471805599453,4.626540211724284,1,-2.102159192837025,-0.14391329469435227,Normal,0.12351660676042348
18196,95,4,1464.31,4.564348191467836,1.6094379124341003,7.289822103161742,2,0.20722234553137764,0.2183842760518796,Normal,0.13546868247994698
18197,576,1,230.1,6.3578422665081,0.6931471805599453,5.442850517280335,1,-1.8753259451278637,0.319326463515307,Normal,0.1432573732872735
18198,4,17,5425.56,1.6094379124341003,2.8903717578961645,8.599060694675584,0,2.709547651715599,-0.5506465474557679,Normal,0.04527855294319705
18199,684,1,344.75,6.529418838262226,0.6931471805599453,5.845715970544868,1,-1.7555295394782073,0.534557939649693,Normal,0.11480150974009984
18200,106,1,163.8,4.672828834461906,0.6931471805599453,5.1047326174753715,1,-1.4774661529606605,-0.7112762264008536,Normal,0.10896564318716662
18201,723,1,447.53000000000003,6.584791392385716,0.6931471805599453,6.105975568893946,1,-1.6601982604085637,0.6430071728128629,Normal,0.10103948330723439
18202,200,3,1396.99,5.303304908059076,1.3862943611198906,7.242790769692349,2,-0.22243162961568336,0.530207113262383,Normal,0.12979973108081078
18203,157,4,504.42,5.062595033026967,1.6094379124341003,6.2253897667868685,2,-0.4170629789403843,0.1745635414368895,Normal,0.12108701269421973
18204,71,3,1993.7,4.276666119016055,1.3862943611198906,7.598248942076519,2,0.26427117152164004,0.07035816249569697,Normal,0.13369833750232574
18205,36,2,517.36,3.6109179126442243,1.0986122886681098,6.2506699815672135,3,-0.3261635909232711,-0.805537991808555,Normal,0.1162796588440359
18206,553,1,314.65999999999997,6.317164686747284,0.6931471805599453,5.754665684970771,1,-1.726497521646174,0.39023115526331104,Normal,0.1528081349030634
18207,499,1,544.47,6.214608098422191,0.6931471805599453,6.301647808343773,1,-1.4553335889312662,0.4974022549855923,Normal,0.13593822765197672
18208,566,1,360.08,6.340359303727752,0.6931471805599453,5.889099540429954,1,-1.6755064490100764,0.44326675145930144,Normal,0.14793643148568314
18209,29,1,139.10000000000002,3.4011973816621555,0.6931471805599453,4.942356453342962,3,-1.1368386178203707,-1.4612656940366997,Normal,0.06506464195788453
18210,2,7,2768.83,1.0986122886681098,2.0794415416798357,7.9265412254569005,0,1.963644101361689,-1.33054376943977,Normal,0.03771925025884637
18211,26,5,600.07,3.295836866004329,1.791759469228055,6.3987114002985646,3,0.3688226328811449,-0.6812924815121696,Normal,0.09972849705990589
18212,326,2,546.72,5.7899601708972535,1.0986122886681098,6.3057642074640325,1,-1.0069498925290612,0.4128296457264945,Normal,0.1446960279496874
18213,237,1,232.48000000000002,5.472270673671475,0.6931471805599453,5.453096420335591,1,-1.5844513765661594,-0.16605346793562764,Normal,0.1303037336596624
18214,531,4,1780.34,6.2766434893416445,1.6094379124341003,7.485121169056339,2,-0.2616022499764162,1.2212822273184571,Normal,0.10312283344890794
18215,89,5,2247.4900000000002,4.499809670330265,1.791759469228055,7.7180141587914886,2,0.5534618642227758,0.3777013591369522,Normal,0.14689526472384712
18216,31,1,481.75,3.4657359027997265,0.6931471805599453,6.179498921308624,3,-0.6194254952402138,-1.055334115270883,Normal,0.09328108758993486
18217,29,4,945.04,3.4011973816621555,1.6094379124341003,6.852284851456062,3,0.393040573911469,-0.554140057054557,Normal,0.13684113038540824
18218,211,4,1142.0,5.356586274672012,1.6094379124341003,7.04141166379481,2,-0.1570922912349718,0.5809912667060045,Normal,0.13530021703333367
18219,3,17,3562.89,1.3862943611198906,2.8903717578961645,8.17860792391686,0,2.598777002667591,-0.799585080399061,Normal,0.023810858556126968
18220,227,6,1921.76,5.429345628954441,1.9459101490553132,7.561516932807789,2,0.30230508124889377,0.8999750497101179,Normal,0.11327144255274763
18221,22,6,1424.94,3.1354942159291497,1.9459101490553132,7.262586524352708,3,0.9141293280832098,-0.45470845225551637,Normal,0.13264317115648105
18222,93,1,443.0,4.543294782270004,0.6931471805599453,6.095824562432225,1,-1.0043427360828179,-0.48604200112246726,Normal,0.12432435389469076
18223,5,26,14000.85,1.791759469228055,3.295836866004329,9.54694474272444,0,3.3722596386992403,-0.017924467333722504,Normal,0.022495715021120244
18224,264,1,158.95000000000002,5.579729825986222,0.6931471805599453,5.074861266395527,1,-1.7837783203439224,-0.22000663921065072,Normal,0.12880966128285626
18225,3,26,13054.26,1.3862943611198906,3.295836866004329,9.47694639667601,0,3.472940825311271,-0.262517105518851,Normal,0.007195864354616166
18226,44,26,11878.88,3.8066624897703196,3.295836866004329,9.38260149185552,0,2.6490818863800345,1.0442224159195763,Normal,0.01819226855510947
18227,218,2,388.75,5.389071729816501,1.0986122886681098,5.965505507937886,1,-1.0253404738821241,0.08985975013503295,Normal,0.1377685211176371
18228,57,2,779.9,4.060443010546419,1.0986122886681098,6.660447100668629,3,-0.2932555569005568,-0.43493188319209874,Normal,0.13686344054438299
18229,12,28,10803.710000000001,2.5649493574615367,3.367295829986474,9.28773742915461,0,3.063910076400007,0.3571007657502537,Normal,0.04077248307835557
18230,9,9,4291.06,2.302585092994046,2.302585092994046,8.364522083149614,0,1.9350089067817906,-0.4536924089052447,Normal,0.10035016930506896
18231,192,28,6880.97,5.262690188904886,3.367295829986474,8.836660227150016,0,1.9951257954826167,1.7100416640984073,Anomaly,-0.013003230061588322
18232,82,4,592.97,4.418840607796598,1.6094379124341003,6.386828813036717,2,-0.13861342306017135,-0.13218021887140152,Normal,0.1274671681604176
18233,326,1,440.0,5.7899601708972535,0.6931471805599453,6.089044875446846,1,-1.4104961168382493,0.19954089061345667,Normal,0.14041431817762445
18234,552,1,179.6,6.315358001522335,0.6931471805599453,5.196284640982885,1,-1.9688674237409853,0.2220850834923783,Normal,0.1475143652461665
18235,72,3,1796.48,4.290459441148391,1.3862943611198906,7.494140962968628,2,0.21451218439656278,0.04680163548678565,Normal,0.14199945130930014
18236,30,12,1795.3500000000001,3.4339872044851463,2.5649493574615367,7.493512107381559,0,1.3902107045728556,0.005645723345590998,Normal,0.0895949400178856
18237,3,5,987.1,1.3862943611198906,1.791759469228055,6.895783907200917,3,1.2026961680406512,-1.585725147547506,Normal,0.035913269617028454
18238,515,1,270.92,6.246106765481563,0.6931471805599453,5.605507905387861,1,-1.7684148251114065,0.30638845378797147,Normal,0.15645656408218306
18239,219,6,2150.36,5.393627546352362,1.9459101490553132,7.673855479280672,2,0.3627362560287491,0.9139025214987736,Normal,0.11560847271656882
18240,46,1,422.58,3.8501476017100584,0.6931471805599453,6.0487423982594555,3,-0.800646862282887,-0.8824490486199661,Normal,0.10906468367845457
18241,10,21,2986.9900000000002,2.3978952727983707,3.091042453358316,8.002356199526893,0,2.3479641261688102,-0.22093301911223562,Normal,0.060160949009331555
18242,72,8,3605.21,4.290459441148391,2.1972245773362196,8.190412638340476,2,1.135964518023828,0.5520573644447593,Normal,0.11852817932129078
18243,414,1,515.78,6.028278520230698,0.6931471805599453,6.247617252029137,1,-1.4185787827940697,0.3784561988787398,Normal,0.1505135470816632
18244,431,2,568.64,6.068425588244111,1.0986122886681098,6.345004582351227,1,-1.079939065957021,0.5781668707230228,Normal,0.15575324684168534
18245,7,20,6324.9800000000005,2.0794415416798357,3.044522437723423,8.752420242305112,0,2.741835536297545,-0.18907846991706737,Normal,0.06083436799123487
18246,24,3,758.8199999999999,3.2188758248682006,1.3862943611198906,6.633081563123593,3,0.18643875023867837,-0.801997774601982,Normal,0.12335860315117209
18247,415,3,839.73,6.030685260261263,1.3862943611198906,6.7342705620531635,2,-0.6789446046117172,0.7791780655162323,Normal,0.15339353264491934
18248,123,2,804.02,4.820281565605037,1.0986122886681098,6.690867121830435,2,-0.5257709059578916,-0.006728214235219954,Normal,0.13850268011924266
18249,17,1,95.34,2.8903717578961645,0.6931471805599453,4.567883601202075,3,-1.1345594388574565,-1.8551145806908926,Normal,0.020311773249446885
18250,310,1,349.27,5.739792912179234,0.6931471805599453,5.858704285656805,1,-1.4944930197421422,0.10291885612317954,Normal,0.14885399823781664
18251,87,9,26278.86,4.477336814478207,2.302585092994046,10.176558145339303,0,2.0200639684098016,1.2882436367699759,Normal,0.004185472250869959
18252,51,7,1542.09,3.9512437185814275,2.0794415416798357,7.341542178594752,2,0.7864942075817334,0.06773971251215731,Normal,0.13500860636062956
18253,643,1,317.88,6.467698726104354,0.6931471805599453,5.7648148564644845,1,-1.7707681318544626,0.47629802604612814,Normal,0.12886221199422188
18254,581,1,267.9,6.366470447731438,0.6931471805599453,5.5943395632748185,1,-1.8122029202211674,0.36943319419301973,Normal,0.14853246781665813
18255,89,2,303.15,4.499809670330265,1.0986122886681098,5.717521000766714,1,-0.8456295854335184,-0.47485614471511006,Normal,0.12277677916678831
18256,388,1,110.7,5.963579343618446,0.6931471805599453,4.715816706075155,1,-2.064147067149002,-0.11576894156157833,Normal,0.13332971105501312
18257,39,12,4600.15,3.6888794541139363,2.5649493574615367,8.434061551232393,0,1.717009531378054,0.42778487980373264,Normal,0.11288933916430566
18258,464,6,2059.67,6.142037405587356,1.9459101490553132,7.630786451622126,2,0.1019418074800057,1.3138038532509604,Normal,0.08848006000069442
18259,25,7,4318.200000000001,3.258096538021482,2.0794415416798357,8.370825478904077,0,1.4585217803540662,-0.00646078635189439,Normal,0.10777475664308567
18260,173,23,9962.11,5.159055299214529,3.1780538303479458,9.206644550835057,0,2.045289915139246,1.6943650501877934,Anomaly,-0.009214183216426308
18261,43,2,324.24,3.784189633918261,1.0986122886681098,5.784563371339637,3,-0.5850092903864544,-0.8494955362187161,Normal,0.11255490291539755
18262,140,3,577.54,4.948759890378168,1.3862943611198906,6.360507688582179,2,-0.49164822996161783,0.07054519631674291,Normal,0.13738212246329096
18263,26,3,1213.1599999999999,3.295836866004329,1.3862943611198906,7.10180775865179,3,0.3654925611962168,-0.6192373606344033,Normal,0.13543338817143719
18264,499,1,603.25,6.214608098422191,0.6931471805599453,6.4039880195835925,1,-1.4108048795061634,0.5280374688958288,Normal,0.1309456722560176
18265,72,2,801.51,4.290459441148391,1.0986122886681098,6.687744315985722,3,-0.3557716126588729,-0.29989239029959963,Normal,0.13882505368754738
18266,434,1,251.1,6.075346031088684,0.6931471805599453,5.529825834193874,1,-1.7461160581093793,0.18954825772471068,Normal,0.1635655688988063
18267,673,1,269.37,6.513230110912307,0.6931471805599453,5.599791391268202,1,-1.8572966368830603,0.4520121304781937,Normal,0.11743071694749269
18268,134,6,1490.23,4.90527477843843,1.9459101490553132,7.307356561754713,2,0.36121663462749193,0.5348357639416106,Normal,0.12705012414266248
18269,366,1,337.2,5.905361848054571,0.6931471805599453,5.82363743646448,1,-1.563300004672602,0.183743123084751,Normal,0.15805770074095593
18270,38,3,444.55,3.6635616461296463,1.3862943611198906,6.099309474058729,3,-0.18963078811394388,-0.7165092520515111,Normal,0.10648852719164342
18271,610,2,680.85,6.415096959171596,1.0986122886681098,6.524809692303843,1,-1.1138274108153001,0.8232014619125876,Normal,0.11411660712936295
18272,3,9,4385.9800000000005,1.3862943611198906,2.302585092994046,8.386396342231729,0,2.2408783841026043,-0.9525349172240818,Normal,0.05205877093928346
18273,2,4,357.0,1.0986122886681098,1.6094379124341003,5.8805329864007,3,0.7149417219026103,-2.1150476633158055,Anomaly,-0.026913492425543528
18274,30,1,175.92,3.4339872044851463,0.6931471805599453,5.1756976530001255,3,-1.0459158276777836,-1.3733301575590395,Normal,0.07812370293573978
18275,578,2,741.85,6.361302477572996,1.0986122886681098,6.610494140083362,1,-1.0591471900338847,0.8191798728287286,Normal,0.11700760651500924
18276,44,6,1656.52,3.8066624897703196,1.9459101490553132,7.413077788352227,2,0.7625357833742155,-0.039468936609329264,Normal,0.13965980968294023
18277,58,5,1180.05,4.07753744390572,1.791759469228055,7.074159152303717,2,0.40989115904640644,-0.04794358517397049,Normal,0.14208055066732767
18278,74,2,414.20000000000005,4.31748811353631,1.0986122886681098,6.028760331851679,3,-0.6512404222847615,-0.48224916242515115,Normal,0.12547680813051576
18279,519,1,231.33999999999997,6.253828811575473,0.6931471805599453,5.448201816085328,1,-1.8393569551982039,0.2635585623202095,Normal,0.15173630884819106
18280,278,2,488.15000000000003,5.631211781821365,1.0986122886681098,6.1926691909034375,1,-1.0048147748620733,0.2914155491672428,Normal,0.14717547490109845
18281,181,2,201.14,5.204006687076795,1.0986122886681098,5.3089605266465165,1,-1.2511515238236406,-0.2087495973178465,Normal,0.09475817533551517
18282,8,2,178.05,2.1972245773362196,1.0986122886681098,5.187665096444442,3,-0.3314574171539774,-1.9034836128065795,Normal,0.020473987335203003
18283,4,22,2736.65,1.6094379124341003,3.1354942159291497,7.91485516714414,0,2.598802932320789,-0.6657378192085406,Normal,0.026775401239649166
18284,432,1,461.68,6.07073772800249,0.6931471805599453,6.137035670427201,1,-1.480425746340628,0.36877281257862926,Normal,0.15352617011918956
18285,661,1,427.0,6.495265555937008,0.6931471805599453,6.059123195581797,1,-1.651629001623392,0.5796030793798443,Normal,0.11079438499564098
18286,477,2,1296.43,6.169610732491456,1.0986122886681098,7.168140663681035,2,-0.7545145344408896,0.8803798245477031,Normal,0.10209956870689207
18287,43,7,4182.99,3.784189633918261,2.0794415416798357,8.339020615684541,0,1.2745313565427232,0.2741911162309305,Normal,0.11657157143659541
